pl_name,hostname,default_flag,sy_snum,sy_pnum,discoverymethod,disc_year,disc_facility,soltype,pl_controv_flag,pl_refname,pl_orbper,pl_orbpererr1,pl_orbpererr2,pl_orbperlim,pl_orbsmax,pl_orbsmaxerr1,pl_orbsmaxerr2,pl_orbsmaxlim,pl_rade,pl_radeerr1,pl_radeerr2,pl_radelim,pl_radj,pl_radjerr1,pl_radjerr2,pl_radjlim,pl_massj,pl_massjerr1,pl_massjerr2,pl_massjlim,pl_dens,pl_denserr1,pl_denserr2,pl_denslim,pl_orbeccen,pl_orbeccenerr1,pl_orbeccenerr2,pl_orbeccenlim,pl_eqt,pl_eqterr1,pl_eqterr2,pl_eqtlim,pl_orbincl,pl_orbinclerr1,pl_orbinclerr2,pl_orbincllim,ttv_flag,pl_ratdor,pl_ratdorerr1,pl_ratdorerr2,pl_ratdorlim,pl_rvamp,pl_rvamperr1,pl_rvamperr2,pl_rvamplim,st_refname,st_spectype,st_teff,st_tefferr1,st_tefferr2,st_tefflim,st_rad,st_raderr1,st_raderr2,st_radlim,st_mass,st_masserr1,st_masserr2,st_masslim,st_met,st_meterr1,st_meterr2,st_metlim,st_metratio,st_logg,st_loggerr1,st_loggerr2,st_logglim,st_age,st_ageerr1,st_ageerr2,st_agelim,st_dens,st_denserr1,st_denserr2,st_denslim,st_vsin,st_vsinerr1,st_vsinerr2,st_vsinlim,Mass_Ratio_q,Mass_Ratio_q_err1,Mass_Ratio_q_err2,a_over_Rs,a_over_Rs_err1,a_over_Rs_err2,Hill_Radius_AU,Hill_Radius_AU_err1,Hill_Radius_AU_err2,v_esc_over_v_orb,v_esc_over_v_orb_err1,v_esc_over_v_orb_err2,Safronov_Number,Safronov_Number_err1,Safronov_Number_err2,log_g_p_cgs,log_g_p_cgs_err1,log_g_p_cgs_err2,pl_type,GMM_cluster_final,first_gmm_max_probs,GMM_2nd_cluster,GMM_2nd_prob
CoRoT-10 b,CoRoT-10,1,1,1,Transit,2010,CoRoT,Published Confirmed,0,<a refstr=BONOMO_ET_AL__2010 href=https://ui.adsabs.harvard.edu/abs/2010A%26A...520A..65B/abstract target=ref> Bonomo et al. 2010 </a>,13.2406,0.0002,-0.0002,0,0.1055,0.0021,-0.0021,0,10.87,0.78,-0.78,0,0.97,0.07,-0.07,0,2.75,0.16,-0.16,0,3.7,0.83,-0.83,0,0.53,0.04,-0.04,0,600,23,-23,0,88.55,0.2,-0.2,0,0,31.33,2.15,-2.15,0,301,10,-10,0,<a refstr=BONOMO_ET_AL__2010 href=https://ui.adsabs.harvard.edu/abs/2010A%26A...520A..65B/abstract target=ref> Bonomo et al. 2010 </a>,K1 V,5075,75,-75,0,0.79,0.05,-0.05,0,0.89,0.05,-0.05,0,0.26,0.07,-0.07,0,[Fe/H],4.65,0.1,-0.1,0,3,,,1,3.32,0.7,-0.7,0,2,0.5,-0.5,0,0.00294852,0.000238471,-0.000238471,28.71672825657793,1.9052820601075324,-1.90528206,0.010489306,0.000624519,-0.000594106,1.1584958703375288,0.1276034719767156,-0.112542464,1.3568862575699135e+76,1.3568862575699135e+76,-1.36E+76,3.859976263661129,0.067583036,-0.067583036,WJ,A2,0.999949631,C,5.029782995786014e-05
CoRoT-11 b,CoRoT-11,1,1,1,Transit,2010,CoRoT,Published Confirmed,0,<a refstr=GANDOLFI_ET_AL__2010 href=https://ui.adsabs.harvard.edu/abs/2010A%26A...524A..55G/abstract target=ref> Gandolfi et al. 2010 </a>,2.99433,1.1e-05,-1.10E-05,0,0.0436,0.005,-0.005,0,16.03,0.34,-0.34,0,1.43,0.03,-0.03,0,2.33,0.34,-0.34,0,0.99,0.15,-0.15,0,0,,,0,1657,55,-55,0,83.17,0.15,-0.15,0,0,6.89,0.08,-0.08,0,280,40,-40,0,<a refstr=GANDOLFI_ET_AL__2010 href=https://ui.adsabs.harvard.edu/abs/2010A%26A...524A..55G/abstract target=ref> Gandolfi et al. 2010 </a>,F6 V,6440,120,-120,0,1.37,0.03,-0.03,0,1.27,0.05,-0.05,0,-0.03,0.08,-0.08,0,[Fe/H],4.22,0.23,-0.23,0,2,1,-1,0,0.69,0.02,-0.02,0,40,5,-5,0,0.001750708,0.000264603,-0.000264603,6.843456519663542,0.798979454,-0.798979454,0.003643487,0.000663763,-0.000622188,0.4726439570944061,0.07817974,-0.073674563,2.2585134607939907e+75,2.2585134607939907e+75,-2.26E+75,3.4508708844592513,0.065941186,-0.065941186,FHJ,A1,0.9999995805819256,C,2.862222985825044e-07
CoRoT-12 b,CoRoT-12,1,1,1,Transit,2010,CoRoT,Published Confirmed,0,<a refstr=GILLON_ET_AL__2010 href=https://ui.adsabs.harvard.edu/abs/2010A%26A...520A..97G/abstract target=ref> Gillon et al. 2010 </a>,2.828042,1.3e-05,-1.30E-05,0,0.04016,0.00093,-0.00092,0,16.14,1.46,-1.46,0,1.44,0.13,-0.13,0,0.917,0.07,-0.065,0,0.411,0.129,-0.094,0,0.07,0.063,-0.042,0,1442,58,-58,0,85.48,0.72,-0.77,0,0,,,,,125.5,8,-7.5,0,<a refstr=GILLON_ET_AL__2010 href=https://ui.adsabs.harvard.edu/abs/2010A%26A...520A..97G/abstract target=ref> Gillon et al. 2010 </a>,,5675,80,-80,0,1.116,0.096,-0.092,0,1.078,0.077,-0.072,0,0.16,0.1,-0.1,0,[Fe/H],4.375,0.065,-0.062,0,6.3,3.1,-3.1,0,1.08,0.28,-0.21,0,1,1,-1,0,0.000811731,8.233414051782038e-05,-8.17E-05,7.738184845669995,0.6626059199101458,-0.68885027,0.00259751,0.000189611,-0.000177253,0.3078035874058596,0.042766448,-0.036455814,9.578595163041867e+74,9.578595163041867e+74,-9.58E+74,3.039831389842878,0.08513443,-0.08424054,FHJ,A1,0.999999698,B,3.0202902880023213e-07
CoRoT-13 b,CoRoT-13,1,1,1,Transit,2010,CoRoT,Published Confirmed,0,<a refstr=CABRERA_ET_AL__2010 href=https://ui.adsabs.harvard.edu/abs/2010A%26A...522A.110C/abstract target=ref> Cabrera et al. 2010 </a>,4.03519,3e-05,-3.00E-05,0,0.051,0.0031,-0.0031,0,9.92,0.157,-0.157,0,0.885,0.014,-0.014,0,1.308,0.066,-0.066,0,2.34,0.23,-0.23,0,0,,,0,1700,,,0,88.02,0.34,-0.36,0,0,10.81,0.32,-0.32,0,157.8,7.7,-7.7,0,<a refstr=CABRERA_ET_AL__2010 href=https://ui.adsabs.harvard.edu/abs/2010A%26A...522A.110C/abstract target=ref> Cabrera et al. 2010 </a>,G0 V,5945,90,-90,0,1.01,0.03,-0.03,0,1.09,0.02,-0.02,0,0.01,0.07,-0.07,0,[Fe/H],4.46,0.05,-0.05,0,1.635,1.515,-1.515,0,1.468,0.131,-0.131,0,4,1,-1,0,0.001145098,6.148178402464707e-05,-6.15E-05,10.85821389,0.7345964286403497,-0.734596429,0.003699508,0.000314501,-0.000304961,0.5255171087005149,0.038865752,-0.037573085,2.7920820903516073e+75,2.7920820903516073e+75,-2.79E+75,3.6169082409559534,0.025865405,-0.025865405,HJ,A1,0.9992544897236724,B,0.00074551
CoRoT-14 b,CoRoT-14,1,1,1,Transit,2010,CoRoT,Published Confirmed,0,<a refstr=TINGLEY_ET_AL__2011 href=https://ui.adsabs.harvard.edu/abs/2011A%26A...528A..97T/abstract target=ref> Tingley et al. 2011 </a>,1.51214,0.00013,-0.00013,0,0.027,0.002,-0.002,0,12.22,0.78,-0.78,0,1.09,0.07,-0.07,0,7.6,0.6,-0.6,0,7.3,1.5,-1.5,0,0,,,0,1952,66,-66,0,79.6,0.8,-0.8,0,0,4.78,0.28,-0.28,0,1230,34,-34,0,<a refstr=TINGLEY_ET_AL__2011 href=https://ui.adsabs.harvard.edu/abs/2011A%26A...528A..97T/abstract target=ref> Tingley et al. 2011 </a>,F9 V,6035,100,-100,0,1.21,0.08,-0.08,0,1.13,0.09,-0.09,0,0.05,0.15,-0.15,0,[Fe/H],4.35,0.15,-0.15,0,4.2,3.8,-3.8,0,0.91,0.17,-0.17,0,9,0.5,-0.5,0,0.006417954,0.000719732,-0.000719732,4.798306480065859,0.476417821,-0.476417821,0.003479009,0.00046107,-0.000423857,0.815678455,0.1304976004071851,-0.112941329,6.7265511105066055e+75,6.7265511105066055e+75,-6.73E+75,4.200147635,0.06547573,-0.06547573,FHJ,C,1,A,9.49377603751314e-23
CoRoT-17 b,CoRoT-17,1,1,1,Transit,2011,CoRoT,Published Confirmed,0,<a refstr=CSIZMADIA_ET_AL__2011 href=https://ui.adsabs.harvard.edu/abs/2011A%26A...531A..41C/abstract target=ref> Csizmadia et al. 2011 </a>,3.7681,0.0003,-0.0003,0,0.0461,0.0008,-0.0008,0,11.43,0.78,-0.78,0,1.02,0.07,-0.07,0,2.43,0.3,-0.3,0,2.82,0.38,-0.38,0,0,,,0,1626,31,-31,0,88.34,1.54,-1.54,0,0,6.23,0.24,-0.24,0,312.4,29,-29,0,<a refstr=CSIZMADIA_ET_AL__2011 href=https://ui.adsabs.harvard.edu/abs/2011A%26A...531A..41C/abstract target=ref> Csizmadia et al. 2011 </a>,G2 V,5740,80,-80,0,1.59,0.07,-0.07,0,1.04,0.1,-0.1,0,0,0.1,-0.1,0,[Fe/H],4.4,0.1,-0.1,0,10.7,1,-1,0,0.32,0.03,-0.03,0,4.5,0.5,-0.5,0,0.002229638,0.000348902,-0.000348902,6.234668850793238,0.2950363073777349,-0.295036307,0.00417579,0.000391913,-0.00036715,0.6494109806800026,0.107290875,-0.092538173,4.2637695072069225e+75,4.2637695072069225e+75,-4.26E+75,3.762592968437833,0.080174675,-0.080174675,HJ,A2,0.9999676359325712,C,2.024116089949784e-05
CoRoT-18 b,CoRoT-18,1,1,1,Transit,2011,CoRoT,Published Confirmed,0,<a refstr=HEBRARD_ET_AL__2011 href=https://ui.adsabs.harvard.edu/abs/2011A%26A...533A.130H/abstract target=ref> Hebrard et al. 2011 </a>,1.9000693,2.8e-06,-2.80E-06,0,0.0295,0.0016,-0.0016,0,14.68,2.02,-2.02,0,1.31,0.18,-0.18,0,3.47,0.38,-0.38,0,2.2,0.8,-0.8,0,0.08,,,1,1550,90,-90,0,86.5,1.4,-0.9,0,0,6.35,0.4,-0.4,0,590,14,-14,0,<a refstr=HEBRARD_ET_AL__2011 href=https://ui.adsabs.harvard.edu/abs/2011A%26A...533A.130H/abstract target=ref> Hebrard et al. 2011 </a>,G9 V,5440,100,-100,0,1,0.13,-0.13,0,0.95,0.15,-0.15,0,-0.1,0.1,-0.1,0,[Fe/H],4.4,0.1,-0.1,0,,,,,1.35,0.25,-0.25,0,8,1,-1,0,0.003485518,0.000669757,-0.000669757,6.343538881701883,0.8935541253878405,-0.893554125,0.003101254,0.000482988,-0.000414016,0.5731404741620179,0.1541520571686571,-0.114814312,3.3210592307233576e+75,3.3210592307233576e+75,-3.32E+75,3.699973921842701,0.1284752407137433,-0.128475241,FHJ,C,0.999958454,A,4.1545838684396714e-05
CoRoT-19 b,CoRoT-19,1,1,1,Transit,2011,CoRoT,Published Confirmed,0,<a refstr=GUENTHER_ET_AL__2012 href=https://ui.adsabs.harvard.edu/abs/2012A%26A...537A.136G/abstract target=ref> Guenther et al. 2012 </a>,3.89713,2e-05,-2.00E-05,0,0.0518,0.0008,-0.0008,0,14.46,0.34,-0.34,0,1.29,0.03,-0.03,0,1.11,0.06,-0.06,0,0.71,0.06,-0.06,0,0.047,0.045,-0.045,0,2000,150,-150,0,88,0.7,-0.7,0,0,6.7,0.1,-0.1,0,126,6,-6,0,<a refstr=GUENTHER_ET_AL__2012 href=https://ui.adsabs.harvard.edu/abs/2012A%26A...537A.136G/abstract target=ref> Guenther et al. 2012 </a>,F9 V,6090,70,-70,0,1.65,0.04,-0.04,0,1.21,0.05,-0.05,0,-0.02,0.1,-0.1,0,[Fe/H],4.07,0.03,-0.03,0,5,1,-1,0,0.38,0.03,-0.03,0,6,1,-1,0,0.000875385,5.956075389081615e-05,-5.96E-05,6.750802548991423,0.194044506,-0.194044506,0.003435756,0.000165122,-0.000159661,0.3835496693545493,0.026516857,-0.024966185,1.4872969569201475e+75,1.4872969569201475e+75,-1.49E+75,3.2183305965515157,0.030969711,-0.030969711,UHJ,A1,0.9999978243972688,B,2.175578574131973e-06
CoRoT-22 b,CoRoT-22,1,1,1,Transit,2014,CoRoT,Published Confirmed,0,<a refstr=MOUTOU_ET_AL__2014 href=https://ui.adsabs.harvard.edu/abs/2014MNRAS.444.2783M/abstract target=ref>Moutou et al. 2014</a>,9.75598,0.00011,-0.00011,0,0.092,0.0014,-0.0014,0,4.88,0.17,-0.39,0,0.435,0.015,-0.035,0,0.038,0.044,-0.028,0,0.249,1,-0.097,0,0.077,0.3,-0.042,0,885,53,-280,0,89.749,0.032,-0.9,0,0,17.3,1.3,-0.57,0,3.7,3.9,-3.9,0,<a refstr=MOUTOU_ET_AL__2014 href=https://ui.adsabs.harvard.edu/abs/2014MNRAS.444.2783M/abstract target=ref>Moutou et al. 2014</a>,G3 V,5939,54,-120,0,1.136,0.038,-0.09,0,1.099,0.049,-0.049,0,0.17,0.07,-0.12,0,[Fe/H],4.361,0.065,-0.029,0,3.3,2,-2,0,1.027,0.268,-0.1,0,4,1.5,-1.5,0,3.299493895222633e-05,3.8232979040811607e-05,-2.44E-05,17.414823857620355,1.404916067526858,-0.639984378,0.002045957,0.000679264,-0.000773448,0.1708932940234671,0.098966698,-0.087204043,2.9525992562556815e+74,2.9525992562556815e+74,-2.95E+74,2.6969921210708914,0.5077003394461803,-0.321405068,HN,B,0.997851892,A,0.002148108
CoRoT-23 b,CoRoT-23,1,1,1,Transit,2011,CoRoT,Published Confirmed,0,<a refstr=ROUAN_ET_AL__2012 href=https://ui.adsabs.harvard.edu/abs/2012A%26A...537A..54R/abstract target=ref> Rouan et al. 2012 </a>,3.6313,0.0001,-0.0001,0,0.048,0.004,-0.004,0,11.77,1.46,-1.46,0,1.05,0.13,-0.13,0,2.8,0.3,-0.3,0,3,1.1,-1.1,0,0.16,0.02,-0.02,0,1660,,,0,85.7,2.6,-1.5,0,0,6.85,0.6,-0.6,0,377,34,-34,0,<a refstr=ROUAN_ET_AL__2012 href=https://ui.adsabs.harvard.edu/abs/2012A%26A...537A..54R/abstract target=ref> Rouan et al. 2012 </a>,G0 V,5900,100,-100,0,1.61,0.18,-0.18,0,1.14,0.08,-0.08,0,0.05,0.1,-0.1,0,[Fe/H],4.3,0.2,-0.2,0,7.2,1.5,-1,0,0.5,0.15,-0.15,0,9,1,-1,0,0.002343768,0.000300187,-0.000300187,6.410987816,0.8939584538034551,-0.893958454,0.004420849,0.000655311,-0.000605864,0.6696306795091885,0.1428601281412677,-0.117224908,4.533411581169447e+75,4.533411581169447e+75,-4.53E+75,3.798966471565699,0.1171748601591773,-0.11717486,HJ,A2,0.9999383835941568,C,5.431343903780934e-05
CoRoT-24 b,CoRoT-24,1,1,2,Transit,2014,CoRoT,Published Confirmed,0,<a refstr=ALONSO_ET_AL__2014 href=https://ui.adsabs.harvard.edu/abs/2014A&A...567A.112A/abstract target=ref> Alonso et al. 2014</a>,5.1134,0.0006,-0.0006,0,0.056,0.002,-0.002,0,3.7,0.4,-0.4,0,0.33,0.04,-0.04,0,0.018,,,1,0.9,,,1,0,,,0,1070,140,-140,0,86.5,2,-2,0,0,10.9,2.8,-2.8,0,2.1,,,0,<a refstr=ALONSO_ET_AL__2014 href=https://ui.adsabs.harvard.edu/abs/2014A&A...567A.112A/abstract target=ref> Alonso et al. 2014</a>,K1 V,4950,150,-150,0,0.86,0.09,-0.09,0,0.91,0.09,-0.09,0,0.3,0.15,-0.15,0,[Fe/H],4.55,0.15,-0.15,0,11,,,0,,,,,2,1,-1.5,0,1.8875242404654165e-05,,,14.002293156298991,1.5483381011455242,-1.548338101,0.00103382,,,0.1157804901215435,,,1.3552681475174395e+74,,,2.612431663710887,,,HN,B,0.9999807389992748,A,1.9261000699679173e-05
CoRoT-24 c,CoRoT-24,1,1,2,Transit,2014,CoRoT,Published Confirmed,0,<a refstr=ALONSO_ET_AL__2014 href=https://ui.adsabs.harvard.edu/abs/2014A&A...567A.112A/abstract target=ref> Alonso et al. 2014</a>,11.759,0.0063,-0.0063,0,0.098,0.003,-0.003,0,5,0.5,-0.5,0,0.44,0.04,-0.04,0,0.088,0.035,-0.035,0,1.3,0.5,-0.4,0,0,,,0,850,80,-80,0,89,1,-1.6,0,0,18,2.5,-2.5,0,8.3,2.9,-2.9,0,<a refstr=ALONSO_ET_AL__2014 href=https://ui.adsabs.harvard.edu/abs/2014A&A...567A.112A/abstract target=ref> Alonso et al. 2014</a>,K1 V,4950,150,-150,0,0.86,0.09,-0.09,0,0.91,0.09,-0.09,0,0.3,0.15,-0.15,0,[Fe/H],4.55,0.15,-0.15,0,11,,,0,,,,,2,1,-1.5,0,9.227896286719816e-05,3.781956344752032e-05,-3.78E-05,24.50401302352324,2.6718337351267483,-2.671833735,0.003070576,0.000592662,-0.00063466,0.2932851834171581,0.095633767,-0.088611549,8.69630394657024e+74,8.69630394657024e+74,-8.70E+74,3.051764358,0.189923703,-0.189923703,WN,B,0.998598062,A,0.001401938
CoRoT-25 b,CoRoT-25,1,1,1,Transit,2013,CoRoT,Published Confirmed,0,<a refstr=ALMENARA_ET_AL__2013 href=https://ui.adsabs.harvard.edu/abs/2013A%26A...555A.118A/abstract target=ref> Almenara et al. 2013 </a>,4.86069,6e-05,-6.00E-05,0,0.0578,0.002,-0.0009,0,12.11,3.4,-1.12,0,1.08,0.3,-0.1,0,0.27,0.04,-0.04,0,0.15,0.15,-0.06,0,0,,,0,1330,80,-40,0,84.5,0.8,-0.3,0,0,10.2,1.1,-0.5,0,29,4,-5,0,<a refstr=ALMENARA_ET_AL__2013 href=https://ui.adsabs.harvard.edu/abs/2013A%26A...555A.118A/abstract target=ref> Almenara et al. 2013 </a>,F9,6040,90,-90,0,1.19,0.14,-0.03,0,1.09,0.11,-0.05,0,-0.01,0.13,-0.13,0,[Fe/H],4.31,0.05,-0.08,0,4.5,1.8,-2,0,,,,,4.3,0.5,-0.5,0,0.000236373,3.6658522323002186e-05,-4.24E-05,10.444567650259758,0.4471509596621502,-1.239488331,0.002477918,0.000248907,-0.000238469,0.2300930274204325,0.039422949,-0.052439977,5.352557982841479e+74,5.352557982841479e+74,-5.35E+74,2.7587032915484437,0.10299413,-0.249706052,HJ,A1,0.9995349215647656,B,0.000465078
CoRoT-26 b,CoRoT-26,1,1,1,Transit,2013,CoRoT,Published Confirmed,0,<a refstr=ALMENARA_ET_AL__2013 href=https://ui.adsabs.harvard.edu/abs/2013A%26A...555A.118A/abstract target=ref> Almenara et al. 2013 </a>,4.20474,5e-05,-5.00E-05,0,0.0526,0.001,-0.001,0,14.12,1.46,-0.78,0,1.26,0.13,-0.07,0,0.52,0.05,-0.05,0,0.28,0.09,-0.07,0,0,,,0,1600,80,-70,0,86.8,2.2,-1,0,0,6.28,0.01,-0.52,0,61,5,-6,0,<a refstr=ALMENARA_ET_AL__2013 href=https://ui.adsabs.harvard.edu/abs/2013A%26A...555A.118A/abstract target=ref> Almenara et al. 2013 </a>,G5,5590,100,-100,0,1.79,0.18,-0.09,0,1.09,0.06,-0.06,0,0.01,0.13,-0.13,0,[Fe/H],3.99,0.05,-0.08,0,8.6,1.8,-0.9,0,,,,,2,1,-1,0,0.000455238,5.043822720895455e-05,-5.04E-05,6.318911943518967,0.3396639748759417,-0.646677508,0.002805594,0.000198343,-0.000191649,0.2820192842883836,0.033488816,-0.035869056,8.041037290420176e+74,8.041037290420176e+74,-8.04E+74,2.9094492917630292,0.06381505,-0.098868126,HJ,A1,0.9999931535864612,B,6.846410602065385e-06
CoRoT-35 b,CoRoT-35,1,1,1,Transit,2022,CoRoT,Published Confirmed,0,<a refstr=SEBASTIAN_ET_AL__2022 href=https://ui.adsabs.harvard.edu/abs/2022arXiv220708742S/abstract target=ref>Sebastian et al. 2022</a>,3.22748,8e-05,-8.00E-05,0,0.0429,0.00092,-0.00092,0,18.83108758,1.23298788,-1.23298788,0,1.68,0.11,-0.11,0,1.1,0.37,-0.37,0,0.29,0.11,-0.11,0,0,,,0,1747,62,-62,0,84.1,0.1,-0.1,0,1,,,,,150,50,-50,0,<a refstr=SEBASTIAN_ET_AL__2022 href=https://ui.adsabs.harvard.edu/abs/2022arXiv220708742S/abstract target=ref>Sebastian et al. 2022</a>,F6 V,6390,130,-130,0,1.65,0.1,-0.11,0,1.01,0.07,-0.06,0,-0.5,0.1,-0.1,0,[Fe/H],4.01,0.05,-0.05,0,6.1,1.3,-1.3,0,,,,,8.8,0.3,-0.3,0,0.00103928,0.000354986,-0.00035692,5.590915624550812,0.3915374522709925,-0.359430747,0.003012968,0.000446827,-0.000498059,0.3332671017328314,0.082036798,-0.0816576,1.122895530684323e+75,1.122895530684323e+75,-1.12E+75,2.9849611600698553,0.1567610714782359,-0.156761071,HJ,A1,0.9999999983457556,B,1.442717066860042e-09
CoRoT-36 b,CoRoT-36,1,1,1,Transit,2022,CoRoT,Published Confirmed,0,<a refstr=SEBASTIAN_ET_AL__2022 href=https://ui.adsabs.harvard.edu/abs/2022arXiv220708742S/abstract target=ref>Sebastian et al. 2022</a>,5.616531,2.3e-05,-2.30E-05,0,0.066,0.007,-0.007,0,15.80466279,1.5692573,-1.5692573,0,1.41,0.14,-0.14,0,0.68,0.47,-0.43,1,0.25,0.17,-0.17,0,0,,,0,1567,35,-35,0,85.83,0.26,-0.26,0,0,,,,,65,45,-45,0,<a refstr=SEBASTIAN_ET_AL__2022 href=https://ui.adsabs.harvard.edu/abs/2022arXiv220708742S/abstract target=ref>Sebastian et al. 2022</a>,F3 V,6730,140,-140,0,1.52,0.2,-0.1,0,1.32,0.09,-0.09,0,-0.1,0.1,-0.1,0,[Fe/H],4.16,0.06,-0.06,0,2.1,0.6,-0.5,0,,,,,25.6,0.3,-0.3,0,0.000491582,0.000341419,-0.000312655,9.337055446,1.165341839777432,-1.577986446,0.003611622,0.00126105,-0.001349033,0.3103220859831541,0.1529527572536015,-0.146148461,9.735983648389176e+74,9.735983648389176e+74,-9.74E+74,2.9282577257588325,0.3123176912567617,-0.287850723,HJ,A1,0.9999995553680148,B,4.446306622985937e-07
CoRoT-6 b,CoRoT-6,1,1,1,Transit,2009,CoRoT,Published Confirmed,0,<a refstr=FRIDLUND_ET_AL__2010 href=https://ui.adsabs.harvard.edu/abs/2010A%26A...512A..14F/abstract target=ref> Fridlund et al. 2010 </a>,8.886593,4e-06,-4.00E-06,0,0.0855,0.0015,-0.0015,0,13.068,0.392,-0.392,0,1.166,0.035,-0.035,0,2.96,0.34,-0.34,0,2.32,0.31,-0.31,0,0.1,,,1,1017,19,-19,0,89.07,0.3,-0.3,0,0,17.94,0.33,-0.33,0,280,30,-30,0,<a refstr=FRIDLUND_ET_AL__2010 href=https://ui.adsabs.harvard.edu/abs/2010A%26A...512A..14F/abstract target=ref> Fridlund et al. 2010 </a>,F9 V,6090,70,-70,0,1.025,0.026,-0.026,0,1.05,0.05,-0.05,0,-0.2,0.1,-0.1,0,[Fe/H],4.43,0.1,-0.1,0,,,,,,,,,7.6,1,-1,0,0.002690072,0.000334495,-0.000334495,17.937083898652705,0.5532110573754473,-0.553211057,0.008244803,0.000596927,-0.000587153,0.9085896218486113,0.098268036,-0.09293702,8.346223450243857e+75,8.346223450243857e+75,-8.35E+75,3.732081648576304,0.05628774,-0.05628774,HJ,A2,0.9997726172533412,C,0.00022733
CoRoTID 223977153 b,CoRoTID 223977153,1,1,1,Transit,2017,CoRoT,Published Confirmed,0,<a refstr=BOUFLEUR_ET_AL__2018 href=https://ui.adsabs.harvard.edu/abs/2018MNRAS.473..710B/abstract target=ref>Boufleur et al. 2018</a>,6.71837,1e-05,-1.00E-05,0,0.071,0.001,-0.001,0,6.38913,0.67254,-0.56045,0,0.57,0.06,-0.05,0,0.15,0.1,-0.1,0,1.1,1.3,-0.8,0,,,,,938,65,-52,0,89,0.5,-0.5,0,0,,,,,14,10,-10,0,<a refstr=BOUFLEUR_ET_AL__2018 href=https://ui.adsabs.harvard.edu/abs/2018MNRAS.473..710B/abstract target=ref>Boufleur et al. 2018</a>,G0 VI,5970,100,-100,0,0.79,0.08,-0.09,0,1.08,0.08,-0.07,0,0,0.2,-0.2,0,[Fe/H],4.67,0.11,-0.08,0,,,,,,,,,3.2,1,-1,0,0.000132534,8.87729271731151e-05,-8.89E-05,19.32594982,2.2184525954125984,-1.975896697,0.002509926,0.000576,-0.000834538,0.2628501819858587,0.1071114423544217,-0.124551661,6.985074267860911e+74,6.985074267860911e+74,-6.99E+74,3.0585285860740545,0.299387114,-0.303623026,HS,B,0.9590065201431116,A,0.04099348
EPIC 249893012 c,EPIC 249893012,1,1,3,Transit,2020,K2,Published Confirmed,0,<a refstr=HIDALGO_ET_AL__2020 href=https://ui.adsabs.harvard.edu/abs/2020A&A...636A..89H/abstract target=ref>Hidalgo et al. 2020</a>,15.624,0.001,-0.001,0,0.13,0.01,-0.02,0,3.67,0.17,-0.14,0,0.32741547,0.01516638,-0.01248996,0,0.04615675,0.00578926,-0.00594658,0,1.62,0.3,-0.29,0,0.07,0.08,-0.05,0,990,92,-49,0,87.94,0.74,-1.05,0,0,15.79,1.58,-2.56,0,3.66,0.45,-0.46,0,<a refstr=HIDALGO_ET_AL__2020 href=https://ui.adsabs.harvard.edu/abs/2020A&A...636A..89H/abstract target=ref>Hidalgo et al. 2020</a>,G8 IV/V,5430,85,-85,0,1.71,0.04,-0.04,0,1.05,0.05,-0.05,0,0.2,0.05,-0.05,0,[Fe/H],3.99,0.03,-0.03,0,9,0.5,-0.6,0,0.298,0.026,-0.023,0,2.1,0.5,-0.5,0,4.1947622159975106e-05,5.627750590894315e-06,-5.76E-06,16.34770650453454,1.314373564218271,-2.543937198,0.003131882,0.000433933,-0.000639849,0.2640145266849764,0.039667423,-0.047509211,7.047094750733393e+74,7.047094750733393e+74,-7.05E+74,3.0282238690024443,0.063757794,-0.068916183,WN,B,0.999971047,A,2.8952500943663565e-05
EPIC 249893012 d,EPIC 249893012,1,1,3,Transit,2020,K2,Published Confirmed,0,<a refstr=HIDALGO_ET_AL__2020 href=https://ui.adsabs.harvard.edu/abs/2020A&A...636A..89H/abstract target=ref>Hidalgo et al. 2020</a>,35.747,0.005,-0.005,0,0.22,0.02,-0.04,0,3.94,0.13,-0.12,0,0.35150326,0.01159782,-0.01070568,0,0.0320297,0.00773999,-0.00761413,0,0.91,0.25,-0.23,0,0.15,0.21,-0.11,0,752,69,-37,0,89.47,0.36,-0.5,0,0,27.42,2.74,-4.44,0,1.97,0.54,-0.47,0,<a refstr=HIDALGO_ET_AL__2020 href=https://ui.adsabs.harvard.edu/abs/2020A&A...636A..89H/abstract target=ref>Hidalgo et al. 2020</a>,G8 IV/V,5430,85,-85,0,1.71,0.04,-0.04,0,1.05,0.05,-0.05,0,0.2,0.05,-0.05,0,[Fe/H],3.99,0.03,-0.03,0,9,0.5,-0.6,0,0.298,0.026,-0.023,0,2.1,0.5,-0.5,0,2.910884656084656e-05,7.169438131573537e-06,-7.06E-06,27.665349469212295,2.596955611668266,-5.07152175,0.004692352,0.000899754,-0.00123924,0.2761284985790985,0.058309993,-0.066503845,7.708625137992282e+74,7.708625137992282e+74,-7.71E+74,2.8078811948754105,0.108230329,-0.107144856,WN,B,0.9997491098524862,A,0.00025089
GJ 1214 b,GJ 1214,1,1,1,Transit,2009,MEarth Project,Published Confirmed,0,<a refstr=MAHAJAN_ET_AL__2024 href=https://ui.adsabs.harvard.edu/abs/2024ApJ...963L..37M/abstract target=ref>Mahajan et al. 2024</a>,1.580404531,1.8e-08,-1.70E-08,0,0.01505,0.00011,-0.00011,0,2.733,0.033,-0.031,0,0.24382235,0.00294407,-0.00276564,0,0.02646082,0.00113269,-0.00110122,0,2.26,0.11,-0.11,0,0.0062,0.0079,-0.0044,0,567,7.6,-7.6,0,88.98,0.094,-0.085,0,0,14.97,0.12,-0.14,0,14.38,0.57,-0.56,0,<a refstr=MAHAJAN_ET_AL__2024 href=https://ui.adsabs.harvard.edu/abs/2024ApJ...963L..37M/abstract target=ref>Mahajan et al. 2024</a>,,3101,43,-43,0,0.2162,0.0025,-0.0024,0,0.182,0.0042,-0.0041,0,0.24,0.11,-0.11,0,[Fe/H],5.0286,0.0078,-0.0088,0,,,,,25.41,0.62,-0.71,0,,,,,0.000138737,6.71102598795618e-06,-6.60E-06,14.968917695419078,0.1989512355255816,-0.204769381,0.000540207,1.5811550235221008e-05,-1.55E-05,0.189312911,0.00806033,-0.007846431,3.623388729542314e+74,3.623388729542314e+74,-3.62E+74,3.042643311359799,0.021039857,-0.020896578,HSubN,B,0.999963111,A,3.688943179463641e-05
GJ 3090 b,GJ 3090,1,1,1,Transit,2022,Transiting Exoplanet Survey Satellite (TESS),Published Confirmed,0,<a refstr=ALMENARA_ET_AL__2022 href=https://ui.adsabs.harvard.edu/abs/2022arXiv220714121A/abstract target=ref>Almenara et al. 2022</a>,2.8531054,2.3e-06,-2.30E-06,0,0.03165,0.00027,-0.00027,0,2.13,0.11,-0.11,0,0.1900262,0.00981356,-0.00981356,0,0.01050882,0.00226537,-0.00226537,0,1.89,0.52,-0.45,0,0.32,,,1,693,18,-18,0,87.14,0.79,-0.3,0,0,13.18,0.42,-0.42,0,2.38,0.51,-0.51,0,<a refstr=ALMENARA_ET_AL__2022 href=https://ui.adsabs.harvard.edu/abs/2022arXiv220714121A/abstract target=ref>Almenara et al. 2022</a>,M2 V,3556,70,-70,0,0.516,0.016,-0.016,0,0.519,0.013,-0.013,0,-0.06,0.12,-0.12,0,[Fe/H],4.727,0.029,-0.029,0,,,,,5.32,0.52,-0.47,0,1.468,0.05,-0.05,1,1.932181948694699e-05,4.193198358936147e-06,-4.19E-06,13.189660071335211,0.4241773610540615,-0.424177361,0.000588865,5.03353657609198e-05,-5.48E-05,0.1160529532899289,0.017579834,-0.017477907,1.3616542863006858e+74,1.3616542863006858e+74,-1.36E+74,2.8581140241698346,0.1038116741051505,-0.103811674,HSubN,B,0.999997677,A,2.323297692506289e-06
GJ 9827 d,GJ 9827,1,1,3,Transit,2017,K2,Published Confirmed,0,<a refstr=PIAULET_GHORAYEB_ET_AL__2024 href=https://ui.adsabs.harvard.edu/abs/2024ApJ...974L..10P/abstract target=ref>Piaulet-Ghorayeb et al. 2024</a>,6.20183,3e-06,-3.00E-06,0,0.053,0.003,-0.003,0,1.98,0.11,-0.1,0,0.17664407,0.00981356,-0.00892142,0,0.00950198,0.00182488,-0.00179342,0,,,,,,,,,675,14,-12,0,87.41,0.09,-0.11,0,0,19.739,0.619,-0.853,0,,,,,<a refstr=PIAULET_GHORAYEB_ET_AL__2024 href=https://ui.adsabs.harvard.edu/abs/2024ApJ...974L..10P/abstract target=ref>Piaulet-Ghorayeb et al. 2024</a>,K7 V,4236,12,-12,0,0.58,0.03,-0.03,0,0.62,0.04,-0.04,0,-0.29,0.03,-0.03,0,[Fe/H],4.7,0.05,-0.05,0,5.465,4.058,-4.058,0,,,,,,,,,1.4624594982078851e-05,2.962934769224853e-06,-2.92E-06,19.649769767983624,1.506686844375671,-1.506686844,0.000898663,0.000130764,-0.000124273,0.135513449,0.025856146,-0.023674683,1.8566039106993888e+74,1.8566039106993888e+74,-1.86E+74,2.8778030251222138,0.09424015,-0.095118538,HSubN,B,0.999999935,A,6.470277388923895e-08
HAT-P-12 b,HAT-P-12,1,1,1,Transit,2009,HATNet,Published Confirmed,0,<a refstr=HARTMAN_ET_AL__2009 href=https://ui.adsabs.harvard.edu/abs/2009ApJ...706..785H/abstract target=ref> Hartman et al. 2009 </a>,3.2130598,2.1e-06,-2.10E-06,0,0.0384,0.0003,-0.0003,0,10.749,0.325,-0.235,0,0.959,0.029,-0.021,0,0.211,0.012,-0.012,0,0.3192,0.016,-0.016,0,0,,,0,963,16,-16,0,89,0.4,-0.4,0,0,11.77,0.15,-0.21,0,35.8,1.9,-1.9,0,<a refstr=HARTMAN_ET_AL__2009 href=https://ui.adsabs.harvard.edu/abs/2009ApJ...706..785H/abstract target=ref> Hartman et al. 2009 </a>,K4,4650,60,-60,0,0.701,0.017,-0.012,0,0.733,0.018,-0.018,0,-0.29,0.05,-0.05,0,[Fe/H],4.61,0.01,-0.01,0,2.5,2,-2,0,,,,,0.5,0.4,-0.4,0,0.000274688,1.7016162203097326e-05,-1.70E-05,11.779389881638933,0.2216513283220453,-0.300120165,0.001730762,6.0767134905811114e-05,-6.03E-05,0.2145499080092351,0.012142125,-0.012539675,4.653836583986412e+74,4.653836583986412e+74,-4.65E+74,2.7548322793197215,0.031174011,-0.036054862,HJ,A1,0.9951017533968374,B,0.004898247
HAT-P-18 b,HAT-P-18,1,1,1,Transit,2010,HATNet,Published Confirmed,0,<a refstr=HARTMAN_ET_AL__2011 href=https://ui.adsabs.harvard.edu/abs/2011ApJ...726...52H/abstract target=ref> Hartman et al. 2011 </a>,5.508023,6e-06,-6.00E-06,0,0.0559,0.0007,-0.0007,0,11.153,0.583,-0.583,0,0.995,0.052,-0.052,0,0.197,0.013,-0.013,0,0.25,0.04,-0.04,0,0.084,0.048,-0.048,0,852,28,-28,0,88.8,0.3,-0.3,0,0,16.04,0.75,-0.75,0,27.1,1.6,-1.6,0,<a refstr=HARTMAN_ET_AL__2011 href=https://ui.adsabs.harvard.edu/abs/2011ApJ...726...52H/abstract target=ref> Hartman et al. 2011 </a>,K2,4803,80,-80,0,0.749,0.037,-0.037,0,0.77,0.031,-0.031,0,0.1,0.08,-0.08,0,[Fe/H],4.57,0.04,-0.04,0,12.4,4.4,-6.4,0,,,,,0.5,0.5,-0.5,0,0.000244139,1.8872276652641864e-05,-1.89E-05,16.048689709992317,0.8178678053333712,-0.817867805,0.002422425,0.000117698,-0.000114717,0.2395879093058776,0.021401318,-0.019664411,5.803423440768783e+74,5.803423440768783e+74,-5.80E+74,2.693007103033498,0.0536835,-0.0536835,HJ,A1,0.998549214,B,0.001450786
HAT-P-19 b,HAT-P-19,1,1,1,Transit,2010,HATNet,Published Confirmed,0,<a refstr=KANG_ET_AL__2024 href=https://arxiv.org/abs/2401.03715 target=ref>Kang et al. 2024</a>,4.00878322,1.9e-07,-1.90E-07,0,0.04599,0.00063,-0.00058,0,11.29865255,0.15692573,-0.14571675,0,1.008,0.014,-0.013,0,0.277,0.017,-0.016,0,0.335,0.019,-0.019,0,,,,,981.2,7.7,-8.1,0,89.52,0.2,-0.2,0,0,12.84,0.06,-0.06,0,40.9,2.2,-2.2,0,<a refstr=KANG_ET_AL__2024 href=https://arxiv.org/abs/2401.03715 target=ref>Kang et al. 2024</a>,,4962,39,-41,0,0.773,0.011,-0.01,0,0.807,0.034,-0.03,0,0.166,0.07,-0.068,0,[Fe/H],4.5687,0.0066,-0.0067,0,7.2,4,-4,0,2.468,0.018,-0.033,0,,,,,0.000327542,2.3502088001897317e-05,-2.34E-05,12.793621732166974,0.2410531421750791,-0.243263571,0.00219809,0.000103675,-9.94E-05,0.2500848249079982,0.016000261,-0.01541603,6.323086794528784e+74,6.323086794528784e+74,-6.32E+74,2.8297457432087914,0.0289118,-0.027835609,HJ,A1,0.9986603843397454,B,0.001339616
HAT-P-23 b,HAT-P-23,1,1,1,Transit,2010,HATNet,Published Confirmed,0,<a refstr=BAKOS_ET_AL__2010 href=https://ui.adsabs.harvard.edu/abs/2010arXiv1008.3388B/abstract target=ref> Bakos et al. 2010 </a>,1.212884,2e-06,-2.00E-06,0,0.0232,0.0002,-0.0002,0,15.334,1.009,-1.009,0,1.368,0.09,-0.09,0,2.09,0.111,-0.111,0,1.01,0.18,-0.18,0,0.106,0.044,-0.044,0,2056,66,-66,0,85.1,1.5,-1.5,0,0,4.14,0.23,-0.23,0,368.5,17.6,-17.6,0,<a refstr=BAKOS_ET_AL__2010 href=https://ui.adsabs.harvard.edu/abs/2010arXiv1008.3388B/abstract target=ref> Bakos et al. 2010 </a>,G0,5905,80,-80,0,1.203,0.074,-0.074,0,1.13,0.035,-0.035,0,0.15,0.04,-0.04,0,[Fe/H],4.33,0.05,-0.05,0,4,1,-1,0,,,,,8.1,0.5,-0.5,0,0.001764937,0.000108512,-0.000108512,4.146980065527809,0.257585595,-0.257585595,0.001943975,7.19045269359207e-05,-7.06E-05,0.3539302222432198,0.029448713,-0.026794572,1.2664549960116162e+75,1.2664549960116162e+75,-1.27E+75,3.442161129706215,0.061623459,-0.061623459,UHJ,A1,0.9999903211221768,B,5.3702269834442374e-06
HAT-P-25 b,HAT-P-25,1,1,1,Transit,2010,HATNet,Published Confirmed,0,<a refstr=WANG_ET_AL__2018 href=https://ui.adsabs.harvard.edu/abs/2018PASP..130f4401W/abstract target=ref>Wang et al. 2018</a>,3.65281514,7.6e-07,-7.50E-07,0,0.0466,0.00081,-0.0008,0,12.722215,0.538032,-0.538032,0,1.135,0.048,-0.048,0,0.569,0.023,-0.022,0,0.483,0.059,-0.051,0,0.023,0.022,-0.014,0,1182,25,-25,0,88.22,0.45,-0.36,0,0,10.9,0.33,-0.31,0,74.5,1.4,-1.4,0,<a refstr=WANG_ET_AL__2018 href=https://ui.adsabs.harvard.edu/abs/2018PASP..130f4401W/abstract target=ref>Wang et al. 2018</a>,,5519,78,-76,0,0.919,0.034,-0.034,0,1.012,0.053,-0.051,0,0.294,0.08,-0.08,0,[Fe/H],4.516,0.026,-0.025,0,,,,,1.84,0.17,-0.15,0,,,,,0.000536529,3.466161221633232e-05,-3.49E-05,10.903853189255372,0.4457117843965753,-0.444721836,0.002625487,0.00012821,-0.000121734,0.3036293069364018,0.023939206,-0.021828644,9.320556436803512e+74,9.320556436803512e+74,-9.32E+74,3.039307581700144,0.040712533,-0.040389293,HJ,A1,0.9998977330815724,B,0.000102267
HAT-P-28 b,HAT-P-28,1,1,1,Transit,2011,HATNet,Published Confirmed,0,<a refstr=BUCHHAVE_ET_AL__2011 href=https://ui.adsabs.harvard.edu/abs/2011arXiv1103.1813B/abstract target=ref> Buchhave et al. 2011 </a>,3.257215,7e-06,-7.00E-06,0,0.0434,0.0007,-0.0007,0,13.585,1.267,-0.919,0,1.212,0.113,-0.082,0,0.626,0.037,-0.037,0,0.44,0.09,-0.09,0,0.051,0.033,-0.033,0,1384,52,-52,0,88,0.9,-0.9,0,0,8.43,0.57,-0.57,0,84.7,4.2,-4.2,0,<a refstr=BUCHHAVE_ET_AL__2011 href=https://ui.adsabs.harvard.edu/abs/2011arXiv1103.1813B/abstract target=ref> Buchhave et al. 2011 </a>,G3,5680,90,-90,0,1.103,0.091,-0.069,0,1.025,0.047,-0.047,0,0.12,0.08,-0.08,0,[Fe/H],4.36,0.06,-0.06,0,6.1,2.6,-1.9,0,,,,,0.2,0.5,-0.2,0,0.00058279,4.3596450751529174e-05,-4.36E-05,8.461041150202428,0.5466043350526368,-0.711269646,0.002513545,0.000130955,-0.000126202,0.295529999,0.029520018,-0.029611202,8.82993708054756e+74,8.82993708054756e+74,-8.83E+74,3.0237561319132507,0.064127523,-0.084953161,HJ,A1,0.9999768817082908,B,2.3118283067166076e-05
HAT-P-37 b,HAT-P-37,1,1,1,Transit,2011,HATNet,Published Confirmed,0,<a refstr=BAKOS_ET_AL__2012 href=https://ui.adsabs.harvard.edu/abs/2012arXiv1201.0659B/abstract target=ref> Bakos et al. 2012 </a>,2.797436,7e-06,-7.00E-06,0,0.0379,0.0006,-0.0006,0,13.204,0.863,-0.863,0,1.178,0.077,-0.077,0,1.169,0.103,-0.103,0,0.89,0.19,-0.19,0,0.058,0.038,-0.038,0,1271,47,-47,0,86.9,0.4,-0.5,0,0,9.32,0.42,-0.57,0,177.7,14.8,-14.8,0,<a refstr=BAKOS_ET_AL__2012 href=https://ui.adsabs.harvard.edu/abs/2012arXiv1201.0659B/abstract target=ref> Bakos et al. 2012 </a>,,5500,100,-100,0,0.877,0.059,-0.044,0,0.929,0.043,-0.043,0,0.03,0.1,-0.1,0,[Fe/H],4.52,0.05,-0.05,0,,,,,,,,,3.07,0.5,,0,0.001200771,0.00011951,-0.00011951,9.292855985,0.4888923610453042,-0.642251564,0.002793094,0.000171682,-0.000167349,0.4020954345384858,0.045665483,-0.041300188,1.6346047180854034e+75,1.6346047180854034e+75,-1.63E+75,3.3197109686230304,0.068466672,-0.068466672,FHJ,A1,0.9999817738485268,B,1.8223651576124857e-05
HAT-P-38 b,HAT-P-38,1,1,1,Transit,2012,HATNet,Published Confirmed,0,<a refstr=SATO_ET_AL__2012 href=https://ui.adsabs.harvard.edu/abs/2012PASJ...64...97S/abstract target=ref> Sato et al. 2012 </a>,4.640382,3.2e-05,-3.20E-05,0,0.0523,0.0009,-0.0009,0,9.247,1.031,-0.706,0,0.825,0.092,-0.063,0,0.267,0.02,-0.02,0,0.59,0.16,-0.16,0,0.067,0.047,-0.047,0,1082,55,-55,0,88.3,0.7,-0.7,0,0,12.17,1.04,-1.04,0,35.4,2.4,-2.4,0,<a refstr=SATO_ET_AL__2012 href=https://ui.adsabs.harvard.edu/abs/2012PASJ...64...97S/abstract target=ref> Sato et al. 2012 </a>,,5330,100,-100,0,0.923,0.096,-0.067,0,0.886,0.044,-0.044,0,0.06,0.1,-0.1,0,[Fe/H],4.45,0.08,-0.08,0,,,,,,,,,0.4,0.5,,0,0.000287567,2.584460376384552e-05,-2.58E-05,12.184552344529022,0.9089829516165108,-1.284527638,0.002393541,0.000143232,-0.000138188,0.2762138323917241,0.032066641,-0.032384091,7.71339036881514e+74,7.71339036881514e+74,-7.71E+74,2.987790402628081,0.073876777,-0.102177854,HJ,A1,0.9564122391535432,B,0.043587761
HAT-P-42 b,HAT-P-42,1,1,1,Transit,2012,HATNet,Published Confirmed,0,<a refstr=BOISSE_ET_AL__2013 href=https://ui.adsabs.harvard.edu/abs/2013A%26A...558A..86B/abstract target=ref> Boisse et al. 2013 </a>,4.641878,3.2e-05,-3.20E-05,0,0.0575,0.0011,-0.0011,0,14.348,1.715,-1.715,0,1.28,0.153,-0.153,0,1.044,0.083,-0.083,0,0.61,0.34,-0.15,0,0,,,0,1428,60,-60,0,85.9,1.3,-0.8,0,0,8.08,0.82,-0.54,0,113.5,7.9,-7.9,0,<a refstr=BOISSE_ET_AL__2013 href=https://ui.adsabs.harvard.edu/abs/2013A%26A...558A..86B/abstract target=ref> Boisse et al. 2013 </a>,,5743,50,-50,0,1.53,0.14,-0.14,0,1.178,0.068,-0.068,0,0.27,0.08,-0.08,0,[Fe/H],4.14,0.07,-0.07,0,5.2,1.8,-0.7,0,,,,,3.5,0.5,-0.5,0,0.000845701,8.308863174394221e-05,-8.31E-05,8.081388848961078,0.7554616805183286,-0.755461681,0.003770217,0.000250264,-0.000239516,0.3987395600591757,0.060426842,-0.05056109,1.6074338687090592e+75,1.6074338687090592e+75,-1.61E+75,3.198467597733863,0.1094141434442194,-0.109414143,HJ,A1,0.9999980864835776,B,1.9134992343071045e-06
HAT-P-44 b,HAT-P-44,1,1,2,Transit,2014,HATNet,Published Confirmed,0,<a refstr=HARTMAN_ET_AL__2014 href=https://ui.adsabs.harvard.edu/abs/2014AJ....147..128H/abstract target=ref> Hartman et al. 2014 </a>,4.301219,1.9e-05,-1.90E-05,0,0.0507,0.0007,-0.0007,0,13.922,1.188,-0.572,0,1.242,0.106,-0.051,0,0.352,0.029,-0.029,0,0.23,0.04,-0.04,0,0.044,0.052,-0.052,0,1108,51,-32,0,89.1,0.4,-0.4,0,0,11.49,0.46,-0.85,0,45.9,3.6,-3.6,0,<a refstr=HARTMAN_ET_AL__2014 href=https://ui.adsabs.harvard.edu/abs/2014AJ....147..128H/abstract target=ref> Hartman et al. 2014 </a>,,5295,100,-100,0,0.949,0.08,-0.037,0,0.942,0.041,-0.041,0,0.33,0.1,-0.1,0,[Fe/H],4.46,0.06,-0.06,0,7.5,3.6,-3.6,0,,,,,0.2,0.5,-0.5,0,0.000356577,3.3224638779172683e-05,-3.32E-05,11.48818279,0.4751611781666673,-0.981348438,0.002492788,0.000140773,-0.000137559,0.2468151680679214,0.023150511,-0.026193917,6.15882913545363e+74,6.15882913545363e+74,-6.16E+74,2.752486510160364,0.050520467,-0.082313893,HJ,A2,0.999919513,B,8.048692350942562e-05
HAT-P-45 b,HAT-P-45,1,1,1,Transit,2014,HATNet,Published Confirmed,0,<a refstr=HARTMAN_ET_AL__2014 href=https://ui.adsabs.harvard.edu/abs/2014AJ....147..128H/abstract target=ref> Hartman et al. 2014 </a>,3.128992,2.1e-05,-2.10E-05,0,0.0452,0.0007,-0.0007,0,15.984,1.962,-0.975,0,1.426,0.175,-0.087,0,0.892,0.137,-0.099,0,0.38,0.09,-0.09,0,0.049,0.063,-0.063,0,1652,90,-52,0,87.8,0.9,-0.9,0,0,7.36,0.39,-0.62,0,106.6,13.6,-13.6,0,<a refstr=HARTMAN_ET_AL__2014 href=https://ui.adsabs.harvard.edu/abs/2014AJ....147..128H/abstract target=ref> Hartman et al. 2014 </a>,,6330,100,-100,0,1.319,0.155,-0.072,0,1.259,0.058,-0.058,0,0.07,0.1,-0.1,0,[Fe/H],4.3,0.06,-0.06,0,2,0.8,-0.8,0,,,,,9.3,0.5,-0.5,0,0.000676084,0.000108409,-8.12E-05,7.368909611876617,0.4181204183911181,-0.873432064,0.002750626,0.000225264,-0.000185536,0.2994758460505904,0.043004002,-0.040945916,9.067301670234716e+74,9.067301670234716e+74,-9.07E+74,3.036312841707786,0.085190263,-0.116985495,HJ,A1,0.999999501,B,4.987788700072629e-07
HAT-P-46 b,HAT-P-46,1,1,1,Transit,2014,HATNet,Published Confirmed,0,<a refstr=HARTMAN_ET_AL__2014 href=https://ui.adsabs.harvard.edu/abs/2014AJ....147..128H/abstract target=ref> Hartman et al. 2014 </a>,4.463129,4.8e-05,-4.80E-05,0,0.0577,0.0014,-0.0009,0,14.392,3.038,-1.491,0,1.284,0.271,-0.133,0,0.493,0.082,-0.052,0,0.28,0.1,-0.1,0,0.123,0.12,-0.12,0,1458,140,-75,0,85.5,0.8,-2.3,0,0,8.86,0.89,-1.24,0,52.2,6.8,-6.8,0,<a refstr=HARTMAN_ET_AL__2014 href=https://ui.adsabs.harvard.edu/abs/2014AJ....147..128H/abstract target=ref> Hartman et al. 2014 </a>,,6120,100,-100,0,1.396,0.293,-0.136,0,1.284,0.095,-0.06,0,0.3,0.1,-0.1,0,[Fe/H],4.25,0.11,-0.11,0,2.5,0.7,-1,0,,,,,4.9,0.5,-0.5,0,0.00036639,6.330044447518572e-05,-4.72E-05,8.887916893,0.8923222895197073,-1.870588133,0.002862748,0.000273398,-0.00021128,0.2624998902810525,0.047871782,-0.046512242,6.966469120537559e+74,6.966469120537559e+74,-6.97E+74,2.869903910174917,0.1153806797995342,-0.188960154,HJ,A1,0.9999913759442224,B,8.624054341181e-06
HAT-P-50 b,HAT-P-50,1,1,1,Transit,2015,HATNet,Published Confirmed,0,<a refstr=HARTMAN_ET_AL__2015 href=https://ui.adsabs.harvard.edu/abs/2015AJ....150..168H/abstract target=ref>Hartman et al. 2015</a>,3.1220109,6.5e-06,-6.50E-06,0,0.0453,0.00058,-0.0014,0,14.437192,0.717376,-0.717376,0,1.288,0.064,-0.064,0,1.35,0.073,-0.073,0,0.78,0.11,-0.11,0,0.115,,,1,1862,34,-34,0,83.65,0.57,-0.57,0,0,5.68,0.19,-0.19,0,161.3,5.6,-5.6,0,<a refstr=HARTMAN_ET_AL__2015 href=https://ui.adsabs.harvard.edu/abs/2015AJ....150..168H/abstract target=ref>Hartman et al. 2015</a>,,6280,49,-49,0,1.698,0.071,-0.071,0,1.273,0.049,-0.115,0,-0.18,0.08,-0.08,0,[Fe/H],4.072,0.029,-0.029,0,3.37,1.44,-0.27,0,0.357,0.037,-0.037,0,8.9,0.5,-0.5,0,0.001011968,0.000106545,-6.72E-05,5.736805241282771,0.2508717825531235,-0.298287721,0.003153407,0.000201153,-0.000191093,0.3859460812689271,0.042949873,-0.032025011,1.5059402299557131e+75,1.5059402299557131e+75,-1.51E+75,3.3046890808107756,0.049135134,-0.049135134,HJ,A1,0.9999968633501628,B,3.136562670356345e-06
HAT-P-51 b,HAT-P-51,1,1,1,Transit,2015,HATNet,Published Confirmed,0,<a refstr=KANG_ET_AL__2024 href=https://arxiv.org/abs/2401.03715 target=ref>Kang et al. 2024</a>,4.21802091,6.6e-07,-6.60E-07,0,0.05042,0.00068,-0.00065,0,13.50682174,0.19055267,-0.17934369,0,1.205,0.017,-0.016,0,0.307,0.021,-0.02,0,0.218,0.014,-0.014,0,,,,,1168.2,6.9,-7,0,89.28,0.3,-0.3,0,0,10.86,0.08,-0.08,0,39.7,2.4,-2.5,0,<a refstr=KANG_ET_AL__2024 href=https://arxiv.org/abs/2401.03715 target=ref>Kang et al. 2024</a>,,5453,31,-32,0,0.995,0.013,-0.013,0,0.961,0.04,-0.036,0,0.302,0.052,-0.059,0,[Fe/H],4.4256,0.0069,-0.0073,0,8.1,2.7,-2.5,0,1.38,0.012,-0.02,0,,,,,0.000304843,2.3774675722773695e-05,-2.36E-05,10.89655839929849,0.2046100220978998,-0.200004226,0.002352816,0.000116131,-0.000112563,0.2310458514041527,0.015653701,-0.015095005,5.396980062198755e+74,5.396980062198755e+74,-5.40E+74,2.719351320018768,0.031867619,-0.030832481,HJ,A1,0.9999681279137812,B,3.1872080947599605e-05
HAT-P-52 b,HAT-P-52,1,1,1,Transit,2015,HATNet,Published Confirmed,0,<a refstr=HARTMAN_ET_AL__2015 href=https://ui.adsabs.harvard.edu/abs/2015AJ....150..168H/abstract target=ref>Hartman et al. 2015</a>,2.7535953,9.4e-06,-9.40E-06,0,0.03694,0.00038,-0.00038,0,11.309881,0.807048,-0.807048,0,1.009,0.072,-0.072,0,0.818,0.029,-0.029,0,0.98,0.21,-0.21,0,0.047,,,1,1218,37,-37,0,87.02,0.86,-0.86,0,0,8.89,0.49,-0.49,0,128.4,3.8,-3.8,0,<a refstr=HARTMAN_ET_AL__2015 href=https://ui.adsabs.harvard.edu/abs/2015AJ....150..168H/abstract target=ref>Hartman et al. 2015</a>,,5131,50,-50,0,0.893,0.047,-0.047,0,0.887,0.027,-0.027,0,0.28,0.08,-0.08,0,[Fe/H],4.483,0.051,-0.051,0,9.4,4.1,-4.1,0,1.75,0.29,-0.29,0,0.6,0.5,-0.5,0,0.000880017,4.112083226741593e-05,-4.11E-05,8.895185768408433,0.4770262201539527,-0.47702622,0.002454446,8.019614343086076e-05,-7.82E-05,0.3671981530382807,0.028602299,-0.025739255,1.3631870136238676e+75,1.3631870136238676e+75,-1.36E+75,3.2991580095608577,0.063864326,-0.063864326,FHJ,A1,0.9993979578169536,B,0.000602042
HAT-P-53 b,HAT-P-53,1,1,1,Transit,2015,HATNet,Published Confirmed,0,<a refstr=HARTMAN_ET_AL__2015 href=https://ui.adsabs.harvard.edu/abs/2015AJ....150..168H/abstract target=ref>Hartman et al. 2015</a>,1.9616241,3.9e-06,-3.90E-06,0,0.03159,0.00042,-0.00042,0,14.773462,1.020019,-1.020019,0,1.318,0.091,-0.091,0,1.484,0.056,-0.056,0,0.8,0.15,-0.15,0,0.134,,,1,1778,48,-48,0,86.2,1.5,-1.5,0,0,5.61,0.28,-0.28,0,226.8,6,-6,0,<a refstr=HARTMAN_ET_AL__2015 href=https://ui.adsabs.harvard.edu/abs/2015AJ....150..168H/abstract target=ref>Hartman et al. 2015</a>,,5956,50,-50,0,1.209,0.081,-0.062,0,1.093,0.043,-0.043,0,0,0.08,-0.08,0,[Fe/H],4.31,0.043,-0.043,0,4.67,1.45,-0.83,0,0.87,0.13,-0.13,0,4.1,0.5,-0.5,0,0.001295613,7.06284675139948e-05,-7.06E-05,5.618662104077119,0.2976626461342733,-0.383776986,0.002387816,9.47995415841586e-05,-9.15E-05,0.360501238,0.030401804,-0.027250879,1.3139171643533342e+75,1.3139171643533342e+75,-1.31E+75,3.325790118790382,0.062169818,-0.062169818,FHJ,A1,0.9999960970189102,B,3.895782875233861e-06
HAT-P-54 b,HAT-P-54,1,1,1,Transit,2015,HATNet,Published Confirmed,0,<a refstr=BAKOS_ET_AL__2015 href=https://ui.adsabs.harvard.edu/abs/2015AJ....149..149B/abstract target=ref>Bakos et al. 2015</a>,3.799847,1.4e-05,-1.40E-05,0,0.04117,0.00043,-0.00043,0,10.581296,0.313852,-0.313852,0,0.944,0.028,-0.028,0,0.76,0.032,-0.032,0,1.118,0.098,-0.098,0,0.074,,,1,818,12,-12,0,87.04,0.084,-0.084,0,0,14.34,0.22,-0.22,0,132.6,4.9,-4.9,0,<a refstr=BAKOS_ET_AL__2015 href=https://ui.adsabs.harvard.edu/abs/2015AJ....149..149B/abstract target=ref>Bakos et al. 2015</a>,,4390,50,-50,0,0.617,0.013,-0.013,0,0.645,0.02,-0.02,0,-0.127,0.08,-0.08,0,[Fe/H],4.667,0.012,-0.012,0,3.9,4.3,-2.1,0,,,,,2.35,0.5,-0.5,0,0.001124386,5.879509187120701e-05,-5.88E-05,14.348460058768042,0.3374236385400172,-0.337423639,0.00296833,0.000104617,-0.000102145,0.4530166444787086,0.026390271,-0.02494641,2.0748312562089013e+75,2.0748312562089013e+75,-2.07E+75,3.3250566420480094,0.031593116,-0.031593116,HJ,A1,0.9996775577465008,B,0.000322441
HAT-P-55 b,HAT-P-55,1,1,1,Transit,2015,HATNet,Published Confirmed,0,<a refstr=KANG_ET_AL__2024 href=https://arxiv.org/abs/2401.03715 target=ref>Kang et al. 2024</a>,3.5852313,5.1e-07,-5.10E-07,0,0.04628,0.00074,-0.00072,0,14.84069045,0.25780656,-0.24659758,0,1.324,0.023,-0.022,0,0.596,0.073,-0.072,0,0.318,0.04,-0.039,0,,,,,1367,11,-11,0,86.8,0.22,-0.22,0,0,9.06,0.16,-0.16,0,77.6,9.1,-9.2,0,<a refstr=KANG_ET_AL__2024 href=https://arxiv.org/abs/2401.03715 target=ref>Kang et al. 2024</a>,,5804,37,-37,0,1.105,0.018,-0.017,0,1.028,0.05,-0.048,0,0.003,0.049,-0.032,0,[Fe/H],4.363,0.014,-0.013,0,5.3,2.3,-1.9,0,1.073,0.036,-0.034,0,,,,,0.000553241,7.251965224101836e-05,-7.20E-05,9.006180825068277,0.1998387316689575,-0.202866277,0.002634255,0.0001919,-0.000188941,0.2844867467052748,0.029288461,-0.02824664,8.182359216598211e+74,8.182359216598211e+74,-8.18E+74,2.925657328,0.055116995,-0.054591745,HJ,A1,0.9999975059181014,B,2.4940753625479657e-06
HAT-P-58 b,HAT-P-58,1,1,1,Transit,2021,HATNet,Published Confirmed,0,<a refstr=BAKOS_ET_AL__2021 href=https://ui.adsabs.harvard.edu/abs/2021AJ....162....7B/abstract target=ref>Bakos et al. 2021</a>,4.0138379,2.4e-06,-2.40E-06,0,0.04994,0.00044,-0.00044,0,14.93036229,0.48198617,-0.48198617,0,1.332,0.043,-0.043,0,0.372,0.03,-0.03,0,0.194,0.024,-0.024,0,0.073,,,1,1622,18,-18,0,85.64,0.34,-0.34,0,0,7.02,0.15,-0.15,0,46.4,3.6,-3.6,0,<a refstr=BAKOS_ET_AL__2021 href=https://ui.adsabs.harvard.edu/abs/2021AJ....162....7B/abstract target=ref>Bakos et al. 2021</a>,,6078,48,-48,0,1.53,0.034,-0.034,0,1.031,0.028,-0.028,0,-0.224,0.057,-0.057,0,[Fe/H],4.082,0.02,-0.02,0,7.11,0.27,-0.72,0,0.405,0.026,-0.026,0,,,,,0.000344307,2.9298885611592293e-05,-2.93E-05,7.0188618976889785,0.167786529,-0.167786529,0.002426927,0.000108668,-0.000108668,0.2324326199898029,0.017687119,-0.01695652,5.46196130676076e+74,5.46196130676076e+74,-5.46E+74,2.715721528576689,0.044865426,-0.044865426,HJ,A1,0.9999978558012084,B,2.1441956861183965e-06
HAT-P-59 b,HAT-P-59,1,1,1,Transit,2021,HATNet,Published Confirmed,0,<a refstr=BAKOS_ET_AL__2021 href=https://ui.adsabs.harvard.edu/abs/2021AJ....162....7B/abstract target=ref>Bakos et al. 2021</a>,4.1419771,1.2e-06,-1.20E-06,0,0.05064,0.00037,-0.00037,0,12.58768533,0.14571675,-0.14571675,0,1.123,0.013,-0.013,0,1.54,0.067,-0.067,0,1.347,0.081,-0.081,0,0.03,,,1,1277.8,6.5,-6.5,0,85.18,0.1,-0.1,0,0,9.87,0.12,-0.12,0,192.6,7.7,-7.7,0,<a refstr=BAKOS_ET_AL__2021 href=https://ui.adsabs.harvard.edu/abs/2021AJ....162....7B/abstract target=ref>Bakos et al. 2021</a>,,5678,16,-16,0,1.1038,0.0073,-0.0073,0,1.008,0.022,-0.022,0,0.217,0.049,-0.049,0,[Fe/H],4.356,0.013,-0.013,0,7.3,1,-1,0,1.059,0.038,-0.038,0,,,,,0.001457879,7.096089386109498e-05,-7.10E-05,9.865359082165568,0.097224209,-0.097224209,0.003981321,0.000116457,-0.000115182,0.5245294156380611,0.022383824,-0.021804023,2.781596690199125e+75,2.781596690199125e+75,-2.78E+75,3.4809482466769035,0.021403461,-0.021403461,HJ,A1,0.9999920507323216,B,7.942228727350637e-06
HAT-P-60 b,HAT-P-60,1,1,1,Transit,2021,HATNet,Published Confirmed,0,<a refstr=BAKOS_ET_AL__2021 href=https://ui.adsabs.harvard.edu/abs/2021AJ....162....7B/abstract target=ref>Bakos et al. 2021</a>,4.7947813,2.4e-06,-2.40E-06,0,0.06277,0.00017,-0.00017,0,18.28184752,0.26901554,-0.26901554,0,1.631,0.024,-0.024,0,0.574,0.038,-0.038,0,0.164,0.013,-0.013,0,0.25,,,1,1772,12,-12,0,83.75,0.17,-0.17,0,0,6.146,0.057,-0.077,0,54.1,3.5,-3.5,0,<a refstr=BAKOS_ET_AL__2021 href=https://ui.adsabs.harvard.edu/abs/2021AJ....162....7B/abstract target=ref>Bakos et al. 2021</a>,,6212,26,-26,0,2.197,0.027,-0.02,0,1.435,0.012,-0.012,0,0.037,0.037,-0.037,0,[Fe/H],3.9114,0.0097,-0.0097,0,2.765,0.042,-0.056,0,0.1909,0.0054,-0.0071,0,,,,,0.000381699,2.547009129136122e-05,-2.55E-05,6.143723499755864,0.058350941,-0.077314885,0.003157079,8.5985388742057e-05,-8.82E-05,0.2479487157483279,0.011416347,-0.011400825,6.215530334974845e+74,6.215530334974845e+74,-6.22E+74,2.7281910086807777,0.031464118,-0.031464118,HJ,A1,0.999999991,B,8.636939853835874e-09
HAT-P-61 b,HAT-P-61,1,1,1,Transit,2021,HATNet,Published Confirmed,0,<a refstr=BAKOS_ET_AL__2021 href=https://ui.adsabs.harvard.edu/abs/2021AJ....162....7B/abstract target=ref>Bakos et al. 2021</a>,1.90231289,7.7e-07,-7.70E-07,0,0.0301,0.00034,-0.00034,0,10.07687365,0.30264248,-0.30264248,0,0.899,0.027,-0.027,0,1.057,0.07,-0.07,0,1.8,0.2,-0.2,0,0.113,,,1,1505,16,-16,0,83.62,0.24,-0.24,0,0,6.9,0.13,-0.13,0,173,11,-11,0,<a refstr=BAKOS_ET_AL__2021 href=https://ui.adsabs.harvard.edu/abs/2021AJ....162....7B/abstract target=ref>Bakos et al. 2021</a>,,5587,45,-45,0,0.938,0.011,-0.011,0,1.004,0.033,-0.033,0,0.194,0.06,-0.06,0,[Fe/H],4.496,0.021,-0.021,0,2.6,2,-2,0,1.715,0.094,-0.094,0,,,,,0.001004622,7.42748843571714e-05,-7.43E-05,6.900383807568454,0.1123548602148145,-0.11235486,0.002090228,9.347187925449076e-05,-9.19E-05,0.3751948105865316,0.027058112,-0.025682118,1.4232071266608568e+75,1.4232071266608568e+75,-1.42E+75,3.5107426422043244,0.03882939,-0.03882939,FHJ,A1,0.9898651749213796,B,0.010134825
HAT-P-62 b,HAT-P-62,1,1,1,Transit,2021,HATNet,Published Confirmed,0,<a refstr=BAKOS_ET_AL__2021 href=https://ui.adsabs.harvard.edu/abs/2021AJ....162....7B/abstract target=ref>Bakos et al. 2021</a>,2.6453235,3.9e-06,-3.90E-06,0,0.03772,0.00024,-0.00024,0,12.02723629,0.32506044,-0.32506044,0,1.073,0.029,-0.029,0,0.761,0.088,-0.088,0,0.77,0.11,-0.11,0,0.101,,,1,1512,13,-13,0,87.93,0.64,-0.64,0,0,6.93,0.11,-0.11,0,110,13,-13,0,<a refstr=BAKOS_ET_AL__2021 href=https://ui.adsabs.harvard.edu/abs/2021AJ....162....7B/abstract target=ref>Bakos et al. 2021</a>,,5629,48,-48,0,1.17,0.016,-0.016,0,1.023,0.02,-0.02,0,0.414,0.09,-0.09,0,[Fe/H],4.312,0.015,-0.015,0,8.1,1.1,-1.1,0,0.901,0.042,-0.042,0,,,,,0.000709856,8.325075913231826e-05,-8.33E-05,6.932588341816456,0.1045638114995741,-0.104563811,0.002333036,0.000118144,-0.0001222,0.3231642241931837,0.027425364,-0.027119616,1.0558470639496672e+75,1.0558470639496672e+75,-1.06E+75,3.2143722512020267,0.055436513,-0.055436513,FHJ,A1,0.999659776,B,0.000340224
HAT-P-63 b,HAT-P-63,1,1,1,Transit,2021,HATNet,Published Confirmed,0,<a refstr=BAKOS_ET_AL__2021 href=https://ui.adsabs.harvard.edu/abs/2021AJ....162....7B/abstract target=ref>Bakos et al. 2021</a>,3.377728,1.3e-05,-1.30E-05,0,0.04294,0.00035,-0.00035,0,12.5428494,0.36989636,-0.36989636,0,1.119,0.033,-0.033,0,0.614,0.024,-0.024,0,0.54,0.055,-0.055,0,0.069,,,1,1237,11,-11,0,88.45,0.44,-0.44,0,0,9.56,0.14,-0.14,0,87.3,3.2,-3.2,0,<a refstr=BAKOS_ET_AL__2021 href=https://ui.adsabs.harvard.edu/abs/2021AJ....162....7B/abstract target=ref>Bakos et al. 2021</a>,,5400,55,-39,0,0.9661,0.011,-0.0082,0,0.925,0.023,-0.023,0,0.251,0.061,-0.061,0,[Fe/H],4.435,0.015,-0.015,0,9,1.7,-1.7,0,1.448,0.061,-0.061,0,,,,,0.000633415,2.934377558161945e-05,-2.93E-05,9.557615349510398,0.112471221,-0.133833222,0.002556923,7.600528164801662e-05,-7.47E-05,0.3189422691363857,0.01661661,-0.015809978,1.0284392036737936e+75,1.0284392036737936e+75,-1.03E+75,3.0846952364478235,0.030729683,-0.030729683,HJ,A1,0.9999026413792566,B,9.7358604851558e-05
HAT-P-64 b,HAT-P-64,1,1,1,Transit,2021,HATNet,Published Confirmed,0,<a refstr=BAKOS_ET_AL__2021 href=https://ui.adsabs.harvard.edu/abs/2021AJ....162....7B/abstract target=ref>Bakos et al. 2021</a>,4.007232,1.7e-06,-1.70E-06,0,0.05387,0.0003,-0.0003,0,19.08889413,0.78462865,-0.78462865,0,1.703,0.07,-0.07,0,0.58,0.18,-0.13,0,0.144,0.046,-0.035,0,0.101,,,1,1766,22,-16,0,88.01,0.7,-0.7,0,0,6.67,0.12,-0.12,0,62,18,-18,0,<a refstr=BAKOS_ET_AL__2021 href=https://ui.adsabs.harvard.edu/abs/2021AJ....162....7B/abstract target=ref>Bakos et al. 2021</a>,,6457,29,-29,0,1.735,0.041,-0.028,0,1.298,0.021,-0.021,0,-0.113,0.027,-0.056,0,[Fe/H],4.072,0.015,-0.015,0,2.88,0.13,-0.13,0,0.35,0.018,-0.018,0,,,,,0.000426398,0.00013251,-9.58E-05,6.676626572701225,0.1139845039786012,-0.162098175,0.002811328,0.00029905,-0.000256131,0.2375885997956338,0.043200637,-0.034692781,5.70697092685602e+74,5.70697092685602e+74,-5.71E+74,2.695185736001091,0.1394295285942952,-0.103682699,HJ,A1,0.9999999979625778,B,2.0367727398272475e-09
HAT-P-65 b,HAT-P-65,1,1,1,Transit,2016,HATNet,Published Confirmed,0,<a refstr=KANG_ET_AL__2024 href=https://arxiv.org/abs/2401.03715 target=ref>Kang et al. 2024</a>,2.60544751,5e-07,-4.90E-07,0,0.04042,0.00057,-0.00055,0,18.05766791,0.26901554,-0.26901554,0,1.611,0.024,-0.024,0,0.554,0.092,-0.091,0,0.164,0.027,-0.027,0,,,,,1818,13,-13,0,88.3,1,-1,0,0,5.18,0.07,-0.07,0,68,11,-11,0,<a refstr=KANG_ET_AL__2024 href=https://arxiv.org/abs/2401.03715 target=ref>Kang et al. 2024</a>,,5872,40,-40,0,1.666,0.024,-0.024,0,1.297,0.056,-0.053,0,0.208,0.05,-0.055,0,[Fe/H],4.1079,0.0068,-0.0074,0,3.9,0.8,-0.8,0,0.397,0.003,-0.006,0,,,,,0.000407597,6.970675945340903e-05,-6.92E-05,5.217120914773844,0.1051726041967634,-0.103383256,0.00207794,0.000171091,-0.000174289,0.2068797879723768,0.024560706,-0.024326937,4.327036800973812e+74,4.327036800973812e+74,-4.33E+74,2.7235057222533494,0.073272738,-0.072501266,FHJ,A1,0.99999998,B,2.0459970346804465e-08
HAT-P-66 b,HAT-P-66,1,1,1,Transit,2016,HATNet,Published Confirmed,0,<a refstr=HARTMAN_ET_AL__2016 href=https://ui.adsabs.harvard.edu/abs/2016AJ....152..182H/abstract target=ref>Hartman et al. 2016</a>,2.972086,5.7e-06,-5.70E-06,0,0.04363,0.00121,-0.00064,0,17.82231,1.79344,-1.1209,0,1.59,0.16,-0.1,0,0.783,0.057,-0.057,0,0.242,0.045,-0.061,0,0.09,,,1,1896,66,-42,0,86.2,1.8,-1.8,0,0,5.01,0.21,-0.32,0,93.5,5.7,-5.7,0,<a refstr=HARTMAN_ET_AL__2016 href=https://ui.adsabs.harvard.edu/abs/2016AJ....152..182H/abstract target=ref>Hartman et al. 2016</a>,G0,6002,50,-50,0,1.881,0.151,-0.095,0,1.255,0.107,-0.054,0,0.035,0.08,-0.08,0,[Fe/H],3.993,0.045,-0.045,0,4.66,0.52,-1.12,0,0.269,0.04,-0.04,0,7.57,0.5,-0.5,0,0.00059536,5.034502509172468e-05,-6.67E-05,4.987765278271622,0.2873875355858151,-0.407029827,0.002544903,0.000172106,-0.000165504,0.2614784164700787,0.028449871,-0.032798914,6.912356943405895e+74,6.912356943405895e+74,-6.91E+74,2.8851545517803965,0.063117128,-0.092947259,FHJ,A1,0.9999999792039278,B,2.0793441737919e-08
HAT-P-68 b,HAT-P-68,1,1,1,Transit,2020,HATNet,Published Confirmed,0,<a refstr=LINDOR_ET_AL__2021 href=https://ui.adsabs.harvard.edu/abs/2021AJ....161...64L/abstract target=ref>Lindor et al. 2021</a>,2.29840551,5.2e-07,-5.20E-07,0,0.02996,0.00043,-0.00012,0,12.016048,0.134508,-0.134508,0,1.072,0.012,-0.012,0,0.724,0.043,-0.043,0,0.727,0.051,-0.051,0,0.041,,,1,1027.8,8.2,-8.2,0,88.73,0.47,-0.27,0,0,9.6,0.185,-0.047,0,143.4,8.4,-8.4,0,<a refstr=LINDOR_ET_AL__2021 href=https://ui.adsabs.harvard.edu/abs/2021AJ....161...64L/abstract target=ref>Lindor et al. 2021</a>,K,4508,43,-43,0,0.6701,0.0041,-0.0032,0,0.6785,0.0299,-0.0079,0,-0.059,0.036,-0.036,0,[Fe/H],4.615,0.013,-0.013,0,11.1,1.1,-6.9,0,3.165,0.187,-0.046,0,0,2,-2,0,0.00101824,6.16267253982491e-05,-7.53E-05,9.614169648,0.1454245741803357,-0.070307568,0.002089864,7.961084593445262e-05,-7.95E-05,0.3451045241135341,0.016772582,-0.020015856,1.2040811826636545e+75,1.2040811826636545e+75,-1.20E+75,3.193536034,0.027565442,-0.027565442,FHJ,A1,0.999800018,B,0.00019998
HAT-P-69 b,HAT-P-69,1,1,1,Transit,2019,HATNet,Published Confirmed,0,<a refstr=ZHOU_ET_AL__2019 href=https://ui.adsabs.harvard.edu/abs/2019AJ....158..141Z/abstract target=ref>Zhou et al. 2019</a>,4.7869491,1.8e-06,-2.10E-06,0,0.06555,0.0007,-0.00035,0,18.786284,0.571659,-0.369897,0,1.676,0.051,-0.033,0,3.58,0.58,-0.58,0,1.02,0.18,-0.16,0,0,,,0,1930,80,-230,0,87.19,0.52,-0.72,0,0,7.32,0.16,-0.18,0,309,49,-49,0,<a refstr=ZHOU_ET_AL__2019 href=https://ui.adsabs.harvard.edu/abs/2019AJ....158..141Z/abstract target=ref>Zhou et al. 2019</a>,,7394,360,-600,0,1.926,0.06,-0.031,0,1.648,0.058,-0.026,0,-0.069,0.058,-0.075,0,[Fe/H],4.11,0.034,-0.064,0,1.27,0.28,-0.44,0,,,,,77.44,0.55,-0.57,0,0.002072942,0.000337428,-0.000343673,7.318566163218024,0.1413647935135198,-0.231317295,0.005795106,0.000395219,-0.000423035,0.5824987989636127,0.060156634,-0.067588561,3.4303981736029094e+75,3.4303981736029094e+75,-3.43E+75,3.499522036418715,0.072409229,-0.075161133,HJ,A2,0.9999984981017864,C,1.501243848663031e-06
HAT-P-70 b,HAT-P-70,1,1,1,Transit,2019,HATNet,Published Confirmed,0,<a refstr=ZHOU_ET_AL__2019 href=https://ui.adsabs.harvard.edu/abs/2019AJ....158..141Z/abstract target=ref>Zhou et al. 2019</a>,2.74432452,7.9e-07,-6.80E-07,0,0.04739,0.00031,-0.00106,0,20.96083,1.68135,-1.1209,0,1.87,0.15,-0.1,0,6.78,,,0,1.54,,,0,0,,,0,2562,43,-52,0,96.5,1.42,-0.91,0,0,5.45,0.29,-0.49,0,649,,,0,<a refstr=ZHOU_ET_AL__2019 href=https://ui.adsabs.harvard.edu/abs/2019AJ....158..141Z/abstract target=ref>Zhou et al. 2019</a>,,8450,540,-690,0,1.858,0.119,-0.091,0,1.89,0.01,-0.013,0,-0.059,0.075,-0.088,0,[Fe/H],4.181,0.055,-0.063,0,0.6,0.38,-0.2,0,,,,,99.85,0.64,-0.61,0,0.003423177,,,5.484671098937298,0.2710102465704068,-0.372084456,0.0049521,,,0.6025447123809793,,,3.670565880152538e+75,,,3.6817335191574214,,,UHJ,C,0.9934607544901636,A,0.006539246
HAT-P-9 b,HAT-P-9,1,1,1,Transit,2008,HATNet,Published Confirmed,0,<a refstr=WANG_ET_AL__2019 href=https://ui.adsabs.harvard.edu/abs/2019AJ....157...82W/abstract target=ref>Wang et al. 2019</a>,3.92281072,1.02e-06,-1.02E-06,0,0.05287,0.00078,-0.00078,0,15.614137,0.751003,-0.728585,0,1.393,0.067,-0.065,0,0.749,0.064,-0.063,0,0.342,0.057,-0.048,0,0.084,0.052,-0.047,0,1540,32,-30,0,86.44,0.37,-0.36,0,0,8.5,0.34,-0.35,0,82.1,6.5,-6.4,0,<a refstr=WANG_ET_AL__2019 href=https://ui.adsabs.harvard.edu/abs/2019AJ....157...82W/abstract target=ref>Wang et al. 2019</a>,,6350,150,-150,0,1.338,0.065,-0.06,0,1.281,0.057,-0.056,0,0.12,0.2,-0.2,0,[Fe/H],4.293,0.033,-0.035,0,,,,,0.755,0.094,-0.088,0,,,,,0.000557948,5.355233178064769e-05,-5.31E-05,8.496944609348093,0.4011201414576539,-0.431396285,0.003017868,0.00017662,-0.000171941,0.2976995818950734,0.029524937,-0.027417326,8.960059907129313e+74,8.960059907129313e+74,-8.96E+74,2.9807666232148953,0.054952514,-0.05549526,HJ,A1,0.999999161,B,8.391324578669894e-07
HATS-1 b,HATS-1,1,1,1,Transit,2012,HATSouth,Published Confirmed,0,<a refstr=PENEV_ET_AL__2013 href=https://ui.adsabs.harvard.edu/abs/2013AJ....145....5P/abstract target=ref> Penev et al. 2013 </a>,3.446459,4e-06,-4.00E-06,0,0.0444,0.0008,-0.0008,0,14.594,1.816,-1.098,0,1.302,0.162,-0.098,0,1.855,0.262,-0.196,0,1.03,0.25,-0.25,0,0.12,0.092,-0.092,0,1359,89,-59,0,85.6,0.6,-1.4,0,0,9.2,0.82,-0.82,0,254.1,33.1,-33.1,0,<a refstr=PENEV_ET_AL__2013 href=https://ui.adsabs.harvard.edu/abs/2013AJ....145....5P/abstract target=ref> Penev et al. 2013 </a>,,5870,100,-100,0,1.038,0.128,-0.075,0,0.986,0.054,-0.054,0,-0.06,0.12,-0.12,0,[Fe/H],4.4,0.08,-0.08,0,,,,,,,,,2.52,0.5,,0,0.001795264,0.000271958,-0.000213655,9.198038155,0.6849505449566655,-1.146291375,0.003741554,0.000314342,-0.000264024,0.5061768469260464,0.077390832,-0.070602782,2.590353386464829e+75,2.590353386464829e+75,-2.59E+75,3.4333089838500745,0.089648193,-0.117411741,HJ,A1,0.9999985430217936,C,9.226144225037502e-07
HATS-10 b,HATS-10,1,1,1,Transit,2015,HATSouth,Published Confirmed,0,<a refstr=BRAHM_ET_AL__2015 href=https://ui.adsabs.harvard.edu/abs/2015AJ....150...33B/abstract target=ref>Brahm et al. 2015</a>,3.312846,5.8e-06,-5.80E-06,0,0.04491,0.00074,-0.00074,0,10.861521,0.683749,-0.504405,0,0.969,0.061,-0.045,0,0.526,0.081,-0.081,0,0.7,0.15,-0.15,0,0.501,,,1,1407,39,-39,0,87.79,0.72,-0.72,0,0,8.73,0.29,-0.44,0,67,10,-10,0,<a refstr=BRAHM_ET_AL__2015 href=https://ui.adsabs.harvard.edu/abs/2015AJ....150...33B/abstract target=ref>Brahm et al. 2015</a>,,5880,120,-120,0,1.105,0.055,-0.04,0,1.101,0.054,-0.054,0,0.15,0.1,-0.1,0,[Fe/H],4.392,0.032,-0.032,0,3.3,1.7,-1.7,0,1.15,0.12,-0.16,0,5.68,0.7,-0.7,0,0.00045589,7.367833135001017e-05,-7.37E-05,8.739576077221614,0.3475978010455227,-0.458218186,0.002396565,0.000201808,-0.000202581,0.2973662220700841,0.04084514,-0.040494153,8.940004442988681e+74,8.940004442988681e+74,-8.94E+74,3.1425252284155643,0.078100849,-0.086385552,HJ,A1,0.9964049501304932,B,0.00359505
HATS-13 b,HATS-13,1,1,1,Transit,2015,HATSouth,Published Confirmed,0,<a refstr=MANCINI_ET_AL__2015 href=https://ui.adsabs.harvard.edu/abs/2015A&A...580A..63M/abstract target=ref>Mancini et al. 2015</a>,3.0440499,2.7e-06,-2.70E-06,0,0.04057,0.00041,-0.00041,0,13.585308,0.392315,-0.392315,0,1.212,0.035,-0.035,0,0.543,0.072,-0.072,0,0.377,0.058,-0.058,0,0.181,,,1,1244,20,-20,0,88.55,0.43,-0.43,0,0,9.82,0.18,-0.18,0,78,10,-10,0,<a refstr=MANCINI_ET_AL__2015 href=https://ui.adsabs.harvard.edu/abs/2015A&A...580A..63M/abstract target=ref>Mancini et al. 2015</a>,,5523,69,-69,0,0.887,0.019,-0.019,0,0.962,0.029,-0.029,0,0.05,0.06,-0.06,0,[Fe/H],4.524,0.017,-0.017,0,2.5,1.7,-1.7,0,1.93,0.11,-0.11,0,2.82,0.3,-0.3,0,0.000538625,7.324231829549418e-05,-7.32E-05,9.835376241784166,0.232948897,-0.232948897,0.002288723,0.000145814,-0.000149336,0.2746922182310626,0.028052981,-0.027451478,7.628640985336811e+74,7.628640985336811e+74,-7.63E+74,2.961981628291668,0.062811671,-0.062811671,HJ,A1,0.9999705053431412,B,2.9494646766228833e-05
HATS-14 b,HATS-14,1,1,1,Transit,2015,HATSouth,Published Confirmed,0,<a refstr=MANCINI_ET_AL__2015 href=https://ui.adsabs.harvard.edu/abs/2015A&A...580A..63M/abstract target=ref>Mancini et al. 2015</a>,2.7667641,2.7e-06,-2.70E-06,0,0.03815,0.00032,-0.00032,0,11.646151,0.358688,-0.246598,0,1.039,0.032,-0.022,0,1.071,0.07,-0.07,0,1.191,0.098,-0.14,0,0.142,,,1,1276,20,-20,0,88.83,0.66,-0.66,0,0,8.8,0.12,-0.22,0,158,10,-10,0,<a refstr=MANCINI_ET_AL__2015 href=https://ui.adsabs.harvard.edu/abs/2015A&A...580A..63M/abstract target=ref>Mancini et al. 2015</a>,,5346,60,-60,0,0.933,0.023,-0.015,0,0.967,0.024,-0.024,0,0.33,0.06,-0.06,0,[Fe/H],4.484,0.02,-0.02,0,4.9,1.7,-1.7,0,1.682,0.071,-0.126,0,3.8,1.2,-1.2,0,0.001056877,7.388957218777319e-05,-7.39E-05,8.792704719128269,0.1594447325152784,-0.228958719,0.002694401,0.000103894,-0.000103387,0.4029988246088296,0.024534898,-0.025525357,1.6419579202521792e+75,1.6419579202521792e+75,-1.64E+75,3.3907454140808566,0.033822728,-0.039004714,FHJ,A1,0.999736585,B,0.000263415
HATS-15 b,HATS-15,1,1,1,Transit,2016,HATSouth,Published Confirmed,0,<a refstr=CICERI_ET_AL__2016 href=https://ui.adsabs.harvard.edu/abs/2016PASP..128g4401C/abstract target=ref>Ciceri et al. 2016</a>,1.74748753,9.4e-07,-9.40E-07,0,0.02712,0.00023,-0.00023,0,12.385945,0.44836,-0.44836,0,1.105,0.04,-0.04,0,2.17,0.15,-0.15,0,1.97,0.24,-0.24,0,0.126,,,1,1505,30,-30,0,87.13,0.97,-0.67,0,0,6.33,0.16,-0.16,0,399,26,-26,0,<a refstr=CICERI_ET_AL__2016 href=https://ui.adsabs.harvard.edu/abs/2016PASP..128g4401C/abstract target=ref>Ciceri et al. 2016</a>,G9 V,5311,77,-77,0,0.922,0.027,-0.027,0,0.871,0.023,-0.023,0,0,0.05,-0.05,0,[Fe/H],4.449,0.022,-0.022,0,11,1.4,-2,0,1.57,0.12,-0.12,0,4.18,0.5,-0.5,0,0.002377404,0.00017592,-0.00017592,6.325113955,0.1928368146386988,-0.192836815,0.002509672,0.000101496,-0.000101012,0.4941596454599507,0.035543695,-0.033815773,2.4688176720336767e+75,2.4688176720336767e+75,-2.47E+75,3.6439222161696265,0.04347217,-0.04347217,FHJ,A1,0.9912946190946184,C,0.008622125
HATS-16 b,HATS-16,1,1,1,Transit,2016,HATSouth,Published Confirmed,0,<a refstr=CICERI_ET_AL__2016 href=https://ui.adsabs.harvard.edu/abs/2016PASP..128g4401C/abstract target=ref>Ciceri et al. 2016</a>,2.686502,1.1e-05,-1.10E-05,0,0.03744,0.00045,-0.00045,0,14.5717,1.68135,-1.68135,0,1.3,0.15,-0.15,0,3.27,0.19,-0.19,0,1.86,0.94,-0.48,0,0,,,1,1592,61,-82,0,83.53,1.37,-0.86,0,0,6.5,0.7,-0.43,0,485,25,-25,0,<a refstr=CICERI_ET_AL__2016 href=https://ui.adsabs.harvard.edu/abs/2016PASP..128g4401C/abstract target=ref>Ciceri et al. 2016</a>,G3 V,5738,79,-79,0,1.238,0.097,-0.127,0,0.97,0.035,-0.035,0,-0.1,0.05,-0.05,0,[Fe/H],4.239,0.079,-0.079,0,9.5,1.8,-1.8,0,0.72,0.26,-0.13,0,6.17,0.22,-0.22,0,0.003216899,0.000220023,-0.000220023,6.503165185261041,0.6716893262313683,-0.515497424,0.003832139,0.000168471,-0.000164449,0.6226830397041196,0.075112855,-0.063912789,3.920022299756475e+75,3.920022299756475e+75,-3.92E+75,3.6808480864099686,0.1033497777650539,-0.103349778,FHJ,C,0.9921358581073731,A,0.007864138
HATS-17 b,HATS-17,1,1,1,Transit,2016,HATSouth,Published Confirmed,0,<a refstr=BRAHM_ET_AL__2016 href=https://ui.adsabs.harvard.edu/abs/2016AJ....151...89B/abstract target=ref>Brahm et al. 2016</a>,16.254611,7.3e-05,-7.30E-05,0,0.1308,0.0012,-0.0012,0,8.709393,0.627704,-0.627704,0,0.777,0.056,-0.056,0,1.338,0.065,-0.065,0,3.5,0.85,-0.51,0,0.029,0.022,-0.022,0,814,25,-25,0,89.08,0.26,-0.26,0,0,25.8,1.1,-1.5,0,99.1,4.4,-4.4,0,<a refstr=BRAHM_ET_AL__2016 href=https://ui.adsabs.harvard.edu/abs/2016AJ....151...89B/abstract target=ref>Brahm et al. 2016</a>,G V,5846,78,-78,0,1.091,0.07,-0.046,0,1.131,0.03,-0.03,0,0.3,0.03,-0.03,0,[Fe/H],4.416,0.042,-0.042,0,2.1,1.3,-1.3,0,1.22,0.17,-0.17,0,3.73,0.39,-0.39,0,0.001128899,6.248430459469321e-05,-6.25E-05,25.78057405666101,1.1124248925710891,-1.670939815,0.009443195,0.00032567,-0.000320627,0.8918111555483128,0.07343325,-0.066417976,8.040818610011329e+75,8.040818610011329e+75,-8.04E+75,3.739801114193331,0.06606067,-0.06606067,WJ,A2,0.9999653939306912,B,3.460606918156728e-05
HATS-22 b,HATS-22,1,1,1,Transit,2017,HATSouth,Published Confirmed,0,<a refstr=BENTO_ET_AL__2017 href=https://ui.adsabs.harvard.edu/abs/2017MNRAS.468..835B/abstract target=ref>Bento et al. 2017</a>,4.7228124,5.2e-06,-5.20E-06,0,0.05025,0.00042,-0.00042,0,10.682177,0.538032,-0.325061,0,0.953,0.048,-0.029,0,2.74,0.11,-0.11,0,3.89,0.45,-0.45,0,0.079,0.026,-0.026,0,858,24,-17,0,87.96,0.21,-0.21,0,0,15.7,0.39,-0.65,0,399,15,-15,0,<a refstr=BENTO_ET_AL__2017 href=https://ui.adsabs.harvard.edu/abs/2017MNRAS.468..835B/abstract target=ref>Bento et al. 2017</a>,K V,4803,55,-55,0,0.689,0.028,-0.018,0,0.759,0.019,-0.019,0,0,0.04,-0.04,0,[Fe/H],4.644,0.028,-0.028,0,,,,,3.28,0.25,-0.39,0,0.5,0.5,-0.5,0,0.003444849,0.00016298,-0.00016298,15.682902206859348,0.4301708305779791,-0.6506715,0.005262019,0.00015968,-0.000157012,0.8718841042989719,0.046509436,-0.052100432,7.685497467893797e+75,7.685497467893797e+75,-7.69E+75,3.873751799907091,0.03166389,-0.047094715,HJ,C,0.9712453790019036,A,0.028754551
HATS-23 b,HATS-23,1,1,1,Transit,2017,HATSouth,Published Confirmed,0,<a refstr=BENTO_ET_AL__2017 href=https://ui.adsabs.harvard.edu/abs/2017MNRAS.468..835B/abstract target=ref>Bento et al. 2017</a>,2.1605156,4.5e-06,-4.50E-06,0,0.03397,0.00047,-0.00047,0,20.84874,3.3627,-4.4836,0,1.86,0.3,-0.4,0,1.47,0.072,-0.072,0,0.29,0.3,-0.1,0,0.114,,,1,1654,54,-54,0,81.02,0.93,-0.62,0,0,6.08,0.41,-0.26,0,212.3,8.6,-8.6,0,<a refstr=BENTO_ET_AL__2017 href=https://ui.adsabs.harvard.edu/abs/2017MNRAS.468..835B/abstract target=ref>Bento et al. 2017</a>,G V,5780,120,-120,0,1.199,0.061,-0.081,0,1.121,0.046,-0.046,0,0.28,0.07,-0.07,0,[Fe/H],4.328,0.044,-0.044,0,4.2,1.5,-1.5,0,0.91,0.2,-0.11,0,4.62,0.49,-0.49,0,0.001251334,7.995674307264278e-05,-8.00E-05,6.092365553537919,0.4201206621505288,-0.321210839,0.002538124,0.000113235,-0.000109444,0.3092644111805916,0.05833591,-0.036871081,9.669730187949329e+74,9.669730187949329e+74,-9.67E+74,3.0224784846756996,0.1880006010884926,-0.141700695,FHJ,A1,0.9999999983723948,C,1.489842906760475e-09
HATS-24 b,HATS-24,1,1,1,Transit,2017,HATSouth,Published Confirmed,0,<a refstr=OLIVEIRA_ET_AL__2019 href=https://ui.adsabs.harvard.edu/abs/2019RNAAS...3b..35O/abstract target=ref>Oliveira et al. 2019</a>,1.3484978,9e-07,-9.00E-07,0,0.0238,0.001,-0.001,0,15.636555,0.638913,-0.638913,0,1.395,0.057,-0.057,0,2.26,0.17,-0.17,0,1.03,0.15,-0.15,0,0,,,0,2166,53,-53,0,85.97,0.23,-0.28,0,0,4.561,0.027,-0.03,0,,,,,<a refstr=OLIVEIRA_ET_AL__2019 href=https://ui.adsabs.harvard.edu/abs/2019RNAAS...3b..35O/abstract target=ref>Oliveira et al. 2019</a>,,6125,94,-94,0,1.12,0.044,-0.047,0,1.07,0.032,-0.046,0,-0.229,0.058,-0.058,0,[Fe/H],4.37,0.045,-0.045,0,3.7,2,-1.8,0,,,,,,,,,0.002015515,0.000174624,-0.000163153,4.569498346988644,0.2713533148913783,-0.262846641,0.002084484,0.000173567,-0.000157981,0.379355591,0.039759912,-0.034490492,1.4549479011000474e+75,1.4549479011000474e+75,-1.45E+75,3.459147062291524,0.048236929,-0.048236929,UHJ,A1,0.9998791786891612,C,0.00011835
HATS-25 b,HATS-25,1,1,1,Transit,2016,HATSouth,Published Confirmed,0,<a refstr=ESPINOZA_ET_AL__2016 href=https://ui.adsabs.harvard.edu/abs/2016AJ....152..108E/abstract target=ref>Espinoza et al. 2016</a>,4.2986432,4.5e-06,-4.50E-06,0,0.05163,0.0006,-0.0006,0,14.12334,1.1209,-1.1209,0,1.26,0.1,-0.1,0,0.613,0.042,-0.042,0,0.38,0.1,-0.1,0,0.176,,,1,1277,42,-42,0,86.93,0.71,-0.71,0,0,10.03,0.62,-0.62,0,76.8,5,-5,0,<a refstr=ESPINOZA_ET_AL__2016 href=https://ui.adsabs.harvard.edu/abs/2016AJ....152..108E/abstract target=ref>Espinoza et al. 2016</a>,G,5715,73,-73,0,1.107,0.069,-0.069,0,0.994,0.035,-0.035,0,0.02,0.05,-0.05,0,[Fe/H],4.347,0.053,-0.053,0,7.5,1.9,-1.9,0,1.03,0.2,-0.2,0,3.88,0.5,-0.5,0,0.000588485,4.533324970439894e-05,-4.53E-05,10.02914924937664,0.6358953384853118,-0.635895338,0.002999901,0.00013994,-0.000137398,0.3176768873281632,0.032772374,-0.029315916,1.0202948663453989e+75,1.0202948663453989e+75,-1.02E+75,2.9809064226466453,0.075083521,-0.075083521,HJ,A1,0.9999946465800418,B,5.353412197992969e-06
HATS-26 b,HATS-26,1,1,1,Transit,2016,HATSouth,Published Confirmed,0,<a refstr=ESPINOZA_ET_AL__2016 href=https://ui.adsabs.harvard.edu/abs/2016AJ....152..108E/abstract target=ref>Espinoza et al. 2016</a>,3.3023881,7.6e-06,-7.60E-06,0,0.04735,0.00133,-0.00068,0,19.61575,2.35389,-2.35389,0,1.75,0.21,-0.21,0,0.65,0.076,-0.076,0,0.153,0.042,-0.042,0,0.245,,,1,1918,61,-61,0,86.2,1.9,-1.9,0,0,5.01,0.27,-0.27,0,73.3,8,-8,0,<a refstr=ESPINOZA_ET_AL__2016 href=https://ui.adsabs.harvard.edu/abs/2016AJ....152..108E/abstract target=ref>Espinoza et al. 2016</a>,F,6071,81,-81,0,2.04,0.15,-0.11,0,1.299,0.113,-0.056,0,-0.02,0.05,-0.05,0,[Fe/H],3.936,0.046,-0.046,0,4.04,0.62,-0.94,0,0.218,0.034,-0.034,0,7.48,0.5,-0.5,0,0.000477491,5.950372607910281e-05,-6.96E-05,4.991136026064876,0.3034557629953067,-0.373929594,0.002566068,0.000211635,-0.000206077,0.23252832,0.039009579,-0.035915313,5.466459963397828e+74,5.466459963397828e+74,-5.47E+74,2.7210242976336225,0.1159419914170887,-0.115941991,HJ,A1,0.9999999991248568,B,8.744360225512024e-10
HATS-27 b,HATS-27,1,1,1,Transit,2016,HATSouth,Published Confirmed,0,<a refstr=ESPINOZA_ET_AL__2016 href=https://ui.adsabs.harvard.edu/abs/2016AJ....152..108E/abstract target=ref>Espinoza et al. 2016</a>,4.637038,1.4e-05,-1.40E-05,0,0.0611,0.00068,-0.00068,0,16.8135,2.2418,-1.23299,0,1.5,0.2,-0.11,0,0.53,0.13,-0.13,0,0.18,0.083,-0.057,0,0.581,,,1,1659,66,-46,0,87.3,1.3,-1.3,0,0,7.55,0.42,-0.59,0,51,13,-13,0,<a refstr=ESPINOZA_ET_AL__2016 href=https://ui.adsabs.harvard.edu/abs/2016AJ....152..108E/abstract target=ref>Espinoza et al. 2016</a>,F,6438,64,-64,0,1.74,0.17,-0.1,0,1.415,0.048,-0.048,0,0.09,0.04,-0.04,0,[Fe/H],4.107,0.049,-0.049,0,2.3,0.22,-0.22,0,0.379,0.064,-0.064,0,9.32,0.5,-0.5,0,0.000357422,8.850389343762022e-05,-8.85E-05,7.550949263042764,0.4420245636861278,-0.742507377,0.003006499,0.000301914,-0.000329596,0.2468411006253223,0.045902255,-0.049845505,6.160123404212003e+74,6.160123404212003e+74,-6.16E+74,2.7662803898527826,0.1241162194071499,-0.15735303,HJ,A1,0.9999998658429786,B,1.341563283110747e-07
HATS-28 b,HATS-28,1,1,1,Transit,2016,HATSouth,Published Confirmed,0,<a refstr=ESPINOZA_ET_AL__2016 href=https://ui.adsabs.harvard.edu/abs/2016AJ....152..108E/abstract target=ref>Espinoza et al. 2016</a>,3.1810781,3.9e-06,-3.90E-06,0,0.04131,0.00053,-0.00053,0,13.383546,0.78463,-0.78463,0,1.194,0.07,-0.07,0,0.672,0.087,-0.087,0,0.48,0.11,-0.11,0,0.202,,,1,1253,35,-35,0,86.17,0.42,-0.42,0,0,9.63,0.42,-0.42,0,97,12,-12,0,<a refstr=ESPINOZA_ET_AL__2016 href=https://ui.adsabs.harvard.edu/abs/2016AJ....152..108E/abstract target=ref>Espinoza et al. 2016</a>,G,5498,84,-84,0,0.922,0.04,-0.04,0,0.929,0.036,-0.036,0,0.01,0.06,-0.06,0,[Fe/H],4.476,0.039,-0.039,0,6.2,2.8,-2.8,0,1.67,0.22,-0.22,0,2.6,1,-1,0,0.000690264,9.32818384323139e-05,-9.33E-05,9.634603889963042,0.4358815874250813,-0.435881587,0.002531355,0.000174068,-0.000175383,0.3161440389228421,0.039315869,-0.036666356,1.0104724069057054e+75,1.0104724069057054e+75,-1.01E+75,3.067547657830481,0.075857772,-0.075857772,HJ,A1,0.9999748366481184,B,2.5163325929323416e-05
HATS-29 b,HATS-29,1,1,1,Transit,2016,HATSouth,Published Confirmed,0,<a refstr=ESPINOZA_ET_AL__2016 href=https://ui.adsabs.harvard.edu/abs/2016AJ....152..108E/abstract target=ref>Espinoza et al. 2016</a>,4.6058749,6.3e-06,-6.30E-06,0,0.05475,0.00088,-0.00088,0,14.022459,0.683749,-0.683749,0,1.251,0.061,-0.061,0,0.653,0.063,-0.063,0,0.411,0.06,-0.06,0,0.158,,,1,1212,30,-30,0,87.37,0.34,-0.34,0,0,10.96,0.34,-0.34,0,78.4,7.1,-7.1,0,<a refstr=ESPINOZA_ET_AL__2016 href=https://ui.adsabs.harvard.edu/abs/2016AJ....152..108E/abstract target=ref>Espinoza et al. 2016</a>,G,5670,110,-110,0,1.073,0.038,-0.038,0,1.032,0.049,-0.049,0,0.16,0.08,-0.08,0,[Fe/H],4.389,0.027,-0.027,0,5.5,2.6,-1.7,0,1.17,0.11,-0.11,0,2.35,0.8,-0.8,0,0.000603803,6.492596582837125e-05,-6.49E-05,10.972206984162195,0.4267251953128048,-0.426725195,0.003208549,0.000208168,-0.000203378,0.332554579,0.036205233,-0.033395276,1.118099180700651e+75,1.118099180700651e+75,-1.12E+75,3.0145856,0.059576754,-0.059576754,HJ,A1,0.9999939230340424,B,6.076959094575895e-06
HATS-3 b,HATS-3,1,1,1,Transit,2013,HATSouth,Published Confirmed,0,<a refstr=BAYLISS_ET_AL__2013 href=https://ui.adsabs.harvard.edu/abs/2013AJ....146..113B/abstract target=ref> Bayliss et al. 2013 </a>,3.547851,5e-06,-5.00E-06,0,0.0485,0.0004,-0.0006,0,15.48,0.392,-0.392,0,1.381,0.035,-0.035,0,1.071,0.136,-0.136,0,0.51,0.07,-0.07,0,0,,,0,1648,24,-24,0,86.2,0.3,-0.3,0,0,7.42,0.12,-0.12,0,125.7,15.7,-15.7,0,<a refstr=BAYLISS_ET_AL__2013 href=https://ui.adsabs.harvard.edu/abs/2013AJ....146..113B/abstract target=ref> Bayliss et al. 2013 </a>,F,6351,76,-76,0,1.404,0.03,-0.03,0,1.209,0.036,-0.036,0,-0.157,0.07,-0.07,0,[Fe/H],4.22,0.01,-0.01,0,3.2,0.6,-0.4,0,,,,,9.12,1.31,-1.31,0,0.000845327,0.000110255,-0.000110255,7.428210820477602,0.1701353732202789,-0.183405508,0.003179627,0.000190338,-0.00020753,0.3524831806725119,0.033900978,-0.033960734,1.2561203786317468e+75,1.2561203786317468e+75,-1.26E+75,3.143589152037949,0.059379718,-0.059379718,HJ,A1,0.999999391,B,6.085757221064385e-07
HATS-31 b,HATS-31,1,1,1,Transit,2016,HATSouth,Published Confirmed,0,<a refstr=DE_VAL_BORRO_ET_AL__2016 href=https://ui.adsabs.harvard.edu/abs/2016AJ....152..161D/abstract target=ref>de Val-Borro et al. 2016</a>,3.37796,1.2e-05,-1.20E-05,0,0.0478,0.0012,-0.0012,0,18.38276,2.46598,-2.46598,0,1.64,0.22,-0.22,0,0.88,0.12,-0.12,0,0.243,0.124,-0.088,0,0.233,,,1,1823,81,-81,0,85,2.5,-1.6,0,0,5.49,0.43,-0.43,0,102,13,-13,0,<a refstr=DE_VAL_BORRO_ET_AL__2016 href=https://ui.adsabs.harvard.edu/abs/2016AJ....152..161D/abstract target=ref>de Val-Borro et al. 2016</a>,,6050,120,-120,0,1.87,0.18,-0.18,0,1.275,0.096,-0.096,0,0,0.07,-0.07,0,[Fe/H],4,0.065,-0.065,0,4.3,1.1,-1.1,0,0.275,0.082,-0.059,0,7.01,0.5,-0.5,0,0.000658618,0.000102593,-0.000102593,5.496622107230128,0.5467851800545219,-0.54678518,0.002883581,0.000282618,-0.000270469,0.2834399428155356,0.058444823,-0.047931035,8.122254013306855e+74,8.122254013306855e+74,-8.12E+74,2.908982014418129,0.1307046059558301,-0.130704606,HJ,A1,0.999999994,B,6.386754972271149e-09
HATS-32 b,HATS-32,1,1,1,Transit,2016,HATSouth,Published Confirmed,0,<a refstr=DE_VAL_BORRO_ET_AL__2016 href=https://ui.adsabs.harvard.edu/abs/2016AJ....152..161D/abstract target=ref>de Val-Borro et al. 2016</a>,2.8126548,5.5e-06,-5.50E-06,0,0.04024,0.00053,-0.00053,0,14.000041,1.614096,-1.076064,0,1.249,0.144,-0.096,0,0.92,0.1,-0.1,0,0.58,0.16,-0.16,0,0.471,,,1,1437,58,-58,0,87.1,1.2,-1.2,0,0,7.88,0.46,-0.61,0,124,14,-14,0,<a refstr=DE_VAL_BORRO_ET_AL__2016 href=https://ui.adsabs.harvard.edu/abs/2016AJ....152..161D/abstract target=ref>de Val-Borro et al. 2016</a>,,5700,110,-110,0,1.097,0.098,-0.063,0,1.099,0.044,-0.044,0,0.39,0.05,-0.05,0,[Fe/H],4.396,0.057,-0.057,0,3.5,1.8,-1.8,0,1.17,0.22,-0.22,0,3.56,0.69,-0.69,0,0.000798825,9.25315669585711e-05,-9.25E-05,7.887891618116706,0.4647571660087059,-0.712278629,0.002588817,0.000163108,-0.000162193,0.3281902071579108,0.041308005,-0.042404187,1.0889443854283838e+75,1.0889443854283838e+75,-1.09E+75,3.164849989,0.081764514,-0.110710124,FHJ,A1,0.9999883941327858,B,1.1605834160992875e-05
HATS-33 b,HATS-33,1,1,1,Transit,2016,HATSouth,Published Confirmed,0,<a refstr=DE_VAL_BORRO_ET_AL__2016 href=https://ui.adsabs.harvard.edu/abs/2016AJ....152..161D/abstract target=ref>de Val-Borro et al. 2016</a>,2.5495551,6.1e-06,-6.10E-06,0,0.03727,0.00037,-0.00037,0,13.78707,1.255408,-0.907929,0,1.23,0.112,-0.081,0,1.192,0.053,-0.053,0,0.79,0.19,-0.19,0,0.08,,,1,1429,38,-38,0,87.62,0.92,-0.92,0,0,7.83,0.32,-0.32,0,170.1,6.8,-6.8,0,<a refstr=DE_VAL_BORRO_ET_AL__2016 href=https://ui.adsabs.harvard.edu/abs/2016AJ....152..161D/abstract target=ref>de Val-Borro et al. 2016</a>,,5659,85,-85,0,1.022,0.05,-0.037,0,1.062,0.032,-0.032,0,0.29,0.05,-0.05,0,[Fe/H],4.445,0.036,-0.036,0,3,1.7,-1.7,0,1.4,0.16,-0.16,0,3.87,0.42,-0.42,0,0.001071058,5.752783457370178e-05,-5.75E-05,7.841841988823151,0.2943827277302744,-0.391470748,0.002643971,9.30221195727045e-05,-9.10E-05,0.3685409862488273,0.0291206,-0.030419391,1.3731755164641455e+75,1.3731755164641455e+75,-1.37E+75,3.290653070888778,0.060371281,-0.081414185,FHJ,A1,0.9999871419039896,B,1.2857610345872934e-05
HATS-34 b,HATS-34,1,1,1,Transit,2016,HATSouth,Published Confirmed,0,<a refstr=DE_VAL_BORRO_ET_AL__2016 href=https://ui.adsabs.harvard.edu/abs/2016AJ....152..161D/abstract target=ref>de Val-Borro et al. 2016</a>,2.1061607,4.7e-06,-4.70E-06,0,0.03166,0.00034,-0.00034,0,16.02887,2.12971,-2.12971,0,1.43,0.19,-0.19,0,0.941,0.072,-0.072,0,0.4,0.19,-0.13,0,0.108,,,1,1445,42,-42,0,82.28,0.43,-0.59,0,0,6.96,0.34,-0.34,0,152,11,-11,0,<a refstr=DE_VAL_BORRO_ET_AL__2016 href=https://ui.adsabs.harvard.edu/abs/2016AJ....152..161D/abstract target=ref>de Val-Borro et al. 2016</a>,,5380,73,-73,0,0.98,0.047,-0.047,0,0.955,0.031,-0.031,0,0.25,0.07,-0.07,0,[Fe/H],4.435,0.043,-0.043,0,7.7,2.7,-2.7,0,1.44,0.22,-0.22,0,4.07,0.58,-0.58,0,0.000940259,7.814989164596488e-05,-7.81E-05,6.946954029563528,0.3414208204542962,-0.34142082,0.002150567,0.000101817,-0.000100746,0.2951639721388259,0.040972523,-0.034303916,8.808078090516669e+74,8.808078090516669e+74,-8.81E+74,3.057104586860489,0.1200956920315313,-0.120095692,FHJ,A1,0.999999509,B,4.90940103732404e-07
HATS-35 b,HATS-35,1,1,1,Transit,2016,HATSouth,Published Confirmed,0,<a refstr=DE_VAL_BORRO_ET_AL__2016 href=https://ui.adsabs.harvard.edu/abs/2016AJ....152..161D/abstract target=ref>de Val-Borro et al. 2016</a>,1.8209993,1.6e-06,-1.60E-06,0,0.03199,0.00033,-0.00033,0,16.409976,0.773421,-0.493196,0,1.464,0.069,-0.044,0,1.222,0.078,-0.078,0,0.484,0.042,-0.07,0,0.306,,,1,2037,43,-43,0,86.9,1.3,-1.3,0,0,4.79,0.11,-0.16,0,170,10,-10,0,<a refstr=DE_VAL_BORRO_ET_AL__2016 href=https://ui.adsabs.harvard.edu/abs/2016AJ....152..161D/abstract target=ref>de Val-Borro et al. 2016</a>,,6300,100,-100,0,1.433,0.056,-0.038,0,1.317,0.04,-0.04,0,0.21,0.06,-0.06,0,[Fe/H],4.244,0.023,-0.023,0,2.13,0.51,-0.51,0,0.628,0.045,-0.061,0,8.66,0.34,-0.34,0,0.000885415,6.258765086217018e-05,-6.26E-05,4.800402351961471,0.1365887490042042,-0.194020072,0.002129885,8.951512641976883e-05,-8.83E-05,0.284552287,0.019641623,-0.020864358,8.186129784313941e+74,8.186129784313941e+74,-8.19E+74,3.1501760908251453,0.038077915,-0.04944023,UHJ,A1,0.9999994520658416,B,5.478856353056004e-07
HATS-38 b,HATS-38,1,1,1,Transit,2020,HATSouth,Published Confirmed,0,<a refstr=JORD_AACUTE_N_ET_AL__2020 href=https://ui.adsabs.harvard.edu/abs/2020AJ....160..222J/abstract target=ref>Jord&aacute;n et al. 2020</a>,4.375021,1e-05,-1.00E-05,0,0.05036,0.0003,-0.00023,0,6.882326,0.190553,-0.190553,0,0.614,0.017,-0.017,0,0.074,0.011,-0.011,0,0.403,0.071,-0.071,0,0,,,0,1294,10,-10,0,87.21,0.18,-0.18,0,0,9.81,0.14,-0.14,0,9.9,1.5,-1.5,0,<a refstr=JORD_AACUTE_N_ET_AL__2020 href=https://ui.adsabs.harvard.edu/abs/2020AJ....160..222J/abstract target=ref>Jord&aacute;n et al. 2020</a>,,5732,25,-25,0,1.105,0.016,-0.016,0,0.89,0.016,-0.012,0,-0.102,0.043,-0.043,0,[Fe/H],4.301,0.013,-0.013,0,11.89,0.6,-0.6,0,,,,,3.1,0.27,-0.27,0,7.934199897187339e-05,1.184249862487158e-05,-1.19E-05,9.800157008,0.153442752,-0.148794165,0.001500421,8.746806162093779e-05,-9.32E-05,0.1650297779892841,0.016100234,-0.016496717,2.753462048018184e+74,2.753462048018184e+74,-2.75E+74,2.687082015811997,0.068891161,-0.068891161,HS,B,0.9033909115868104,A,0.096609088
HATS-39 b,HATS-39,1,1,1,Transit,2018,HATSouth,Published Confirmed,0,<a refstr=BENTO_ET_AL__2018 href=https://ui.adsabs.harvard.edu/abs/2018MNRAS.477.3406B/abstract target=ref>Bento et al. 2018</a>,4.5776348,7.3e-06,-7.30E-06,0,0.06007,0.00058,-0.00058,0,17.59813,1.34508,-1.34508,0,1.57,0.12,-0.12,0,0.63,0.13,-0.13,0,0.202,0.072,-0.051,0,0.275,,,1,1645,43,-43,0,84.98,0.49,-0.49,0,0,7.97,0.38,-0.38,0,62,13,-13,0,<a refstr=BENTO_ET_AL__2018 href=https://ui.adsabs.harvard.edu/abs/2018MNRAS.477.3406B/abstract target=ref>Bento et al. 2018</a>,,6572,83,-83,0,1.621,0.085,-0.085,0,1.379,0.04,-0.04,0,0,0.044,-0.044,0,[Fe/H],4.158,0.038,-0.038,0,2.06,0.3,-0.3,0,0.457,0.075,-0.056,0,7.75,0.17,-0.17,0,0.000435951,9.084258561813516e-05,-9.08E-05,7.968640003007813,0.4248743570839172,-0.424874357,0.003158128,0.000269722,-0.000289859,0.2642104040029483,0.043704487,-0.041646249,7.057555372702166e+74,7.057555372702166e+74,-7.06E+74,2.801728283,0.1115283812911227,-0.111528381,HJ,A1,0.99999997,B,3.0074461263431144e-08
HATS-4 b,HATS-4,1,1,1,Transit,2014,HATSouth,Published Confirmed,0,<a refstr=JORDAN_ET_AL__2014 href=https://ui.adsabs.harvard.edu/abs/2014AJ....148...29J/abstract target=ref> Jordan et al. 2014 </a>,2.516729,2e-06,-2.00E-06,0,0.0362,0.0002,-0.0002,0,11.433,0.415,-0.415,0,1.02,0.037,-0.037,0,1.323,0.028,-0.028,0,1.55,0.16,-0.16,0,0.013,0.016,-0.016,0,1315,21,-21,0,88.5,0.6,-0.6,0,0,8.43,0.17,-0.22,0,197.5,3.2,-3.2,0,<a refstr=JORDAN_ET_AL__2014 href=https://ui.adsabs.harvard.edu/abs/2014AJ....148...29J/abstract target=ref> Jordan et al. 2014 </a>,G,5403,50,-50,0,0.925,0.022,-0.022,0,1.001,0.02,-0.02,0,0.43,0.08,-0.08,0,[Fe/H],4.51,0.02,-0.02,0,2.1,1.6,-1.6,0,,,,,0.7,0.5,-0.5,0,0.001261209,3.670784488137254e-05,-3.67E-05,8.415432249843635,0.2054800539948681,-0.205480054,0.002711839,5.262055169780221e-05,-5.17E-05,0.4328125711487527,0.018471378,-0.017458422,1.893887584085952e+75,1.893887584085952e+75,-1.89E+75,3.498546539027022,0.03282093,-0.03282093,FHJ,A1,0.9996631760900928,B,0.000336821
HATS-40 b,HATS-40,1,1,1,Transit,2018,HATSouth,Published Confirmed,0,<a refstr=BENTO_ET_AL__2018 href=https://ui.adsabs.harvard.edu/abs/2018MNRAS.477.3406B/abstract target=ref>Bento et al. 2018</a>,3.2642736,5.8e-06,-5.80E-06,0,0.04997,0.00074,-0.00074,0,17.71022,1.79344,-1.34508,0,1.58,0.16,-0.12,0,1.59,0.24,-0.24,0,0.49,0.13,-0.13,0,0.312,,,1,2101,69,-69,0,85.8,1.8,-1.8,0,0,4.74,0.22,-0.31,0,162,23,-23,0,<a refstr=BENTO_ET_AL__2018 href=https://ui.adsabs.harvard.edu/abs/2018MNRAS.477.3406B/abstract target=ref>Bento et al. 2018</a>,,6460,130,-130,0,2.26,0.18,-0.11,0,1.561,0.069,-0.069,0,0.01,0.077,-0.077,0,[Fe/H],3.921,0.041,-0.041,0,2.07,0.34,-0.34,0,0.189,0.027,-0.027,0,9.52,0.25,-0.25,0,0.000971976,0.000152875,-0.000152875,4.754561840687613,0.2418909586609341,-0.385172076,0.003432054,0.00027334,-0.000276139,0.3586790622177708,0.053792769,-0.052767311,1.300668178623714e+75,1.300668178623714e+75,-1.30E+75,3.198269988774962,0.093001032,-0.109699533,UHJ,A1,0.999999979,B,2.0655343329673315e-08
HATS-41 b,HATS-41,1,1,1,Transit,2018,HATSouth,Published Confirmed,0,<a refstr=BENTO_ET_AL__2018 href=https://ui.adsabs.harvard.edu/abs/2018MNRAS.477.3406B/abstract target=ref>Bento et al. 2018</a>,4.193649,1.3e-05,-1.30E-05,0,0.0583,0.0015,-0.001,0,14.90797,3.25061,-2.2418,0,1.33,0.29,-0.2,0,9.7,1.6,-1.6,0,5.1,3.3,-2.3,0,0.38,0.11,-0.11,0,1710,170,-120,0,80.4,2.3,-4.2,0,0,7.31,0.98,-0.98,0,1080,190,-190,0,<a refstr=BENTO_ET_AL__2018 href=https://ui.adsabs.harvard.edu/abs/2018MNRAS.477.3406B/abstract target=ref>Bento et al. 2018</a>,,6424,91,-91,0,1.71,0.36,-0.24,0,1.496,0.115,-0.078,0,0.47,0.041,-0.041,0,[Fe/H],4.14,0.11,-0.11,0,1.34,0.31,-0.51,0,0.42,0.17,-0.17,0,19.21,0.23,-0.23,0,0.006187306,0.001070359,-0.001125975,7.331317609341259,1.0461034862848702,-1.548549626,0.007420992,0.000732593,-0.000720123,1.0653966110661486,0.2323660073404496,-0.222649395,1.1475644501112195e+76,1.1475644501112195e+76,-1.15E+76,4.133255490695429,0.1489697719344227,-0.202486828,HJ,C,1,A,3.620533528495077e-18
HATS-42 b,HATS-42,1,1,1,Transit,2018,HATSouth,Published Confirmed,0,<a refstr=BENTO_ET_AL__2018 href=https://ui.adsabs.harvard.edu/abs/2018MNRAS.477.3406B/abstract target=ref>Bento et al. 2018</a>,2.292102,2.1e-06,-2.10E-06,0,0.03689,0.00065,-0.00065,0,15.6926,2.80225,-1.56926,0,1.4,0.25,-0.14,0,1.88,0.15,-0.15,0,0.83,0.28,-0.28,0,0.229,,,1,1856,105,-76,0,85.1,2.1,-2.1,0,0,5.36,0.39,-0.56,0,246,17,-17,0,<a refstr=BENTO_ET_AL__2018 href=https://ui.adsabs.harvard.edu/abs/2018MNRAS.477.3406B/abstract target=ref>Bento et al. 2018</a>,,6060,120,-120,0,1.48,0.2,-0.12,0,1.273,0.067,-0.067,0,0.22,0.07,-0.07,0,[Fe/H],4.201,0.07,-0.07,0,3.26,0.83,-0.83,0,0.55,0.13,-0.13,0,6.04,0.36,-0.36,0,0.001409259,0.000134701,-0.000134701,5.359898061062356,0.444729589,-0.730441579,0.002867688,0.000180609,-0.000173991,0.3942192399695309,0.053307521,-0.057703364,1.5711950296733123e+75,1.5711950296733123e+75,-1.57E+75,3.376088816,0.093515616,-0.158928654,FHJ,A1,0.9999993796513366,B,6.10914982936767e-07
HATS-43 b,HATS-43,1,1,1,Transit,2018,HATSouth,Published Confirmed,0,<a refstr=BRAHM_ET_AL__2018 href=https://ui.adsabs.harvard.edu/abs/2018AJ....155..112B/abstract target=ref>Brahm et al. 2018</a>,4.3888497,5.9e-06,-5.90E-06,0,0.04944,0.00046,-0.00046,0,13.22662,0.56045,-0.56045,0,1.18,0.05,-0.05,0,0.261,0.054,-0.054,0,0.191,0.054,-0.038,0,0.173,0.089,-0.089,0,1003,27,-27,0,89.24,0.29,-0.41,0,0,13.04,0.68,-0.41,0,37.5,8,-8,0,<a refstr=BRAHM_ET_AL__2018 href=https://ui.adsabs.harvard.edu/abs/2018AJ....155..112B/abstract target=ref>Brahm et al. 2018</a>,,5099,61,-61,0,0.812,0.032,-0.032,0,0.837,0.023,-0.023,0,0.05,0.041,-0.041,0,[Fe/H],4.539,0.036,-0.036,0,8.6,3,-4.8,0,2.18,0.36,-0.2,0,1.11,0.82,-0.82,0,0.000297561,6.210503467324644e-05,-6.21E-05,13.092784600122782,0.5301570764346546,-0.530157076,0.002288566,0.000193667,-0.000208761,0.2284223187409223,0.032816018,-0.03277425,5.275110185882511e+74,5.275110185882511e+74,-5.28E+74,2.667063531089386,0.097099571,-0.097099571,HJ,A1,0.9999558847728276,B,4.411521766146711e-05
HATS-44 b,HATS-44,1,1,1,Transit,2018,HATSouth,Published Confirmed,0,<a refstr=BRAHM_ET_AL__2018 href=https://ui.adsabs.harvard.edu/abs/2018AJ....155..112B/abstract target=ref>Brahm et al. 2018</a>,2.7439004,3.2e-06,-3.20E-06,0,0.03649,0.0003,-0.0003,0,11.960003,1.401125,-0.795839,0,1.067,0.125,-0.071,0,0.56,0.11,-0.11,0,0.56,0.19,-0.19,0,0.279,,,1,1161,34,-34,0,84.65,0.38,-0.38,0,0,9.24,0.38,-0.38,0,90,17,-17,0,<a refstr=BRAHM_ET_AL__2018 href=https://ui.adsabs.harvard.edu/abs/2018AJ....155..112B/abstract target=ref>Brahm et al. 2018</a>,,5080,100,-100,0,0.847,0.036,-0.036,0,0.86,0.021,-0.021,0,0.32,0.071,-0.071,0,[Fe/H],4.514,0.036,-0.036,0,9.7,2.4,-4,0,1.98,0.25,-0.25,0,0.5,1.1,-1.1,0,0.000621371,0.000122995,-0.000122995,9.264031928973717,0.4010472945276995,-0.401047295,0.002158989,0.000170966,-0.00018423,0.2982169289991994,0.045004527,-0.049355695,8.991228837938413e+74,8.991228837938413e+74,-8.99E+74,3.086046226520617,0.1030435189235036,-0.132784434,FHJ,A1,0.999611711,B,0.000388289
HATS-45 b,HATS-45,1,1,1,Transit,2018,HATSouth,Published Confirmed,0,<a refstr=BRAHM_ET_AL__2018 href=https://ui.adsabs.harvard.edu/abs/2018AJ....155..112B/abstract target=ref>Brahm et al. 2018</a>,4.1876244,5.6e-06,-5.60E-06,0,0.05511,0.00069,-0.00069,0,14.414774,1.042437,-1.042437,0,1.286,0.093,-0.093,0,0.7,0.15,-0.15,0,0.41,0.16,-0.11,0,0.24,,,1,1518,45,-45,0,85.61,0.42,-0.42,0,0,9.02,0.39,-0.39,0,75,16,-16,0,<a refstr=BRAHM_ET_AL__2018 href=https://ui.adsabs.harvard.edu/abs/2018AJ....155..112B/abstract target=ref>Brahm et al. 2018</a>,,6450,110,-110,0,1.315,0.064,-0.064,0,1.272,0.048,-0.048,0,0.02,0.068,-0.068,0,[Fe/H],4.305,0.036,-0.036,0,1.52,0.7,-0.7,0,0.79,0.1,-0.1,0,9.9,0.4,-0.4,0,0.000525137,0.000114261,-0.000114261,9.011856100292343,0.4528806885329334,-0.452880689,0.003082815,0.000290266,-0.000308208,0.3068901640190519,0.053272272,-0.050634013,9.521829542572215e+74,9.521829542572215e+74,-9.52E+74,3.020803141201206,0.1122779444899439,-0.112277944,HJ,A1,0.999993805,B,6.194675525657351e-06
HATS-46 b,HATS-46,1,1,1,Transit,2018,HATSouth,Published Confirmed,0,<a refstr=BRAHM_ET_AL__2018 href=https://ui.adsabs.harvard.edu/abs/2018AJ....155..112B/abstract target=ref>Brahm et al. 2018</a>,4.7423729,4.9e-06,-4.90E-06,0,0.05367,0.00053,-0.00053,0,10.121727,0.650122,-0.504405,0,0.903,0.058,-0.045,0,0.173,0.062,-0.062,0,0.28,0.12,-0.12,0,0.559,,,1,1054,29,-29,0,87.32,0.22,-0.31,0,0,13.55,0.45,-0.65,0,22.1,8,-8,0,<a refstr=BRAHM_ET_AL__2018 href=https://ui.adsabs.harvard.edu/abs/2018AJ....155..112B/abstract target=ref>Brahm et al. 2018</a>,,5495,69,-69,0,0.853,0.04,-0.03,0,0.917,0.027,-0.027,0,-0.06,0.046,-0.046,0,[Fe/H],4.542,0.038,-0.038,0,3,3.4,-2.1,0,2.1,0.22,-0.29,0,0.9,0.66,-0.66,0,0.000180027,6.473580867159722e-05,-6.47E-05,13.529824220833351,0.4942455936752321,-0.648373979,0.002101215,0.000272372,-0.000324088,0.2116133633954361,0.046480519,-0.05047188,4.527314282035868e+74,4.527314282035868e+74,-4.53E+74,2.7208576408651397,0.1615499392332215,-0.165339879,HJ,A1,0.9819514473056694,B,0.018048553
HATS-47 b,HATS-47,1,1,1,Transit,2020,HATSouth,Published Confirmed,0,<a refstr=HARTMAN_ET_AL__2020 href=https://ui.adsabs.harvard.edu/abs/2020AJ....159..173H/abstract target=ref>Hartman et al. 2020</a>,3.9228038,2.2e-06,-2.20E-06,0,0.04269,0.00033,-0.00025,0,12.520453,0.156926,-0.156926,0,1.117,0.014,-0.014,0,0.369,0.031,-0.021,0,0.331,0.027,-0.027,0,0.088,,,1,852.9,4.7,-4.7,0,87.08,0.061,-0.061,0,0,13.98,0.15,-0.15,0,61.7,4.3,-4.3,0,<a refstr=HARTMAN_ET_AL__2020 href=https://ui.adsabs.harvard.edu/abs/2020AJ....159..173H/abstract target=ref>Hartman et al. 2020</a>,,4512,19,-19,0,0.6564,0.0055,-0.0055,0,0.674,0.016,-0.012,0,-0.113,0.035,-0.035,0,[Fe/H],4.633,0.011,-0.011,0,8.1,2.9,-4.3,0,3.36,0.13,-0.099,0,2.47,0.7,-0.7,0,0.00052243,4.486454710100246e-05,-3.22E-05,13.985151409323242,0.1594328394522271,-0.142965613,0.002383938,9.872471205594472e-05,-7.79E-05,0.2890696584999939,0.0177133,-0.014150981,8.448108496713113e+74,8.448108496713113e+74,-8.45E+74,2.865107058291198,0.038074979,-0.027007302,HJ,A1,0.9999237513182008,B,7.624865003617169e-05
HATS-49 b,HATS-49,1,1,1,Transit,2020,HATSouth,Published Confirmed,0,<a refstr=HARTMAN_ET_AL__2020 href=https://ui.adsabs.harvard.edu/abs/2020AJ....159..173H/abstract target=ref>Hartman et al. 2020</a>,4.1480467,3.7e-06,-3.70E-06,0,0.04515,0.00016,-0.00016,0,8.574885,0.145717,-0.145717,0,0.765,0.013,-0.013,0,0.353,0.038,-0.027,0,0.986,0.094,-0.094,0,0.071,,,1,834.8,3.6,-3.6,0,88.27,0.16,-0.11,0,0,13.91,0.11,-0.11,0,55.9,5.5,-5.5,0,<a refstr=HARTMAN_ET_AL__2020 href=https://ui.adsabs.harvard.edu/abs/2020AJ....159..173H/abstract target=ref>Hartman et al. 2020</a>,,4405,15,-15,0,0.6977,0.0055,-0.0055,0,0.7133,0.0075,-0.0075,0,0.208,0.053,-0.053,0,[Fe/H],4.6036,0.0077,-0.0077,0,10.5,1.4,-2,0,2.961,0.073,-0.073,0,0.5,0.78,-0.78,0,0.000472241,5.1078086531028167e-05,-3.65E-05,13.915493789951002,0.1202708506838346,-0.120270851,0.002437841,0.000102386,-8.05E-05,0.341532616,0.023572944,-0.018346725,1.1792851568550931e+75,1.1792851568550931e+75,-1.18E+75,3.1746388734439432,0.049025979,-0.036349724,HJ,A1,0.9491567438907956,B,0.050843256
HATS-5 b,HATS-5,1,1,1,Transit,2014,HATSouth,Published Confirmed,0,<a refstr=ZHOU_ET_AL__2014 href=https://ui.adsabs.harvard.edu/abs/2014AJ....147..144Z/abstract target=ref> Zhou et al. 2014 </a>,4.763387,1e-05,-1.00E-05,0,0.0542,0.0006,-0.0006,0,10.223,0.28,-0.28,0,0.912,0.025,-0.025,0,0.237,0.012,-0.012,0,0.39,0.04,-0.04,0,0.019,0.019,-0.019,0,1025,17,-17,0,89.3,0.3,-0.3,0,0,13.38,0.34,-0.34,0,30,1.4,-1.4,0,<a refstr=ZHOU_ET_AL__2014 href=https://ui.adsabs.harvard.edu/abs/2014AJ....147..144Z/abstract target=ref> Zhou et al. 2014 </a>,G,5304,50,-50,0,0.871,0.023,-0.023,0,0.936,0.028,-0.028,0,0.19,0.08,-0.08,0,[Fe/H],4.53,0.02,-0.02,0,3.6,2.6,-1.9,0,,,,,0.8,0.5,-0.5,0,0.000241621,1.4209613276641083e-05,-1.42E-05,13.381066274426123,0.3831396442300503,-0.383139644,0.002340652,8.967729141744728e-05,-8.79E-05,0.2451439933943982,0.014972567,-0.014231131,6.075709168498141e+74,6.075709168498141e+74,-6.08E+74,2.8489457077166276,0.032410778,-0.032410778,HJ,A1,0.9877907323527124,B,0.012209268
HATS-54 b,HATS-54,1,1,1,Transit,2019,HATSouth,Published Confirmed,0,<a refstr=JACKSON_ET_AL__2022 href=https://ui.adsabs.harvard.edu/abs/2022arXiv221101044J/abstract target=ref>Jackson et al. 2022</a>,2.5441765,2.4e-06,-2.40E-06,0,0.037,0.001,-0.001,0,11.37711541,0.26901554,-0.26901554,0,1.015,0.024,-0.024,0,0.753,0.057,-0.057,0,,,,,0,,,0,1429,24,-24,0,83.67,0.34,-0.34,0,0,6.48,0.14,-0.14,0,108,6,-6,0,<a refstr=JACKSON_ET_AL__2022 href=https://ui.adsabs.harvard.edu/abs/2022arXiv221101044J/abstract target=ref>Jackson et al. 2022</a>,G6 V,5621,70,-70,0,1.23,0.02,-0.02,0,1.05,0.05,-0.05,0,0.37,0.07,-0.07,0,[Fe/H],4.2,0.2,-0.2,0,7.96,2.97,-2.26,0,0.795,0.052,-0.052,0,2.5,,,1,0.000684332,6.119952729893132e-05,-6.12E-05,6.468539027779238,0.2040260759016057,-0.204026076,0.002260739,0.000157275,-0.000151035,0.3231122795209096,0.029080351,-0.027219384,1.0555076623840067e+75,1.0555076623840067e+75,-1.06E+75,3.258049930065593,0.038762996,-0.038762996,FHJ,A1,0.9988272432648386,B,0.001172757
HATS-55 b,HATS-55,1,1,1,Transit,2019,HATSouth,Published Confirmed,0,<a refstr=ESPINOZA_ET_AL__2019 href=https://ui.adsabs.harvard.edu/abs/2019AJ....158...63E/abstract target=ref>Espinoza et al. 2019</a>,4.2042001,3.3e-06,-3.30E-06,0,0.05412,0.00014,-0.00018,0,14.022459,0.291434,-0.291434,0,1.251,0.026,-0.026,0,0.921,0.076,-0.076,0,0.587,0.062,-0.062,0,0.092,,,1,1367,10,-10,0,86.32,0.084,-0.084,0,0,10.33,0.086,-0.086,0,102.8,8.4,-8.4,0,<a refstr=ESPINOZA_ET_AL__2019 href=https://ui.adsabs.harvard.edu/abs/2019AJ....158...63E/abstract target=ref>Espinoza et al. 2019</a>,,6214,36,-36,0,1.126,0.011,-0.011,0,1.1955,0.0091,-0.0119,0,0.108,0.046,-0.03,0,[Fe/H],4.4121,0.007,-0.007,0,0.4,0.29,-0.13,0,1.179,0.029,-0.029,0,5.01,0.15,-0.15,0,0.000735142,6.110297212483586e-05,-6.09E-05,10.33544041538086,0.1044477755167444,-0.106659087,0.003386683,0.000111345,-0.000115067,0.3648279036787846,0.021183145,-0.020834804,1.3456451778009248e+75,1.3456451778009248e+75,-1.35E+75,3.163932049173365,0.040127447,-0.040127447,HJ,A1,0.9999932868996264,B,6.713091444480722e-06
HATS-56 b,HATS-56,1,1,1,Transit,2019,HATSouth,Published Confirmed,0,<a refstr=ESPINOZA_ET_AL__2019 href=https://ui.adsabs.harvard.edu/abs/2019AJ....158...63E/abstract target=ref>Espinoza et al. 2019</a>,4.324799,2.7e-05,-2.70E-05,0,0.06043,0.00022,-0.00022,0,18.920792,0.437151,-0.616495,0,1.688,0.039,-0.055,0,0.602,0.035,-0.035,0,0.155,0.017,-0.013,0,0.019,,,1,1902,16,-16,0,83.29,0.21,-0.21,0,0,5.902,0.085,-0.085,0,55.1,3.2,-3.2,0,<a refstr=ESPINOZA_ET_AL__2019 href=https://ui.adsabs.harvard.edu/abs/2019AJ....158...63E/abstract target=ref>Espinoza et al. 2019</a>,,6536,31,-31,0,2.201,0.036,-0.036,0,1.573,0.017,-0.017,0,0.19,0.024,-0.024,0,[Fe/H],3.949,0.012,-0.012,0,1.894,0.077,-0.077,0,0.2079,0.009,-0.009,0,6.49,0.19,-0.19,0,0.000365199,2.1596198542881413e-05,-2.16E-05,5.9039428090659065,0.098929213,-0.098929213,0.002994943,7.917685711076672e-05,-8.04E-05,0.2339142846320115,0.012502345,-0.011089295,5.531818877571213e+74,5.531818877571213e+74,-5.53E+74,2.719038645041908,0.037927604,-0.0322533,HJ,A1,0.999999996,B,3.936947182404288e-09
HATS-57 b,HATS-57,1,1,1,Transit,2019,HATSouth,Published Confirmed,0,<a refstr=ESPINOZA_ET_AL__2019 href=https://ui.adsabs.harvard.edu/abs/2019AJ....158...63E/abstract target=ref>Espinoza et al. 2019</a>,2.350621,1.3e-06,-1.30E-06,0,0.03493,0.00021,-0.0003,0,12.767051,0.313852,-0.313852,0,1.139,0.028,-0.028,0,3.147,0.073,-0.073,0,2.65,0.21,-0.21,0,0.028,,,1,1413.4,9.7,-9.7,0,87.88,0.4,-0.4,0,0,7.82,0.12,-0.12,0,472.5,8.4,-8.4,0,<a refstr=ESPINOZA_ET_AL__2019 href=https://ui.adsabs.harvard.edu/abs/2019AJ....158...63E/abstract target=ref>Espinoza et al. 2019</a>,,5587,19,-19,0,0.96,0.011,-0.011,0,1.026,0.019,-0.026,0,0.268,0.043,-0.043,0,[Fe/H],4.484,0.016,-0.016,0,2.5,1.5,-1.1,0,1.633,0.075,-0.075,0,4.09,0.48,-0.48,0,0.00292692,0.000100554,-8.69E-05,7.824145944133008,0.1012427058860073,-0.112040446,0.003464403,7.774803038103437e-05,-7.73E-05,0.6129074574369355,0.024848565,-0.022478855,3.7979065561491935e+75,3.7979065561491935e+75,-3.80E+75,3.779036333118376,0.023609711,-0.023609711,FHJ,C,0.6245658580161269,A,0.3754299527767507
HATS-59 b,HATS-59,1,1,2,Transit,2018,HATSouth,Published Confirmed,0,<a refstr=SARKIS_ET_AL__2018 href=https://ui.adsabs.harvard.edu/abs/2018AJ....156..216S/abstract target=ref>Sarkis et al. 2018</a>,5.416081,1.6e-05,-1.60E-05,0,0.06112,0.00076,-0.00076,0,12.621334,0.863093,-0.863093,0,1.126,0.077,-0.077,0,0.806,0.069,-0.069,0,0.7,0.16,-0.16,0,0.129,0.049,-0.049,0,1128,40,-40,0,88.1,0.33,-0.33,0,0,12.66,0.77,-0.77,0,92.1,7.8,-7.8,0,<a refstr=SARKIS_ET_AL__2018 href=https://ui.adsabs.harvard.edu/abs/2018AJ....156..216S/abstract target=ref>Sarkis et al. 2018</a>,,5670,91,-91,0,1.036,0.067,-0.067,0,1.038,0.039,-0.039,0,0.18,0.064,-0.064,0,[Fe/H],4.422,0.053,-0.053,0,4.3,2.3,-2.3,0,1.31,0.24,-0.24,0,2.8,0.61,-0.61,0,0.000740967,6.927309833538854e-05,-6.93E-05,12.686247511603268,0.8354702390047315,-0.835470239,0.003834799,0.000206719,-0.000203908,0.4102741037266055,0.043972276,-0.039976861,1.7017770980989958e+75,1.7017770980989958e+75,-1.70E+75,3.197445299137792,0.070073679,-0.070073679,HJ,A2,0.999828841,B,0.000171159
HATS-6 b,HATS-6,1,1,1,Transit,2015,HATSouth,Published Confirmed,0,<a refstr=HARTMAN_ET_AL__2015 href=https://ui.adsabs.harvard.edu/abs/2015AJ....149..166H/abstract target=ref>Hartman et al. 2015</a>,3.3252725,2.1e-06,-2.10E-06,0,0.03623,0.00042,-0.00057,0,11.186582,0.212971,-0.212971,0,0.998,0.019,-0.019,0,0.319,0.07,-0.07,0,0.399,0.089,-0.089,0,0,,,0,712.8,5.1,-5.1,0,88.21,0.084,-0.084,0,0,13.65,0.15,-0.15,0,63,14,-14,0,<a refstr=HARTMAN_ET_AL__2015 href=https://ui.adsabs.harvard.edu/abs/2015AJ....149..166H/abstract target=ref>Hartman et al. 2015</a>,M1 V,3724,18,-18,0,0.57,0.011,-0.011,0,0.574,0.02,-0.027,0,0.2,0.091,-0.091,0,[Fe/H],4.683,0.01,-0.01,0,8.1,4.3,-4.3,0,4.36,0.15,-0.15,0,,,,,0.000530323,0.000119015,-0.00011783,13.66794015367584,0.3076989160923091,-0.340313554,0.002033331,0.000199769,-0.000211538,0.2838514227846165,0.042217617,-0.041570384,8.145853868380381e+74,8.145853868380381e+74,-8.15E+74,2.8997166388457947,0.096723764,-0.096723764,HJ,A1,0.9992070076203038,B,0.000792992
HATS-60 b,HATS-60,1,1,1,Transit,2018,HATSouth,Published Confirmed,0,<a refstr=HARTMAN_ET_AL__2019 href=https://ui.adsabs.harvard.edu/abs/2019AJ....157...55H/abstract target=ref>Hartman et al. 2019</a>,3.560829,3.2e-05,-3.20E-05,0,0.04708,0.00015,-0.00023,0,12.923977,0.594077,-0.594077,0,1.153,0.053,-0.053,0,0.662,0.055,-0.055,0,0.537,0.1,-0.07,0,0.191,,,1,1528,11,-11,0,86.28,0.35,-0.35,0,0,6.93,0.11,-0.11,0,82.6,6.9,-6.9,0,<a refstr=HARTMAN_ET_AL__2019 href=https://ui.adsabs.harvard.edu/abs/2019AJ....157...55H/abstract target=ref>Hartman et al. 2019</a>,,5688,20,-20,0,1.46,0.024,-0.024,0,1.097,0.01,-0.016,0,0.335,0.028,-0.028,0,[Fe/H],4.148,0.014,-0.014,0,7.55,0.7,-0.3,0,0.496,0.023,-0.023,0,3.84,0.43,-0.43,0,0.000575855,4.857453769033511e-05,-4.81E-05,6.934149304632567,0.1161072668999721,-0.118913226,0.002715816,9.584225187647288e-05,-9.82E-05,0.313698208,0.023544171,-0.02203311,9.948979595791539e+74,9.948979595791539e+74,-9.95E+74,3.091386413213658,0.053814718,-0.053814718,HJ,A1,0.9999422430081089,B,5.775698662445096e-05
HATS-61 b,HATS-61,1,1,1,Transit,2018,HATSouth,Published Confirmed,0,<a refstr=HARTMAN_ET_AL__2019 href=https://ui.adsabs.harvard.edu/abs/2019AJ....157...55H/abstract target=ref>Hartman et al. 2019</a>,7.817953,2.4e-05,-2.40E-05,0,0.07908,0.00033,-0.00033,0,13.394755,0.751003,-0.751003,0,1.195,0.067,-0.067,0,3.4,0.14,-0.14,0,2.47,0.44,-0.44,0,0.092,,,1,1226.1,7.3,-7.3,0,87.15,0.18,-0.18,0,0,10.23,0.14,-0.14,0,330,13,-13,0,<a refstr=HARTMAN_ET_AL__2019 href=https://ui.adsabs.harvard.edu/abs/2019AJ....157...55H/abstract target=ref>Hartman et al. 2019</a>,,5542,21,-21,0,1.664,0.024,-0.024,0,1.076,0.014,-0.014,0,0.247,0.037,-0.037,0,[Fe/H],4.028,0.012,-0.012,0,8.9,0.31,-0.41,0,0.33,0.014,-0.014,0,3.52,0.42,-0.42,0,0.003015283,0.00013021,-0.00013021,10.219341891398813,0.1534395945450072,-0.153439595,0.007921406,0.000176042,-0.000176295,0.9138301534363285,0.054236375,-0.050505906,8.44277921909449e+75,8.44277921909449e+75,-8.44E+75,3.770930144837298,0.051878673,-0.051878673,HJ,A2,0.984075936,C,0.015924042
HATS-62 b,HATS-62,1,1,1,Transit,2018,HATSouth,Published Confirmed,0,<a refstr=HARTMAN_ET_AL__2019 href=https://ui.adsabs.harvard.edu/abs/2019AJ....157...55H/abstract target=ref>Hartman et al. 2019</a>,3.2768837,3.3e-06,-3.30E-06,0,0.04163,0.00024,-0.00016,0,11.825495,0.280225,-0.280225,0,1.055,0.025,-0.025,0,0.179,,,0,0.076,0.053,-0.053,0,0.298,,,1,1237,12,-12,0,87.92,0.35,-0.35,0,0,9.59,0.19,-0.19,0,10.2,7.8,-7.8,0,<a refstr=HARTMAN_ET_AL__2019 href=https://ui.adsabs.harvard.edu/abs/2019AJ....157...55H/abstract target=ref>Hartman et al. 2019</a>,,5416,19,-13,0,0.933,0.019,-0.013,0,0.896,0.015,-0.01,0,0.133,0.023,-0.023,0,[Fe/H],4.451,0.019,-0.019,0,9.55,0.99,-1.55,0,1.556,0.095,-0.095,0,0.5,0.27,-0.27,0,0.000190637,,,9.594765333088066,0.1446806054713742,-0.198841186,0.001661249,,,0.1774321315986209,,,3.1828707562805967e+74,,,2.6005351500758263,,,HJ,A1,0.999067162,B,0.000932838
HATS-63 b,HATS-63,1,1,1,Transit,2018,HATSouth,Published Confirmed,0,<a refstr=HARTMAN_ET_AL__2019 href=https://ui.adsabs.harvard.edu/abs/2019AJ....157...55H/abstract target=ref>Hartman et al. 2019</a>,3.0566527,4.9e-06,-4.90E-06,0,0.04026,0.00028,-0.00028,0,13.529263,0.437151,-0.437151,0,1.207,0.039,-0.039,0,0.96,0.12,-0.12,0,0.67,0.11,-0.11,0,0.136,,,1,1398.3,9,-9,0,84.86,0.19,-0.19,0,0,8.09,0.12,-0.12,0,140,18,-18,0,<a refstr=HARTMAN_ET_AL__2019 href=https://ui.adsabs.harvard.edu/abs/2019AJ....157...55H/abstract target=ref>Hartman et al. 2019</a>,,5627,18,-18,0,1.07,0.012,-0.012,0,0.931,0.019,-0.019,0,0.081,0.038,-0.038,0,[Fe/H],4.349,0.015,-0.015,0,10.3,1.1,-1.1,0,1.071,0.047,-0.047,0,1.77,0.45,-0.45,0,0.000983973,0.000124625,-0.000124625,8.090951223738882,0.1067712329199489,-0.106771233,0.002776479,0.000151313,-0.000157041,0.3706182576230344,0.034533468,-0.03401137,1.388698875877904e+75,1.388698875877904e+75,-1.39E+75,3.213043731208226,0.061112404,-0.061112404,HJ,A1,0.9999890863600412,B,1.0913371557272283e-05
HATS-64 b,HATS-64,1,1,1,Transit,2018,HATSouth,Published Confirmed,0,<a refstr=HARTMAN_ET_AL__2019 href=https://ui.adsabs.harvard.edu/abs/2019AJ....157...55H/abstract target=ref>Hartman et al. 2019</a>,4.908897,1.3e-05,-1.30E-05,0,0.06562,0.00039,-0.00039,0,18.819911,0.907929,-0.907929,0,1.679,0.081,-0.081,0,0.96,0.2,-0.2,0,0.245,0.068,-0.05,0,0.151,,,1,1793,27,-27,0,87.24,0.85,-0.85,0,0,6.68,0.2,-0.2,0,85,18,-18,0,<a refstr=HARTMAN_ET_AL__2019 href=https://ui.adsabs.harvard.edu/abs/2019AJ....157...55H/abstract target=ref>Hartman et al. 2019</a>,,6554,27,-27,0,2.113,0.071,-0.071,0,1.564,0.028,-0.028,0,0.22,0.039,-0.039,0,[Fe/H],3.982,0.024,-0.024,0,1.861,0.097,-0.18,0,0.234,0.02,-0.02,0,12.65,0.22,-0.22,0,0.000585728,0.000122476,-0.000122476,6.677998530762392,0.2278738895498112,-0.22787389,0.003806809,0.000296605,-0.000326769,0.3095229036331033,0.043442914,-0.043704281,9.685901443233242e+74,9.685901443233242e+74,-9.69E+74,2.926356879126826,0.099710388,-0.099710388,HJ,A1,0.9999999967313592,B,3.2679606327168942e-09
HATS-66 b,HATS-66,1,1,1,Transit,2018,HATSouth,Published Confirmed,0,<a refstr=HARTMAN_ET_AL__2019 href=https://ui.adsabs.harvard.edu/abs/2019AJ....157...55H/abstract target=ref>Hartman et al. 2019</a>,3.1414391,7.4e-06,-7.40E-06,0,0.04714,0.00025,-0.00025,0,15.815899,0.941556,-0.941556,0,1.411,0.084,-0.084,0,5.33,0.68,-0.68,0,2.34,0.56,-0.43,0,0.064,,,1,1998,21,-21,0,87.06,0.92,-0.92,0,0,5.5,0.11,-0.11,0,586,75,-75,0,<a refstr=HARTMAN_ET_AL__2019 href=https://ui.adsabs.harvard.edu/abs/2019AJ....157...55H/abstract target=ref>Hartman et al. 2019</a>,,6626,35,-35,0,1.841,0.041,-0.041,0,1.411,0.022,-0.022,0,-0.017,0.043,-0.043,0,[Fe/H],4.057,0.017,-0.017,0,2.17,0.16,-0.11,0,0.318,0.019,-0.019,0,12.86,0.17,-0.17,0,0.003604638,0.0004633,-0.0004633,5.506116294265769,0.1260529021422817,-0.126052902,0.005011523,0.000259855,-0.000272786,0.7099277682545733,0.07562758,-0.072390342,5.0954528954874825e+75,5.0954528954874825e+75,-5.10E+75,3.821860219881232,0.075787738,-0.075787738,HJ,C,0.9995264742049365,A,0.000473526
HATS-67 b,HATS-67,1,1,1,Transit,2018,HATSouth,Published Confirmed,0,<a refstr=HARTMAN_ET_AL__2019 href=https://ui.adsabs.harvard.edu/abs/2019AJ....157...55H/abstract target=ref>Hartman et al. 2019</a>,1.6091788,4e-06,-4.00E-06,0,0.03032,0.00015,-0.00015,0,18.887165,0.526823,-0.526823,0,1.685,0.047,-0.047,0,1.45,0.12,-0.12,0,0.374,0.047,-0.047,0,0.057,,,1,2193,22,-22,0,79.03,0.26,-0.26,0,0,4.526,0.077,-0.077,0,194,16,-16,0,<a refstr=HARTMAN_ET_AL__2019 href=https://ui.adsabs.harvard.edu/abs/2019AJ....157...55H/abstract target=ref>Hartman et al. 2019</a>,,6594,33,-33,0,1.441,0.026,-0.026,0,1.435,0.021,-0.021,0,0.332,0.052,-0.052,0,[Fe/H],4.278,0.015,-0.015,0,0.51,0.24,-0.24,0,0.677,0.035,-0.035,0,5.19,0.38,-0.38,0,0.000964223,8.103575171836927e-05,-8.10E-05,4.524543899438974,0.084649592,-0.084649592,0.002076895,7.689082740888233e-05,-7.86E-05,0.2694669335113203,0.017734884,-0.017385054,7.341172420238277e+74,7.341172420238277e+74,-7.34E+74,3.102355230183616,0.043344909,-0.043344909,UHJ,A1,0.9999999889569976,B,1.0989148759345224e-08
HATS-68 b,HATS-68,1,1,1,Transit,2018,HATSouth,Published Confirmed,0,<a refstr=HARTMAN_ET_AL__2019 href=https://ui.adsabs.harvard.edu/abs/2019AJ....157...55H/abstract target=ref>Hartman et al. 2019</a>,3.5862202,4.7e-06,-4.70E-06,0,0.05071,0.00018,-0.00018,0,13.809488,0.437151,-0.325061,0,1.232,0.039,-0.029,0,1.29,0.059,-0.059,0,0.856,0.083,-0.083,0,0.036,,,1,1741,12,-12,0,83.21,0.19,-0.19,0,0,6.232,0.086,-0.086,0,139.3,6.4,-6.4,0,<a refstr=HARTMAN_ET_AL__2019 href=https://ui.adsabs.harvard.edu/abs/2019AJ....157...55H/abstract target=ref>Hartman et al. 2019</a>,,6147,22,-22,0,1.748,0.026,-0.026,0,1.351,0.014,-0.014,0,0.21,0.043,-0.043,0,[Fe/H],4.083,0.012,-0.012,0,3.02,0.11,-0.11,0,0.356,0.015,-0.015,0,7.42,0.29,-0.29,0,0.000911162,4.272959975698502e-05,-4.27E-05,6.238235594987056,0.095393969,-0.095393969,0.003408671,7.555235267227506e-05,-7.62E-05,0.3961789674160728,0.016684511,-0.017782252,1.5868551857329823e+75,1.5868551857329823e+75,-1.59E+75,3.3235553330057916,0.028505576,-0.033920015,HJ,A1,0.9999919409094408,B,8.059069191906594e-06
HATS-69 b,HATS-69,1,1,1,Transit,2018,HATSouth,Published Confirmed,0,<a refstr=HARTMAN_ET_AL__2019 href=https://ui.adsabs.harvard.edu/abs/2019AJ....157...55H/abstract target=ref>Hartman et al. 2019</a>,2.2252577,1.9e-06,-1.90E-06,0,0.03211,0.00014,-0.00019,0,10.592505,0.246598,-0.246598,0,0.945,0.022,-0.022,0,0.577,,,0,0.46,0.25,-0.25,0,0.519,,,1,1295.7,6.9,-6.9,0,88.49,0.55,-0.55,0,0,7.859,0.099,-0.099,0,52,28,-28,0,<a refstr=HARTMAN_ET_AL__2019 href=https://ui.adsabs.harvard.edu/abs/2019AJ....157...55H/abstract target=ref>Hartman et al. 2019</a>,,5137,16,-16,0,0.8785,0.0077,-0.0077,0,0.892,0.011,-0.016,0,0.377,0.034,-0.034,0,[Fe/H],4.501,0.013,-0.013,0,8,1.8,-1.3,0,1.854,0.07,-0.07,0,2.55,0.9,-0.9,0,0.000617266,,,7.859739096551227,0.076942746,-0.083119094,0.001895646,,,0.2962732978219259,,,8.874409957379198e+74,,,3.2044992345005614,,,FHJ,A1,0.9936707962024772,B,0.006329204
HATS-7 b,HATS-7,1,1,1,Transit,2015,HATSouth,Published Confirmed,0,<a refstr=BAKOS_ET_AL__2015 href=https://ui.adsabs.harvard.edu/abs/2015ApJ...813..111B/abstract target=ref>Bakos et al. 2015</a>,3.185315,5.4e-06,-5.40E-06,0,0.04012,0.00043,-0.00043,0,6.310667,0.515614,-0.381106,0,0.563,0.046,-0.034,0,0.12,0.012,-0.012,0,0.83,0.18,-0.18,0,0.17,,,1,1084,32,-32,0,87.92,0.75,-0.75,0,0,10.59,0.51,-0.67,0,18.4,1.9,-1.9,0,<a refstr=BAKOS_ET_AL__2015 href=https://ui.adsabs.harvard.edu/abs/2015ApJ...813..111B/abstract target=ref>Bakos et al. 2015</a>,K2,4985,50,-50,0,0.815,0.049,-0.035,0,0.849,0.027,-0.027,0,0.25,0.08,-0.08,0,[Fe/H],4.545,0.049,-0.049,0,7.8,5,-5,0,2.22,0.33,-0.33,0,0.5,0.5,-0.5,0,0.000134876,1.4153236190230571e-05,-1.42E-05,10.58553727498719,0.4685373104889088,-0.646464509,0.001426589,7.795533284676924e-05,-7.81E-05,0.2005606952200857,0.021157551,-0.021428144,4.066737278007119e+74,4.066737278007119e+74,-4.07E+74,2.9723514947082883,0.068100058,-0.083202171,HS,B,0.975459866,A,0.024540134
HATS-70 b,HATS-70,1,1,1,Transit,2019,HATSouth,Published Confirmed,0,<a refstr=ZHOU_ET_AL__2019 href=https://ui.adsabs.harvard.edu/abs/2019AJ....157...31Z/abstract target=ref>Zhou et al. 2019</a>,1.8882378,1.5e-06,-1.50E-06,0,0.03632,0.00074,-0.00087,0,15.513256,0.885511,-0.829466,0,1.384,0.079,-0.074,0,12.9,1.8,-1.6,0,6.64,1.6,-1.3,0,0.18,,,1,2730,140,-160,0,86.7,1.6,-1.9,0,0,4.17,0.16,-0.13,0,1460,220,-190,0,<a refstr=ZHOU_ET_AL__2019 href=https://ui.adsabs.harvard.edu/abs/2019AJ....157...31Z/abstract target=ref>Zhou et al. 2019</a>,,7930,630,-820,0,1.881,0.059,-0.066,0,1.78,0.12,-0.12,0,0.041,0.095,-0.107,0,[Fe/H],4.167,0.044,-0.036,0,0.81,0.5,-0.33,0,,,,,40.61,0.32,-0.35,0,0.00691562,0.001071695,-0.000976268,4.152088812899961,0.1684677088151748,-0.163869554,0.004797877,0.00043598,-0.000413534,0.8715102766802301,0.1287302958358707,-0.11287827,7.678908437813517e+75,7.678908437813517e+75,-7.68E+75,4.222504568421127,0.07634865,-0.073210018,UHJ,C,1,A,5.754939357796807e-25
HATS-71 b,HATS-71,1,1,1,Transit,2020,HATSouth,Published Confirmed,0,<a refstr=BAKOS_ET_AL__2020 href=https://ui.adsabs.harvard.edu/abs/2020AJ....159..267B/abstract target=ref>Bakos et al. 2020</a>,3.7955202,1e-06,-1.00E-06,0,0.03745,0.00015,-0.00015,0,11.478016,0.201762,-0.201762,0,1.024,0.018,-0.018,0,0.37,0.24,-0.24,0,0.42,0.28,-0.28,0,0,,,0,586.8,2.3,-2.3,0,88.82,0.13,-0.13,0,0,16.84,0.15,-0.15,0,77,50,-50,0,<a refstr=BAKOS_ET_AL__2020 href=https://ui.adsabs.harvard.edu/abs/2020AJ....159..267B/abstract target=ref>Bakos et al. 2020</a>,M3 V,3405,10,-10,0,0.4783,0.006,-0.006,0,0.4861,0.006,-0.006,0,0.17,0.036,-0.036,0,[Fe/H],4.7653,0.0067,-0.0067,0,3.2,3.8,-1.5,0,6.26,0.17,-0.17,0,,,,,0.000726336,0.000471222,-0.000471222,16.836857310299933,0.2217136228478042,-0.221713623,0.002334124,0.000445807,-0.000700374,0.3334239313722676,0.1020646582055423,-0.139090135,1.1239526091408802e+75,1.1239526091408802e+75,-1.12E+75,2.941788849150727,0.2821179867035625,-0.282117987,HJ,A1,0.999797995,B,0.000202004
HATS-72 b,HATS-72,1,1,1,Transit,2020,HATSouth,Published Confirmed,0,<a refstr=HARTMAN_ET_AL__2020 href=https://ui.adsabs.harvard.edu/abs/2020AJ....159..173H/abstract target=ref>Hartman et al. 2020</a>,7.3279474,1.6e-06,-1.60E-06,0,0.066517,8.5e-05,-8.50E-05,0,8.0973816,0.0358688,-0.0358688,0,0.7224,0.0032,-0.0032,0,0.1254,0.0039,-0.0039,0,0.411,0.015,-0.01,0,0.013,,,1,739.3,1.6,-1.6,0,89.56,0.07,-0.05,0,0,19.821,0.048,-0.048,0,16.15,0.51,-0.51,0,<a refstr=HARTMAN_ET_AL__2020 href=https://ui.adsabs.harvard.edu/abs/2020AJ....159..173H/abstract target=ref>Hartman et al. 2020</a>,,4656.1,8.9,-8.9,0,0.7214,0.0021,-0.0021,0,0.7311,0.0028,-0.0028,0,0.099,0.014,-0.014,0,[Fe/H],4.5853,0.0021,-0.0021,0,12.17,0.24,-0.45,0,2.743,0.02,-0.02,0,0.8,1.3,-1.3,0,0.000163675,5.1288200436498554e-06,-5.13E-06,19.827415420776184,0.063034054,-0.063034054,0.00252282,3.2410230181585675e-05,-3.28E-05,0.2511427342786491,0.005096535,-0.00511022,6.376695814745446e+74,6.376695814745446e+74,-6.38E+74,2.774929100247155,0.014044092,-0.014044092,HS,A1,0.7525247630104651,B,0.2474752369737303
HATS-75 b,HATS-75,1,1,1,Transit,2021,HATSouth,Published Confirmed,0,<a refstr=JORD_AACUTE_N_ET_AL__2022 href=https://ui.adsabs.harvard.edu/abs/2022AJ....163..125J/abstract target=ref>Jord&aacute;n et al. 2022</a>,2.7886556,1.1e-06,-1.10E-06,0,0.032742,0.000134,-9.90E-05,0,9.90873894,0.14571675,-0.14571675,0,0.884,0.013,-0.013,0,0.491,0.039,-0.039,0,0.878,0.084,-0.084,0,0.064,,,1,772.3,2.3,-2.3,0,88.07,0.15,-0.15,0,0,12.037,0.086,-0.062,0,99.2,7.9,-7.9,0,<a refstr=JORD_AACUTE_N_ET_AL__2022 href=https://ui.adsabs.harvard.edu/abs/2022AJ....163..125J/abstract target=ref>Jord&aacute;n et al. 2022</a>,,3790.4,5.7,-5.7,0,0.5848,0.0026,-0.0026,0,0.6017,0.0074,-0.0055,0,0.522,0.051,-0.028,0,[Fe/H],4.6831,0.0069,-0.0069,0,14.9,3.3,-4.3,0,4.239,0.091,-0.065,0,,,,,0.000778687,6.225911024997816e-05,-6.26E-05,12.039471704924935,0.072752683,-0.06473273,0.002088586,6.925912642443809e-05,-7.12E-05,0.3474241419776612,0.018638273,-0.019021598,1.2203220292411518e+75,1.2203220292411518e+75,-1.22E+75,3.192364000460178,0.036784857,-0.036784857,FHJ,A1,0.99493248,B,0.005067519
HATS-76 b,HATS-76,1,1,1,Transit,2021,HATSouth,Published Confirmed,0,<a refstr=JORD_AACUTE_N_ET_AL__2022 href=https://ui.adsabs.harvard.edu/abs/2022AJ....163..125J/abstract target=ref>Jord&aacute;n et al. 2022</a>,1.9416423,1.4e-06,-1.40E-06,0,0.02658,0.00021,-0.00029,0,12.09449018,0.3474784,-0.3474784,0,1.079,0.031,-0.031,0,2.629,0.089,-0.089,0,2.58,0.23,-0.23,0,0.062,,,1,939.8,6.7,-6.7,0,88.24,0.59,-0.59,0,0,9.12,0.14,-0.14,0,562,15,-15,0,<a refstr=JORD_AACUTE_N_ET_AL__2022 href=https://ui.adsabs.harvard.edu/abs/2022AJ....163..125J/abstract target=ref>Jord&aacute;n et al. 2022</a>,,4016,17,-17,0,0.6259,0.0079,-0.0079,0,0.662,0.016,-0.021,0,0.322,0.065,-0.049,0,[Fe/H],4.665,0.016,-0.016,0,4.6,8.7,-4,0,3.8,0.17,-0.17,0,,,,,0.003789606,0.000175812,-0.000157631,9.131867790416296,0.1359793546187989,-0.152354088,0.002873288,8.665381236286612e-05,-8.61E-05,0.625051567,0.032885283,-0.029775258,3.949900539670582e+75,3.949900539670582e+75,-3.95E+75,3.747934735103897,0.028963761,-0.028963761,FHJ,C,0.999999741,A,2.586939029298275e-07
HATS-77 b,HATS-77,1,1,1,Transit,2021,HATSouth,Published Confirmed,0,<a refstr=JORD_AACUTE_N_ET_AL__2022 href=https://ui.adsabs.harvard.edu/abs/2022AJ....163..125J/abstract target=ref>Jord&aacute;n et al. 2022</a>,3.0876262,1.6e-06,-1.60E-06,0,0.03607,0.00025,-0.00025,0,13.05846252,0.23538859,-0.23538859,0,1.165,0.021,-0.021,0,1.374,0.1,-0.074,0,1.077,0.112,-0.081,0,0.045,,,1,828.3,5.9,-5.9,0,88.44,0.27,-0.27,0,0,12.06,0.19,-0.14,0,253,63,-63,0,<a refstr=JORD_AACUTE_N_ET_AL__2022 href=https://ui.adsabs.harvard.edu/abs/2022AJ....163..125J/abstract target=ref>Jord&aacute;n et al. 2022</a>,,4071,13,-13,0,0.6428,0.0066,-0.0066,0,0.655,0.014,-0.014,0,0.253,0.039,-0.039,0,[Fe/H],4.638,0.014,-0.014,0,12.1,5,-5,0,3.48,0.17,-0.12,0,,,,,0.002001736,0.000151839,-0.000115988,12.06645963438489,0.1494787919751513,-0.149478792,0.003151916,0.000120529,-0.000100664,0.509290539,0.030670492,-0.025160704,2.62231996295417e+75,2.62231996295417e+75,-2.62E+75,3.399521920362812,0.035273346,-0.028146588,HJ,A1,0.9999178645170576,C,7.742791063763342e-05
HATS-8 b,HATS-8,1,1,1,Transit,2015,HATSouth,Published Confirmed,0,<a refstr=BAYLISS_ET_AL__2015 href=https://ui.adsabs.harvard.edu/abs/2015AJ....150...49B/abstract target=ref>Bayliss et al. 2015</a>,3.583893,1e-05,-1.00E-05,0,0.04667,0.00055,-0.00055,0,9.785457,1.378707,-0.840675,0,0.873,0.123,-0.075,0,0.138,0.019,-0.019,0,0.259,0.091,-0.091,0,0.376,,,1,1324,79,-38,0,87.8,1.2,-1.8,0,0,9.21,0.54,-1.04,0,17.7,2.5,-2.5,0,<a refstr=BAYLISS_ET_AL__2015 href=https://ui.adsabs.harvard.edu/abs/2015AJ....150...49B/abstract target=ref>Bayliss et al. 2015</a>,,5679,50,-50,0,1.086,0.149,-0.059,0,1.056,0.037,-0.037,0,0.21,0.08,-0.08,0,[Fe/H],4.386,0.071,-0.071,0,5.1,1.7,-1.7,0,1.15,0.21,-0.35,0,2,0.5,-0.5,0,0.000124703,1.771648545032339e-05,-1.77E-05,9.240970116085366,0.5137176548579918,-1.272536458,0.001616676,0.000111341,-0.000113378,0.167032948,0.023779658,-0.025139885,2.820712069394783e+74,2.820712069394783e+74,-2.82E+74,2.652037637353453,0.095622397,-0.136205151,HJ,A1,0.9454574291154156,B,0.054542571
HD 106315 b,HD 106315,1,1,2,Transit,2017,K2,Published Confirmed,0,<a refstr=BARROS_ET_AL__2017 href=https://ui.adsabs.harvard.edu/abs/2017A&A...608A..25B/abstract target=ref>Barros et al. 2017</a>,9.55237,0.00089,-0.00089,0,0.0907,0.001,-0.001,0,2.44,0.17,-0.17,0,0.21768222,0.01516638,-0.01516638,0,0.03964383,0.01006828,-0.01006828,0,4.7,1.7,-1.7,0,0.093,0.11,-0.068,0,1153,25,-25,0,87.54,0.32,-0.32,0,0,15.07,0.7,-0.7,0,3.63,0.92,-0.92,0,<a refstr=BARROS_ET_AL__2017 href=https://ui.adsabs.harvard.edu/abs/2017A&A...608A..25B/abstract target=ref>Barros et al. 2017</a>,F5 V,6327,48,-48,0,1.296,0.058,-0.058,0,1.091,0.036,-0.036,0,-0.311,0.079,-0.079,0,[Fe/H],4.252,0.043,-0.043,0,4.48,0.96,-0.96,0,,,,,12.71,0.4,-0.4,0,3.467466544454629e-05,8.880287140849476e-06,-8.88E-06,15.049146698324984,0.6936329940454367,-0.693632994,0.00205071,0.000210214,-0.000231112,0.2458953836872951,0.046010482,-0.044964522,6.113011533240399e+74,6.113011533240399e+74,-6.11E+74,3.316716727733409,0.125808118,-0.125808118,HSubN,B,0.9999966562056212,A,3.343794379297988e-06
HD 106315 c,HD 106315,1,1,2,Transit,2017,K2,Published Confirmed,0,<a refstr=BARROS_ET_AL__2017 href=https://ui.adsabs.harvard.edu/abs/2017A&A...608A..25B/abstract target=ref>Barros et al. 2017</a>,21.05704,0.00046,-0.00046,0,0.1536,0.0017,-0.0017,0,4.35,0.23,-0.23,0,0.38808101,0.02051923,-0.02051923,0,0.04782431,0.01164144,-0.01164144,0,1.01,0.29,-0.29,0,0.22,0.15,-0.15,0,886,20,-20,0,88.61,0.7,-0.25,0,1,25.5,1.2,-1.2,0,3.43,0.83,-0.83,0,<a refstr=BARROS_ET_AL__2017 href=https://ui.adsabs.harvard.edu/abs/2017A&A...608A..25B/abstract target=ref>Barros et al. 2017</a>,F5 V,6327,48,-48,0,1.296,0.058,-0.058,0,1.091,0.036,-0.036,0,-0.311,0.079,-0.079,0,[Fe/H],4.252,0.043,-0.043,0,4.48,0.96,-0.96,0,,,,,12.71,0.4,-0.4,0,4.182976138698681e-05,1.0275367252660765e-05,-1.03E-05,25.485655268607687,1.1749226823257135,-1.174922682,0.00369697,0.000367678,-0.000401398,0.2632262378946877,0.045171056,-0.044902022,7.005075452405839e+74,7.005075452405839e+74,-7.01E+74,2.8959909674055058,0.115260993,-0.115260993,WN,B,0.9994284025537932,A,0.000571597
HD 110113 b,HD 110113,1,1,2,Transit,2021,Transiting Exoplanet Survey Satellite (TESS),Published Confirmed,0,<a refstr=OSBORN_ET_AL__2021 href=https://ui.adsabs.harvard.edu/abs/2021MNRAS.502.4842O/abstract target=ref>Osborn et al. 2021</a>,2.541,0.0005,-0.001,0,0.035,0.001,-0.001,0,2.05,0.12,-0.12,0,0.18288875,0.01070568,-0.01070568,0,0.01431583,0.00195073,-0.00195073,0,2.9,0.75,-0.59,0,0.093,0.079,-0.064,0,1371,14,-14,0,,,,,0,,,,,2.15,0.28,-0.28,0,<a refstr=OSBORN_ET_AL__2021 href=https://ui.adsabs.harvard.edu/abs/2021MNRAS.502.4842O/abstract target=ref>Osborn et al. 2021</a>,G,5732,50,-50,0,0.968,0.018,-0.018,0,0.997,0.06,-0.06,0,0.14,0.02,-0.02,0,[Fe/H],4.46,0.05,-0.05,0,4,0.5,-0.5,0,,,,,1.74,0.15,-0.15,0,1.3701963275447256e-05,2.041065177111409e-06,-2.04E-06,7.775033648254865,0.2650479312261235,-0.265047931,0.000580705,5.56042602727915e-05,-5.38E-05,0.1047572278160175,0.015640107,-0.014176223,1.1094876142781827e+74,1.1094876142781827e+74,-1.11E+74,3.025629587626992,0.078020801,-0.078020801,HSubN,B,0.9999998954184318,A,1.0458156808931934e-07
HD 1397 b,HD 1397,1,1,1,Transit,2018,Transiting Exoplanet Survey Satellite (TESS),Published Confirmed,0,<a refstr=NIELSEN_ET_AL__2019 href=https://ui.adsabs.harvard.edu/abs/2019A&A...623A.100N/abstract target=ref>Nielsen et al. 2019</a>,11.53533,0.00079,-0.0008,0,0.1097,0.0011,-0.0013,0,11.500434,0.280225,-0.302643,0,1.026,0.025,-0.027,0,0.415,0.02,-0.02,0,0.477,0.043,-0.038,0,0.251,0.02,-0.019,0,1228.3,10,-9.9,0,88.99,0.67,-0.73,0,0,10.1,0.24,-0.22,0,32,1.4,-1.4,0,<a refstr=NIELSEN_ET_AL__2019 href=https://ui.adsabs.harvard.edu/abs/2019A&A...623A.100N/abstract target=ref>Nielsen et al. 2019</a>,,5521,60,-60,0,2.336,0.052,-0.059,0,1.324,0.042,-0.046,0,0.29,0.09,-0.09,0,[Fe/H],3.823,0.02,-0.02,0,4.51,0.5,-0.5,0,0.147,0.01,-0.01,0,2,,,1,0.000299104,1.7769955104026875e-05,-1.73E-05,10.098186314759351,0.2744136621777115,-0.254657395,0.005086746,0.00019413,-0.000193563,0.3658410820899167,0.022442584,-0.020721768,1.3531296480213688e+75,1.3531296480213688e+75,-1.35E+75,2.9899404135238536,0.0309924,-0.029765629,WJ,A1,0.9996745238912916,B,0.000325476
HD 152843 b,HD 152843,1,1,2,Transit,2021,Transiting Exoplanet Survey Satellite (TESS),Published Confirmed,0,<a refstr=EISNER_ET_AL__2021 href=https://ui.adsabs.harvard.edu/abs/2021MNRAS.tmp.1332E/abstract target=ref>Eisner et al. 2021</a>,11.6264,0.0022,-0.0025,0,0.1053,0.003,-0.0031,0,3.41,0.14,-0.12,0,0.30422035,0.01248998,-0.0107057,0,0.03637183,0.020703,-0.0193186,0,1.58,0.96,-0.83,0,0.14,0.25,-0.1,0,,,,,88.85,0.73,-0.73,0,0,,,,,3.09,1.76,-1.66,0,<a refstr=EISNER_ET_AL__2021 href=https://ui.adsabs.harvard.edu/abs/2021MNRAS.tmp.1332E/abstract target=ref>Eisner et al. 2021</a>,G0,6310,100,-100,0,1.43,0.02,-0.02,0,1.15,0.04,-0.04,0,-0.16,0.05,-0.05,0,[Fe/H],4.19,0.03,-0.03,0,3.97,0.75,-0.75,0,0.568,0.042,-0.043,0,8.38,0.5,-0.5,0,3.0180660301221943e-05,1.72110041775475e-05,-1.61E-05,15.834411384217336,0.5025499707813514,-0.516091127,0.002273165,0.000475884,-0.000578628,0.2090915560357914,0.066168342,-0.073195466,4.420052758295107e+74,4.420052758295107e+74,-4.42E+74,2.988575667620061,0.2490848241217997,-0.23341214,WN,B,0.9999739963436428,A,2.6003656356946195e-05
HD 183579 b,HD 183579,1,1,1,Transit,2021,Transiting Exoplanet Survey Satellite (TESS),Published Confirmed,0,<a refstr=BONFANTI_ET_AL__2023 href=https://ui.adsabs.harvard.edu/abs/2023A&A...671L...8B/abstract target=ref>Bonfanti et al. 2023</a>,17.471291,2.7e-05,-2.80E-05,0,0.1322,0.0021,-0.0022,0,3.49,0.07,-0.064,0,0.31135748,0.00624499,-0.00570971,0,0.06418558,0.00818051,-0.00786588,0,2.65,0.37,-0.35,0,0.061,0.061,-0.042,0,752,10,-10,0,89.11,0.2,-0.13,0,0,,,,,5.03,0.6,-0.59,0,<a refstr=BONFANTI_ET_AL__2023 href=https://ui.adsabs.harvard.edu/abs/2023A&A...671L...8B/abstract target=ref>Bonfanti et al. 2023</a>,,5784,61,-61,0,0.96,0.006,-0.006,0,0.996,0.049,-0.049,0,-0.038,0.04,-0.04,0,[Fe/H],4.45,0.1,-0.1,0,3.1,1.9,-1.9,0,1.587464,0.08318,-0.08318,0,,,,,6.149496469538284e-05,8.40122413238158e-06,-8.12E-06,29.61214124862249,0.5054892656723486,-0.5263973,0.003618019,0.000272293,-0.000266014,0.3305658040991951,0.035621041,-0.033751692,1.1047660368726476e+75,1.1047660368726476e+75,-1.10E+75,3.2151059011334513,0.057597467,-0.056001164,WN,B,0.9991345610224218,A,0.000865439
HD 207496 b,HD 207496,1,1,1,Transit,2023,Transiting Exoplanet Survey Satellite (TESS),Published Confirmed,0,<a refstr=BARROS_ET_AL__2023 href=https://ui.adsabs.harvard.edu/abs/2023A&A...673A...4B/abstract target=ref>Barros et al. 2023</a>,6.441008,1.1e-05,-1.10E-05,0,0.0629,0.0011,-0.0011,0,2.25,0.12,-0.1,0,0.2007319,0.0107057,-0.00892142,0,0.01919275,0.00503416,-0.00503416,0,3.17,0.97,-0.91,0,0.231,0.042,-0.049,0,743,26,-26,0,88.79,0.8,-0.75,0,0,21.47,0.82,-1.4,0,2.52,0.62,-0.62,0,<a refstr=BARROS_ET_AL__2023 href=https://ui.adsabs.harvard.edu/abs/2023A&A...673A...4B/abstract target=ref>Barros et al. 2023</a>,K2.5 V,4819,94,-94,0,0.769,0.026,-0.026,0,0.8,0.04,-0.04,0,0.095,0.038,-0.038,0,[Fe/H],4.507,0.04,-0.04,0,0.52,0.26,-0.26,0,2.495393,0.281965,-0.281965,0,,,,,2.2893312908496737e-05,6.112926204445301e-06,-6.11E-06,17.58870625108763,0.6695174212573611,-0.669517421,0.001238359,0.00014687,-0.00015672,0.1732700570693293,0.032830337,-0.033002811,3.0352991539164927e+74,3.0352991539164927e+74,-3.04E+74,3.072091453945621,0.1202767108362964,-0.122972365,HSubN,B,0.9999954798129068,A,4.5201870932701874e-06
HD 221416 b,HD 221416,1,1,1,Transit,2019,Transiting Exoplanet Survey Satellite (TESS),Published Confirmed,0,<a refstr=HUBER_ET_AL__2019 href=https://ui.adsabs.harvard.edu/abs/2019AJ....157..245H/abstract target=ref>Huber et al. 2019</a>,14.2767,0.0037,-0.0037,0,0.1228,0.0025,-0.0026,0,9.17,0.34,-0.31,0,0.836,0.031,-0.028,0,0.19,0.018,-0.018,0,0.431,0.064,-0.06,0,0.115,0.034,-0.03,0,,,,,85.75,0.36,-0.35,0,0,8.97,0.27,-0.27,0,14.1,1.2,-1.2,0,<a refstr=HUBER_ET_AL__2019 href=https://ui.adsabs.harvard.edu/abs/2019AJ....157..245H/abstract target=ref>Huber et al. 2019</a>,,5080,90,-90,0,2.943,0.064,-0.064,0,1.212,0.074,-0.074,0,-0.08,0.08,-0.08,0,[Fe/H],3.584,0.01,-0.01,0,4.9,1.1,-1.1,0,0.06702,0.00052,-0.00052,0,2.8,1.6,-1.6,0,0.000149593,1.6860255094137065e-05,-1.69E-05,8.972587348007524,0.2672824645100964,-0.272328244,0.004519899,0.000334157,-0.000323788,0.3032524505069838,0.03319185,-0.031126971,9.297433953420832e+74,9.297433953420832e+74,-9.30E+74,2.828528084438152,0.050389664,-0.05225119,WJ,A2,0.9861254334850152,B,0.013874567
HD 235088 b,HD 235088,1,1,1,Transit,2023,Transiting Exoplanet Survey Satellite (TESS),Published Confirmed,0,<a refstr=POLANSKI_ET_AL__2024 href=https://ui.adsabs.harvard.edu/abs/2024ApJS..272...32P/abstract target=ref>Polanski et al. 2024</a>,7.434151,1.8e-05,-1.80E-05,0,0.071,0.001,-0.001,0,2.07506422,0.09254502,-0.07134197,0,0.18512515,0.00825633,-0.00636472,0,0.01321468,0.00755124,-0.00755124,0,2.58,1.47,-1.66,0,0,,,0,753.95,16.42,-13.88,0,,,,,0,,,,,1.53,0.87,-0.87,0,<a refstr=MACDOUGALL_ET_AL__2023 href=https://ui.adsabs.harvard.edu/abs/2023AJ....166...33M/abstract target=ref>MacDougall et al. 2023</a>,,5087,63,-60,0,0.7984,0.0279,-0.0215,0,0.8531,0.021,-0.0229,0,0.105,0.058,-0.059,0,[Fe/H],4.563,0.023,-0.036,0,3.4,4.3,-2.4,0,2.3406,0.1877,-0.2583,0,,,,,1.4781487278614022e-05,8.455872238567287e-06,-8.45E-06,19.122620690569008,0.5811316027992297,-0.72047342,0.001208159,0.000229212,-0.00031735,0.1540308105781606,0.046553777,-0.057251181,2.3986653729492016e+74,2.3986653729492016e+74,-2.40E+74,2.980312842459099,0.2499583503452514,-0.251173294,HSubN,B,0.99999733,A,2.669936207817826e-06
HD 25463 b,HD 25463,1,1,2,Transit,2023,Transiting Exoplanet Survey Satellite (TESS),Published Confirmed,0,<a refstr=POLANSKI_ET_AL__2024 href=https://ui.adsabs.harvard.edu/abs/2024ApJS..272...32P/abstract target=ref>Polanski et al. 2024</a>,7.0491423,9.5e-06,-9.50E-06,0,0.076,0.001,-0.001,0,2.54535814,0.1117151,-0.08338345,0,0.22708203,0.00996657,-0.00743899,0,0.02737326,0.00849515,-0.00818051,0,2.87,0.95,-1.2,0,0,,,0,1198.46,19.41,-17.84,0,,,,,0,,,,,2.49,0.76,-0.76,0,<a refstr=MACDOUGALL_ET_AL__2023 href=https://ui.adsabs.harvard.edu/abs/2023AJ....166...33M/abstract target=ref>MacDougall et al. 2023</a>,,6353,85,-77,0,1.4182,0.0241,-0.023,0,1.251,0.0248,-0.0229,0,-0.018,0.054,-0.062,0,[Fe/H],4.227,0.019,-0.014,0,2.3,0.4,-0.4,0,0.6098,0.0391,-0.0262,0,,,,,2.088000689644363e-05,6.491264913868796e-06,-6.25E-06,11.52353436820948,0.2406585551770831,-0.247663484,0.001451053,0.000167636,-0.000187211,0.1710144477587038,0.031198342,-0.033143735,2.956787193900888e+74,2.956787193900888e+74,-2.96E+74,3.1191480249697854,0.1377518425792304,-0.135271963,HSubN,B,0.9999988813764848,A,1.118623515530955e-06
HD 2685 b,HD 2685,1,1,1,Transit,2019,Transiting Exoplanet Survey Satellite (TESS),Published Confirmed,0,<a refstr=JONES_ET_AL__2019 href=https://ui.adsabs.harvard.edu/abs/2019A&A...625A..16J/abstract target=ref>Jones et al. 2019</a>,4.12688,5e-05,-4.00E-05,0,0.0568,0.0006,-0.0006,0,16.14096,0.56045,-0.56045,0,1.44,0.05,-0.05,0,1.17,0.12,-0.12,0,,,,,0.091,0.039,-0.047,0,2061,28,-28,0,89.252,0.415,-0.444,0,0,7.6974,0.0689,-0.0541,0,117.4,12,-12,0,<a refstr=JONES_ET_AL__2019 href=https://ui.adsabs.harvard.edu/abs/2019A&A...625A..16J/abstract target=ref>Jones et al. 2019</a>,,6801,76,-76,0,1.56,0.05,-0.05,0,1.43,0.05,-0.04,0,0.02,0.06,-0.06,0,[Fe/H],4.21,0.03,-0.03,0,1.31,0.34,-0.47,0,,,,,15.4,0.2,-0.2,0,0.000780749,8.300143951957625e-05,-8.46E-05,7.829487363769383,0.2642228324013729,-0.264222832,0.003626422,0.000195516,-0.000204851,0.3590050995900629,0.032212861,-0.032100072,1.303033854331872e+75,1.303033854331872e+75,-1.30E+75,3.1456479159190183,0.053792813,-0.053792813,UHJ,A1,0.99999976,B,2.39539437071162e-07
HD 28109 c,HD 28109,1,1,3,Transit,2022,Transiting Exoplanet Survey Satellite (TESS),Published Confirmed,0,<a refstr=DRANSFIELD_ET_AL__2022 href=https://ui.adsabs.harvard.edu/abs/2022MNRAS.tmp.1364D/abstract target=ref>Dransfield et al. 2022</a>,56.00819,0.00194,-0.00202,0,0.308,0.011,-0.011,0,4.23,0.11,-0.11,0,0.37737597,0.00981356,-0.00981356,0,0.02499147,0.01329963,-0.00958379,0,,,,,0.1203,,,1,585.2,8.7,-8.3,0,89.543,0.093,-0.086,0,1,,,,,,,,,<a refstr=DRANSFIELD_ET_AL__2022 href=https://ui.adsabs.harvard.edu/abs/2022MNRAS.tmp.1364D/abstract target=ref>Dransfield et al. 2022</a>,F8/G0 V,6120,50,-50,0,1.446,0.035,-0.035,0,1.26,0.08,-0.08,0,0,0.1,-0.1,0,[Fe/H],4.13,0.1,-0.1,0,1.1,0.1,-0.1,0,,,,,7.7,0.5,-0.5,0,1.892703921568627e-05,1.0143775677713662e-05,-7.36E-06,45.80279849882036,1.9761016581236597,-1.976101658,0.005691209,0.001254384,-0.001115265,0.2542621115454478,0.081105021,-0.066583219,6.536086070832593e+74,6.536086070832593e+74,-6.54E+74,2.638430355802997,0.2322182221774635,-0.168069029,WN,B,0.9995182461728652,A,0.000481754
HD 28109 d,HD 28109,1,1,3,Transit,2022,Transiting Exoplanet Survey Satellite (TESS),Published Confirmed,0,<a refstr=DRANSFIELD_ET_AL__2022 href=https://ui.adsabs.harvard.edu/abs/2022MNRAS.tmp.1364D/abstract target=ref>Dransfield et al. 2022</a>,84.25999,0.00744,-0.00662,0,0.411,0.016,-0.016,0,3.25,0.11,-0.11,0,0.28994608,0.00981356,-0.00981356,0,0.01787442,0.00861471,-0.0066388,0,,,,,0.0864,,,1,506.5,8.7,-8,0,89.682,0.093,-0.082,0,1,,,,,,,,,<a refstr=DRANSFIELD_ET_AL__2022 href=https://ui.adsabs.harvard.edu/abs/2022MNRAS.tmp.1364D/abstract target=ref>Dransfield et al. 2022</a>,F8/G0 V,6120,50,-50,0,1.446,0.035,-0.035,0,1.26,0.08,-0.08,0,0,0.1,-0.1,0,[Fe/H],4.13,0.1,-0.1,0,1.1,0.1,-0.1,0,,,,,7.7,0.5,-0.5,0,1.353701276065982e-05,6.5806346092607555e-06,-5.10E-06,61.11996812667262,2.801781577473316,-2.801781577,0.006791656,0.00143083,-0.001313834,0.283384297,0.08628025,-0.073325499,8.119065126436986e+74,8.119065126436986e+74,-8.12E+74,2.7217845136771097,0.2113659259342164,-0.163959943,WN,B,0.9992879058042002,A,0.000712094
HD 332231 b,HD 332231,1,1,1,Transit,2020,Transiting Exoplanet Survey Satellite (TESS),Published Confirmed,0,<a refstr=POLANSKI_ET_AL__2024 href=https://ui.adsabs.harvard.edu/abs/2024ApJS..272...32P/abstract target=ref>Polanski et al. 2024</a>,18.712024,2.3e-05,-2.30E-05,0,0.145,0.003,-0.003,0,9.07303305,0.18720815,-0.17534239,0,0.80944319,0.01670162,-0.01564303,0,0.23314467,0.01761957,-0.0169903,0,0.55,0.1,-0.12,0,0,,,0,798.3,14.03,-13.21,0,,,,,0,,,,,16,1,-1,0,<a refstr=MACDOUGALL_ET_AL__2023 href=https://ui.adsabs.harvard.edu/abs/2023AJ....166...33M/abstract target=ref>MacDougall et al. 2023</a>,,6128,87,-80,0,1.266,0.0235,-0.0227,0,1.1642,0.0317,-0.0337,0,0.043,0.063,-0.061,0,[Fe/H],4.296,0.021,-0.019,0,2.9,0.9,-0.8,0,0.7993,0.0526,-0.0445,0,,,,,0.000191099,1.5465226046811628e-05,-1.49E-05,24.628835993433825,0.6742925039853415,-0.684586207,0.005790917,0.000324697,-0.000310359,0.3785058065225757,0.027895943,-0.026270047,1.4484368206227783e+75,1.4484368206227783e+75,-1.45E+75,2.945439782,0.036864636,-0.036371098,WJ,A2,0.9728213229921668,B,0.027178677
HD 42813 b,HD 42813,1,1,3,Transit,2023,Transiting Exoplanet Survey Satellite (TESS),Published Confirmed,0,<a refstr=EGGER_ET_AL__2024 href=https://ui.adsabs.harvard.edu/abs/2024A&A...688A.223E/abstract target=ref>Egger et al. 2024</a>,13.6308205,9e-06,-9.00E-06,0,0.111,0.002,-0.002,0,3.41,0.046,-0.046,0,0.30422035,0.00410385,-0.00410385,0,0.0286318,0.00258001,-0.00248562,0,,,,,,,,,716,12,-12,0,,,,,0,23.88,0.43,-0.43,0,2.63,0.2,-0.19,0,<a refstr=EGGER_ET_AL__2024 href=https://ui.adsabs.harvard.edu/abs/2024A&A...688A.223E/abstract target=ref>Egger et al. 2024</a>,,5289,69,-69,0,0.98,0.007,-0.007,0,0.901,0.043,-0.043,0,0.24,0.05,-0.05,0,[Fe/H],4.39,0.03,-0.03,0,11.2,3.4,-3.4,0,,,,,,,,,3.0323916055508403e-05,3.092066312010217e-06,-3.00E-06,24.356029604597335,0.4720732514127725,-0.472073251,0.002399999,0.000155854,-0.000148775,0.2151850387468642,0.018694863,-0.017437834,4.681430813226545e+74,4.681430813226545e+74,-4.68E+74,2.8846591668106676,0.040850686,-0.039481247,WN,B,0.9999940237050872,A,5.976294912473947e-06
HD 63433 b,HD 63433,1,1,3,Transit,2020,Transiting Exoplanet Survey Satellite (TESS),Published Confirmed,0,<a refstr=POLANSKI_ET_AL__2024 href=https://ui.adsabs.harvard.edu/abs/2024ApJS..272...32P/abstract target=ref>Polanski et al. 2024</a>,7.1079384,6.6e-06,-6.60E-06,0,0.072,0.001,-0.001,0,2.16351593,0.05799703,-0.04762783,0,0.1930163,0.00517416,-0.00424908,0,0.11735892,0.03020498,-0.03020498,0,20.15,5.89,-7.15,0,0,,,0,886.44,12.12,-12.61,0,,,,,0,,,,,12.5,3.2,-3.2,0,<a refstr=MACDOUGALL_ET_AL__2023 href=https://ui.adsabs.harvard.edu/abs/2023AJ....166...33M/abstract target=ref>MacDougall et al. 2023</a>,,5634,62,-65,0,0.9169,0.0132,-0.0129,0,0.9883,0.0212,-0.0273,0,0.079,0.054,-0.053,0,[Fe/H],4.508,0.013,-0.019,0,1.5,1.6,-1,0,1.7997,0.077,-0.0937,0,,,,,0.000113315,2.933176860400916e-05,-2.93E-05,16.885740621310035,0.3338264818845523,-0.337780538,0.002415767,0.000252659,-0.000273705,0.4205965376750599,0.066381407,-0.069148651,1.7884872585998499e+75,1.7884872585998499e+75,-1.79E+75,3.89251517,0.1133992539202976,-0.11417496,HSubN,B,0.999994691,A,5.308671519680016e-06
HD 63935 b,HD 63935,1,1,2,Transit,2021,Transiting Exoplanet Survey Satellite (TESS),Published Confirmed,0,<a refstr=POLANSKI_ET_AL__2024 href=https://ui.adsabs.harvard.edu/abs/2024ApJS..272...32P/abstract target=ref>Polanski et al. 2024</a>,9.058807,1.5e-05,-1.50E-05,0,0.083,0.002,-0.002,0,2.91575244,0.09298372,-0.07706553,0,0.26012646,0.00829547,-0.00687534,0,0.03303669,0.00503416,-0.00471953,0,2.32,0.5,-0.65,0,0,,,0,825.22,13.82,-13.85,0,,,,,0,,,,,3.37,0.48,-0.48,0,<a refstr=MACDOUGALL_ET_AL__2023 href=https://ui.adsabs.harvard.edu/abs/2023AJ....166...33M/abstract target=ref>MacDougall et al. 2023</a>,,5513,71,-73,0,0.9598,0.0168,-0.0167,0,0.9406,0.0342,-0.0318,0,0.107,0.054,-0.057,0,[Fe/H],4.445,0.024,-0.024,0,6.6,2.5,-2.4,0,1.4863,0.1082,-0.1007,0,,,,,3.3516061504338076e-05,5.231397538137939e-06,-4.94E-06,18.59546046603128,0.5526879126617942,-0.553824338,0.001855476,0.000159673,-0.00015576,0.2115559972797623,0.025405992,-0.024451863,4.524860001949508e+74,4.524860001949508e+74,-4.52E+74,3.082814504973978,0.070047101,-0.067944692,HSubN,B,0.9999932518902588,A,6.748109741203791e-06
HD 73583 b,HD 73583,1,1,2,Transit,2022,Transiting Exoplanet Survey Satellite (TESS),Published Confirmed,0,<a refstr=BARRAG_AACUTE_N_ET_AL__2021 href=https://ui.adsabs.harvard.edu/abs/2021arXiv211013069B/abstract target=ref>Barrag&aacute;n et al. 2021</a>,6.398042,6.7e-06,-6.20E-06,0,0.0604,0.0027,-0.0026,0,2.79,0.1,-0.1,0,0.24890756,0.00892142,-0.00892142,0,0.03209279,0.0106976,-0.00975369,0,2.58,0.95,-0.81,0,0.09,0.09,-0.06,0,714,21,-20,0,88.37,0.18,-0.18,0,0,19.98,0.61,-0.63,0,4.37,1.46,-1.31,0,<a refstr=BARRAG_AACUTE_N_ET_AL__2021 href=https://ui.adsabs.harvard.edu/abs/2021arXiv211013069B/abstract target=ref>Barrag&aacute;n et al. 2021</a>,K4 V,4511,110,-110,0,0.65,0.02,-0.02,0,0.73,0.02,-0.02,0,0,0.09,-0.09,0,[Fe/H],4.62,0.12,-0.12,0,0.48,0.19,-0.19,0,3.69,0.35,-0.35,0,3.5,0.5,-0.5,0,4.195135947712419e-05,1.4030944988492994e-05,-1.28E-05,19.98173394809876,1.084368251491611,-1.057283839,0.001455164,0.000233612,-0.000232118,0.2064070450057842,0.045156862,-0.043108227,4.3072838898647605e+74,4.3072838898647605e+74,-4.31E+74,3.108518337642357,0.1480745890255626,-0.135613264,HSubN,B,0.9999960814643486,A,3.91853565156067e-06
HD 77946 b,HD 77946,1,1,1,Transit,2024,Transiting Exoplanet Survey Satellite (TESS),Published Confirmed,0,<a refstr=POLANSKI_ET_AL__2024 href=https://ui.adsabs.harvard.edu/abs/2024ApJS..272...32P/abstract target=ref>Polanski et al. 2024</a>,6.527363,2.7e-05,-2.70E-05,0,0.073,0.001,-0.01,0,2.89646124,0.1867559,-0.14235529,0,0.25840541,0.01666127,-0.01270011,0,0.03429524,0.00566343,-0.0053488,0,2.44,0.61,-0.83,0,0.211,0.072,-0.072,0,1128.86,19.54,-18.12,0,,,,,0,,,,,3.4,0.53,-0.53,0,<a refstr=MACDOUGALL_ET_AL__2023 href=https://ui.adsabs.harvard.edu/abs/2023AJ....166...33M/abstract target=ref>MacDougall et al. 2023</a>,,6007,83,-88,0,1.3174,0.0249,-0.0142,0,1.1973,0.0308,-0.0289,0,0.215,0.062,-0.063,0,[Fe/H],4.276,0.012,-0.022,0,3.1,0.9,-0.7,0,0.7339,0.0272,-0.0477,0,,,,,2.733331389962928e-05,4.5617178246599074e-06,-4.32E-06,11.91556914529228,0.207698707,-1.647733633,0.001524684,0.000114968,-0.000291652,0.179766534,0.023048955,-0.03293654,3.267173167207756e+74,3.267173167207756e+74,-3.27E+74,3.104817681088669,0.083461973,-0.087888397,HSubN,B,0.9999838594700768,A,1.6140529923092808e-05
HD 86226 c,HD 86226,1,1,2,Transit,2020,Transiting Exoplanet Survey Satellite (TESS),Published Confirmed,0,<a refstr=TESKE_ET_AL__2020 href=https://ui.adsabs.harvard.edu/abs/2020AJ....160...96T/abstract target=ref>Teske et al. 2020</a>,3.98442,0.00018,-0.00018,0,0.049,0.001,-0.001,0,2.16,0.08,-0.08,0,0.19270229,0.00713712,-0.00713712,0,0.02281094,0.00374414,-0.0035239,0,3.97,0.78,-0.73,0,0.075,0.065,-0.048,0,1311,28,-28,0,86.45,0.26,-0.16,0,0,10.11,0.07,-0.08,0,2.89,0.46,-0.43,0,<a refstr=TESKE_ET_AL__2020 href=https://ui.adsabs.harvard.edu/abs/2020AJ....160...96T/abstract target=ref>Teske et al. 2020</a>,G1 V,5863,88,-88,0,1.053,0.026,-0.026,0,1.019,0.061,-0.066,0,0.018,0.057,-0.043,0,[Fe/H],4.4,0.029,-0.032,0,4.6,3.7,-2.7,0,1.233,0.026,-0.028,0,,,,,2.136143495801985e-05,3.769329526546015e-06,-3.54E-06,10.006387084629624,0.3205413447588268,-0.320541345,0.000942683,9.206560442971213e-05,-8.62E-05,0.150772413,0.022387321,-0.019889261,2.2982551076413547e+74,2.2982551076413547e+74,-2.30E+74,3.1825564691950663,0.078207042,-0.074405089,HSubN,B,0.9999997683299976,A,2.316700023209102e-07
HIP 9618 b,HIP 9618,1,1,2,Transit,2023,Transiting Exoplanet Survey Satellite (TESS),Published Confirmed,0,<a refstr=POLANSKI_ET_AL__2024 href=https://ui.adsabs.harvard.edu/abs/2024ApJS..272...32P/abstract target=ref>Polanski et al. 2024</a>,20.772858,4.7e-05,-4.70E-05,0,0.145,0.003,-0.003,0,3.82838127,0.10440228,-0.08816578,0,0.34154589,0.00931416,-0.00786564,0,0.02611472,0.0053488,-0.0053488,1,0.81,0.21,-0.25,1,0,,,0,640.88,10.94,-10.36,0,,,,,0,,,,,,,,,<a refstr=MACDOUGALL_ET_AL__2023 href=https://ui.adsabs.harvard.edu/abs/2023AJ....166...33M/abstract target=ref>MacDougall et al. 2023</a>,,5649,75,-71,0,0.9593,0.0173,-0.0163,0,0.942,0.0335,-0.0325,0,-0.018,0.059,-0.058,0,[Fe/H],4.445,0.025,-0.024,0,5.6,2.3,-2.2,0,1.4896,0.1082,-0.0989,0,,,,,2.645427695211135e-05,5.4946806741156345e-06,-5.50E-06,32.50297755414075,0.8701908602824169,-0.892078772,0.002995662,0.000296212,-0.000309227,0.2168001051546141,0.030742919,-0.031309488,4.751967273179188e+74,4.751967273179188e+74,-4.75E+74,2.7441742848695365,0.0911733,-0.092051692,WN,B,0.9998809540034528,A,0.000119046
HIP 9618 c,HIP 9618,1,1,2,Transit,2023,Transiting Exoplanet Survey Satellite (TESS),Published Confirmed,0,<a refstr=POLANSKI_ET_AL__2024 href=https://ui.adsabs.harvard.edu/abs/2024ApJS..272...32P/abstract target=ref>Polanski et al. 2024</a>,52.56363,0.00016,-0.00016,0,0.269,0.005,-0.005,0,3.42855926,0.0971864,-0.08596176,0,0.3058761,0.0086704,-0.00766901,0,0.02202446,,,1,1,,,1,0,,,0,470.31,8.03,-7.6,0,,,,,0,,,,,,,,,<a refstr=MACDOUGALL_ET_AL__2023 href=https://ui.adsabs.harvard.edu/abs/2023AJ....166...33M/abstract target=ref>MacDougall et al. 2023</a>,,5649,75,-71,0,0.9593,0.0173,-0.0163,0,0.942,0.0335,-0.0325,0,-0.018,0.059,-0.058,0,[Fe/H],4.445,0.025,-0.024,0,5.6,2.3,-2.2,0,1.4896,0.1082,-0.0989,0,,,,,2.231083329864147e-05,,,60.298627324578355,1.5185236436023175,-1.5616233,0.005250699,,,0.286558526,,,8.301969500716297e+74,,,2.7660012190925753,,,WN,B,0.999551557,A,0.000448443
K2-100 b,K2-100,1,1,1,Transit,2016,K2,Published Confirmed,0,<a refstr=BARRAG_AACUTE_N_ET_AL__2019 href=https://ui.adsabs.harvard.edu/abs/2019MNRAS.490..698B/abstract target=ref>Barrag&aacute;n et al. 2019</a>,1.6739035,4e-07,-4.00E-07,0,0.0301,0.0014,-0.0014,0,3.88,0.16,-0.16,0,0.34615101,0.01427427,-0.01427427,0,0.06859047,0.01950738,-0.01950738,0,2.04,0.66,-0.61,0,0,,,0,1841,41,-41,0,81.27,0.37,-0.37,0,0,5.21,0.13,-0.13,0,10.6,3,-3,0,<a refstr=BARRAG_AACUTE_N_ET_AL__2019 href=https://ui.adsabs.harvard.edu/abs/2019MNRAS.490..698B/abstract target=ref>Barrag&aacute;n et al. 2019</a>,G0 V,5945,110,-110,0,1.24,0.05,-0.05,0,1.15,0.05,-0.05,0,0.22,0.09,-0.09,0,[Fe/H],4.33,0.1,-0.1,0,0.75,0.004,-0.007,0,0.85,0.12,-0.1,0,14,2,-2,0,5.691508167092925e-05,1.637491460875316e-05,-1.64E-05,5.219806460886459,0.3213146847095477,-0.321314685,0.00080279,0.000124072,-0.000127777,0.143918359,0.030316868,-0.029869372,2.094049108556647e+74,2.094049108556647e+74,-2.09E+74,3.1519196108634806,0.1286035614457765,-0.128603561,HN,B,0.9999687643390448,A,3.123566095485862e-05
K2-114 b,K2-114,1,1,1,Transit,2017,K2,Published Confirmed,0,<a refstr=THYGESEN_ET_AL__2023 href=https://ui.adsabs.harvard.edu/abs/2023AJ....165..155T/abstract target=ref>Thygesen et al. 2023</a>,11.390931,3.1e-06,-3.20E-06,0,0.0944,0.0013,-0.0011,0,10.59248676,0.32506044,-0.31385146,0,0.945,0.029,-0.028,0,2.01,0.12,-0.12,0,2.96,0.34,-0.31,0,0.079,0.03,-0.03,0,701.4,7.6,-7.7,0,89.16,0.18,-0.13,0,0,24.4,0.67,-0.66,0,200,10,-10,0,<a refstr=THYGESEN_ET_AL__2023 href=https://ui.adsabs.harvard.edu/abs/2023AJ....165..155T/abstract target=ref>Thygesen et al. 2023</a>,,4899,59,-58,0,0.832,0.022,-0.021,0,0.863,0.037,-0.031,0,0.42,0.036,-0.037,0,[Fe/H],4.534,0.027,-0.026,0,7.6,4.2,-4.6,0,2.11,0.18,-0.17,0,,,,,0.002222525,0.000154854,-0.000163358,24.398226468084165,0.7015169372176455,-0.705010546,0.008541756,0.000394949,-0.000385926,0.9639300235909876,0.06902693,-0.067629243,9.393890184486391e+75,9.393890184486391e+75,-9.39E+75,3.746519478765318,0.036532216,-0.037185449,WJ,A2,0.9999994588788516,B,4.369276190766961e-07
K2-115 b,K2-115,1,1,1,Transit,2017,K2,Published Confirmed,0,<a refstr=THYGESEN_ET_AL__2023 href=https://ui.adsabs.harvard.edu/abs/2023AJ....165..155T/abstract target=ref>Thygesen et al. 2023</a>,20.2729914,5e-06,-5.00E-06,0,0.1415,0.002,-0.0024,0,11.80305668,0.33626942,-0.31385146,0,1.053,0.03,-0.028,0,1.01,0.22,-0.23,0,1.07,0.26,-0.27,0,0.063,0.061,-0.042,0,696,19,-15,0,88.912,0.057,-0.075,0,0,35.62,0.91,-1.1,0,80,17,-18,0,<a refstr=THYGESEN_ET_AL__2023 href=https://ui.adsabs.harvard.edu/abs/2023AJ....165..155T/abstract target=ref>Thygesen et al. 2023</a>,,5870,170,-150,0,0.855,0.024,-0.021,0,0.918,0.039,-0.046,0,-0.198,0.043,-0.049,0,[Fe/H],4.538,0.024,-0.033,0,2.2,3.5,-1.6,0,2.08,0.16,-0.19,0,,,,,0.001049881,0.00023466,-0.000243207,35.58769954448672,1.0084830024797111,-1.167154317,0.009971551,0.00101416,-0.001102005,0.7683978912934132,0.1196596668036853,-0.121816126,5.9693465518365104e+75,5.9693465518365104e+75,-5.97E+75,3.3536516697750254,0.09737749,-0.101947693,WJ,A2,0.999996957,B,3.042499038227665e-06
K2-12 b,K2-12,1,1,1,Transit,2015,K2,Published Confirmed,0,<a refstr=BONOMO_ET_AL__2023 href=https://ui.adsabs.harvard.edu/abs/2023arXiv230405773B/abstract target=ref>Bonomo et al. 2023</a>,8.28246,0.00052,-0.00052,0,0.0792,0.0016,-0.0013,0,2.44,0.3,-0.14,0,0.21768259,0.02676425,-0.01248998,0,0.01636103,,,1,1.6,,,1,0.5,,,1,1026,15,-15,0,87.6,1.8,-5.4,0,0,,,,,2.1,,,1,<a refstr=BONOMO_ET_AL__2023 href=https://ui.adsabs.harvard.edu/abs/2023arXiv230405773B/abstract target=ref>Bonomo et al. 2023</a>,,5672,63,-63,0,1.117,0.014,-0.014,0,0.965,0.064,-0.048,0,0,0.07,-0.07,0,[Fe/H],,,,,8.9,3,-3.3,0,,,,,,,,,1.6178742117917977e-05,,,15.246901641223896,0.3624827169282446,-0.314882469,0.001388885,,,0.1569550126692929,,,2.490604936725473e+74,,,2.9323502872125475,,,HSubN,B,0.9999905604023128,A,9.43959768534924e-06
K2-140 b,K2-140,1,1,1,Transit,2017,K2,Published Confirmed,0,<a refstr=KORTH_ET_AL__2019 href=https://ui.adsabs.harvard.edu/abs/2019MNRAS.482.1807K/abstract target=ref>Korth et al. 2019</a>,6.569188,3.1e-05,-3.10E-05,0,0.068,0.001,-0.001,0,13.56286665,1.00880826,-1.00880826,0,1.21,0.09,-0.09,0,0.93,0.04,-0.04,0,0.66,0.18,-0.18,0,0,,,0,962,28,-28,0,88.3,0.1,-0.1,0,0,14.1,0.2,-0.2,0,104.1,2.7,-2.7,0,<a refstr=KORTH_ET_AL__2019 href=https://ui.adsabs.harvard.edu/abs/2019MNRAS.482.1807K/abstract target=ref>Korth et al. 2019</a>,G6 V,5585,120,-120,0,1.06,0.07,-0.06,0,0.96,0.06,-0.04,0,0.1,0.1,-0.1,0,[Fe/H],4.4,0.2,-0.2,0,9.8,3.4,-4.6,0,1.133,0.284,-0.284,0,3.6,1,-1,0,0.000924428,5.535800881420272e-05,-7.01E-05,13.794711990909116,0.8067548288134909,-0.933285981,0.004592962,0.000200954,-0.000222593,0.4662838918735158,0.04303557,-0.042500994,2.1981396966481965e+75,2.1981396966481965e+75,-2.20E+75,3.197099246284391,0.067251957,-0.067251957,HJ,A1,0.9999978257951724,B,2.174161740979774e-06
K2-141 c,K2-141,1,1,2,Transit,2018,K2,Published Confirmed,0,<a refstr=BONOMO_ET_AL__2023 href=https://ui.adsabs.harvard.edu/abs/2023arXiv230405773B/abstract target=ref>Bonomo et al. 2023</a>,7.7485,0.00022,-0.00022,0,0.0683,0.00091,-0.00091,0,7,4.6,-2.8,0,0.62449925,0.41038522,-0.2497997,0,0.02517081,,,1,0.081,,,1,0.092,,,1,695,18,-18,0,87.2,1.6,-2,0,0,,,,,3.2,,,1,<a refstr=BONOMO_ET_AL__2023 href=https://ui.adsabs.harvard.edu/abs/2023arXiv230405773B/abstract target=ref>Bonomo et al. 2023</a>,,4570,100,-100,0,0.681,0.018,-0.018,0,0.708,0.028,-0.028,0,0,0.06,-0.06,0,[Fe/H],,,,,6.3,6.6,-4.7,0,,,,,,,,,3.3925429821646175e-05,,,21.56667441301369,0.6383711229530948,-0.638371123,0.001533047,,,0.1246117921052572,,,1.5699027409727754e+74,,,2.2040203875121356,,,HS,B,0.9551508133647812,A,0.044849186
K2-180 b,K2-180,1,1,1,Transit,2018,K2,Published Confirmed,0,<a refstr=THYGESEN_ET_AL__2023 href=https://ui.adsabs.harvard.edu/abs/2023AJ....165..155T/abstract target=ref>Thygesen et al. 2023</a>,8.865663,1.1e-05,-1.00E-05,0,0.0756,0.0012,-0.001,0,2.46597575,0.10984801,-0.09639723,0,0.22,0.0098,-0.0086,0,0.0359,0.0075,-0.0068,0,4.16,1.1,-0.92,0,0.075,0.08,-0.051,0,797.5,8.4,-8.5,0,89.15,0.51,-0.38,0,0,22.63,0.82,-0.79,0,4.36,0.9,-0.82,0,<a refstr=THYGESEN_ET_AL__2023 href=https://ui.adsabs.harvard.edu/abs/2023AJ....165..155T/abstract target=ref>Thygesen et al. 2023</a>,,5365,92,-92,0,0.719,0.025,-0.023,0,0.735,0.035,-0.029,0,-0.578,0.079,-0.08,0,[Fe/H],4.591,0.034,-0.033,0,7.5,4.4,-4.7,0,2.79,0.31,-0.28,0,,,,,4.660886576852964e-05,9.909364005966038e-06,-9.10E-06,22.610100632076676,0.8074182665443066,-0.841130932,0.001886416,0.000182627,-0.000177505,0.2589022923951377,0.039741448,-0.037552909,6.776824761925596e+74,6.776824761925596e+74,-6.78E+74,3.2644361252972627,0.096875232,-0.090906921,HSubN,B,0.999968483,A,3.151669524115968e-05
K2-182 b,K2-182,1,1,1,Transit,2018,K2,Published Confirmed,0,<a refstr=THYGESEN_ET_AL__2023 href=https://ui.adsabs.harvard.edu/abs/2023AJ....165..155T/abstract target=ref>Thygesen et al. 2023</a>,4.7369696,1.7e-06,-1.70E-06,0,0.05174,0.00075,-0.0007,0,2.71257333,0.11096891,-0.09079274,0,0.242,0.0099,-0.0081,0,0.066,0.017,-0.016,0,5.7,1.6,-1.5,0,0.071,0.11,-0.051,0,965.8,10,-9.8,0,88.91,0.71,-0.69,0,0,14.11,0.44,-0.46,0,9.1,2.3,-2.3,0,<a refstr=THYGESEN_ET_AL__2023 href=https://ui.adsabs.harvard.edu/abs/2023AJ....165..155T/abstract target=ref>Thygesen et al. 2023</a>,,5128,79,-80,0,0.789,0.025,-0.023,0,0.823,0.036,-0.033,0,0.022,0.077,-0.066,0,[Fe/H],4.56,0.029,-0.032,0,6.2,4.9,-4.2,0,2.37,0.23,-0.22,0,,,,,7.652538536678341e-05,1.994848984978308e-05,-1.89E-05,14.101295428208005,0.4590814490604869,-0.485834349,0.001523075,0.000167653,-0.000172818,0.2616738734288819,0.045179894,-0.04464753,6.922694876846753e+74,6.922694876846753e+74,-6.92E+74,3.4461002419443623,0.1155798881301321,-0.111118067,HSubN,B,0.999968729,A,3.127087099793519e-05
K2-199 c,K2-199,1,1,2,Transit,2018,K2,Published Confirmed,0,<a refstr=AKANA_MURPHY_ET_AL__2021 href=https://ui.adsabs.harvard.edu/abs/2021AJ....162..294A/abstract target=ref>Akana Murphy et al. 2021</a>,7.3744897,3.7e-06,-3.70E-06,0,0.0662,0.0007,-0.0007,0,2.85,0.1,-0.09,0,0.25426041,0.00892142,-0.00802928,0,0.03901476,0.00723661,-0.00723661,0,2.9,0.7,-0.6,0,0.03,0.06,-0.03,0,694,17,-17,0,87.7,0.6,-0.6,0,0,20.96,0.46,-0.48,0,5.1,1,-1,0,<a refstr=AKANA_MURPHY_ET_AL__2021 href=https://ui.adsabs.harvard.edu/abs/2021AJ....162..294A/abstract target=ref>Akana Murphy et al. 2021</a>,,4491,100,-100,0,0.682,0.014,-0.014,0,0.711,0.022,-0.024,0,-0.01,0.09,-0.09,0,[Fe/H],,,,,5.04,6.12,-3.59,0,,,,,,,,,5.236254708915915e-05,9.871929930562189e-06,-9.85E-06,20.872919825471673,0.4819804710417243,-0.481980471,0.001717214,0.000140571,-0.000146503,0.2388647566740918,0.031411749,-0.031283661,5.768443150102167e+74,5.768443150102167e+74,-5.77E+74,3.174858492125718,0.085096457,-0.086127147,HSubN,B,0.9999912504470012,A,8.749552998903688e-06
K2-232 b,K2-232,1,1,1,Transit,2018,K2,Published Confirmed,0,<a refstr=BRAHM_ET_AL__2018 href=https://ui.adsabs.harvard.edu/abs/2018MNRAS.477.2572B/abstract target=ref>Brahm et al. 2018</a>,11.168454,2.3e-05,-2.30E-05,0,0.10356,0.00081,-0.00077,0,11.209,0.246598,-0.22418,0,1,0.022,-0.02,0,0.398,0.037,-0.037,0,,,,,0.258,0.025,-0.025,0,1030,15,-15,0,89.14,0.13,-0.11,0,0,19.25,0.27,-0.31,0,33.42,3.12,-3.02,0,<a refstr=BRAHM_ET_AL__2018 href=https://ui.adsabs.harvard.edu/abs/2018MNRAS.477.2572B/abstract target=ref>Brahm et al. 2018</a>,,6154,60,-60,0,1.161,0.024,-0.024,0,1.188,0.028,-0.026,0,0.1,0.04,-0.04,0,[Fe/H],4.379,0.017,-0.017,0,1.43,0.82,-0.75,0,,,,,4.16,0.282,-0.282,0,0.000319689,3.0532307702017435e-05,-3.07E-05,19.180919037914336,0.4239379872489472,-0.421373177,0.004909768,0.000224952,-0.000228946,0.3722306411186104,0.026793482,-0.026912351,1.400808294468812e+75,1.400808294468812e+75,-1.40E+75,2.9940701104370437,0.043952787,-0.044667897,WJ,A2,0.999230489,B,0.000769511
K2-237 b,K2-237,1,1,1,Transit,2018,K2,Published Confirmed,0,<a refstr=THYGESEN_ET_AL__2023 href=https://ui.adsabs.harvard.edu/abs/2023AJ....165..155T/abstract target=ref>Thygesen et al. 2023</a>,2.18053332,5.4e-07,-5.40E-07,0,0.03552,0.00051,-0.0006,0,16.06246934,0.62770292,-0.54924005,0,1.433,0.056,-0.049,0,1.366,0.11,-0.092,0,0.577,0.069,-0.064,0,0.03,0.033,-0.021,0,1759,49,-42,0,88.37,1,-0.88,0,0,6.18,0.16,-0.19,0,184,14,-11,0,<a refstr=THYGESEN_ET_AL__2023 href=https://ui.adsabs.harvard.edu/abs/2023AJ....165..155T/abstract target=ref>Thygesen et al. 2023</a>,,6180,160,-140,0,1.236,0.043,-0.036,0,1.256,0.055,-0.062,0,0.337,0.076,-0.076,0,[Fe/H],4.353,0.022,-0.029,0,1.09,1.5,-0.78,0,0.937,0.073,-0.085,0,,,,,0.001037821,9.802506034791308e-05,-8.34E-05,6.179652818771622,0.2006714718377509,-0.238990061,0.002493485,0.000146117,-0.000132409,0.3281154624896969,0.030383485,-0.026428932,1.088448432066617e+75,1.088448432066617e+75,-1.09E+75,3.217145356914181,0.045882405,-0.044807407,FHJ,A1,0.9999994211670928,B,5.786176606040876e-07
K2-238 b,K2-238,1,1,1,Transit,2018,K2,Published Confirmed,0,<a refstr=SOTO_ET_AL__2018 href=https://ui.adsabs.harvard.edu/abs/2018MNRAS.478.5356S/abstract target=ref>Soto et al. 2018</a>,3.20466,3e-05,-3.00E-05,0,0.046,0.007,-0.006,0,14.5717,1.68135,-1.56926,0,1.3,0.15,-0.14,0,0.86,0.13,-0.12,0,0.56,0.25,-0.16,0,0,,,0,1587,75,-76,0,84.5,1.8,-1.5,0,0,6.27,0.66,-0.52,0,100,10,-10,0,<a refstr=SOTO_ET_AL__2018 href=https://ui.adsabs.harvard.edu/abs/2018MNRAS.478.5356S/abstract target=ref>Soto et al. 2018</a>,G2 V,5630,78,-78,0,1.59,0.16,-0.16,0,1.19,0.08,-0.08,0,0.34,0.04,-0.04,0,[Fe/H],4.11,0.07,-0.07,0,5.63,1.05,-1.97,0,0.0775,0.0004,-0.0003,0,3.78,0.57,-0.57,0,0.000689625,0.00011409,-0.000106813,6.221144623,1.1349639362641946,-1.024874134,0.002817875,0.000664643,-0.000537274,0.3195698275807722,0.083841261,-0.06620707,1.0324903485183636e+75,1.0324903485183636e+75,-1.03E+75,3.100798785,0.1142786508836006,-0.117118216,HJ,A1,0.9999961789441082,B,3.821047605432307e-06
K2-25 b,K2-25,1,1,1,Transit,2015,K2,Published Confirmed,0,<a refstr=STEFANSSON_ET_AL__2020 href=https://ui.adsabs.harvard.edu/abs/2020AJ....160..192S/abstract target=ref>Stefansson et al. 2020</a>,3.48456408,6e-07,-5.00E-07,0,0.0287,0.0012,-0.0012,0,3.44,0.12,-0.12,0,0.306,0.011,-0.011,0,0.07708562,0.01793421,-0.01636103,0,,,,,0.428,0.05,-0.049,0,494,11,-11,0,87.16,0.18,-0.21,0,0,21.09,0.57,-0.59,0,27.9,6.5,-6,0,<a refstr=STEFANSSON_ET_AL__2020 href=https://ui.adsabs.harvard.edu/abs/2020AJ....160..192S/abstract target=ref>Stefansson et al. 2020</a>,M4.5 V,3207,58,-58,0,0.2932,0.0093,-0.0093,0,0.2634,0.0077,-0.0077,0,0.15,0.03,-0.03,0,[Fe/H],4.944,0.031,-0.031,0,0.73,0.05,-0.052,0,14.6,1.2,-1.2,0,8.8,0.6,-0.6,0,0.000279267,6.548313804232071e-05,-5.98E-05,21.048808692492432,1.1046761227144346,-1.104676123,0.001300712,0.000166679,-0.000160661,0.3310867634824476,0.05675014,-0.052515037,1.1082509209076218e+75,1.1082509209076218e+75,-1.11E+75,3.309717555187634,0.1057544306494322,-0.097321557,HN,B,0.9975469904573072,A,0.00245301
K2-260 b,K2-260,1,1,1,Transit,2018,K2,Published Confirmed,0,<a refstr=THYGESEN_ET_AL__2023 href=https://ui.adsabs.harvard.edu/abs/2023AJ....165..155T/abstract target=ref>Thygesen et al. 2023</a>,2.62669762,6.6e-07,-6.60E-07,0,0.04392,0.00057,-0.00063,0,18.41635529,0.65012088,-0.81825559,0,1.643,0.058,-0.073,0,1.72,0.34,-0.35,0,0.48,0.12,-0.11,0,0.053,0.051,-0.036,0,2090,35,-39,0,89.18,0.58,-0.83,0,0,5.37,0.27,-0.17,0,182,36,-37,0,<a refstr=THYGESEN_ET_AL__2023 href=https://ui.adsabs.harvard.edu/abs/2023AJ....165..155T/abstract target=ref>Thygesen et al. 2023</a>,,6860,150,-160,0,1.755,0.061,-0.078,0,1.637,0.065,-0.069,0,0.334,0.052,-0.061,0,[Fe/H],4.161,0.044,-0.03,0,0.65,0.43,-0.37,0,0.424,0.067,-0.039,0,,,,,0.001002631,0.00020265,-0.000207872,5.381394131717547,0.2491615012910194,-0.202347929,0.003047911,0.000278298,-0.000299038,0.334915349,0.050673745,-0.048889736,1.1340300607434419e+75,1.1340300607434419e+75,-1.13E+75,3.1984403584007812,0.094124352,-0.09354207,UHJ,A1,0.999999988,B,1.1501031738262048e-08
K2-261 b,K2-261,1,1,1,Transit,2018,K2,Published Confirmed,0,<a refstr=THYGESEN_ET_AL__2023 href=https://ui.adsabs.harvard.edu/abs/2023AJ....165..155T/abstract target=ref>Thygesen et al. 2023</a>,11.6334681,4.4e-06,-4.40E-06,0,0.1086,0.0012,-0.0012,0,9.26982704,0.36989636,-0.33626942,0,0.827,0.033,-0.03,0,0.217,0.025,-0.029,0,0.473,0.082,-0.079,0,0.274,0.065,-0.061,0,1036,10,-10,0,88.58,0.85,-0.57,0,0,14.51,0.51,-0.47,0,17.4,1.9,-2.3,0,<a refstr=THYGESEN_ET_AL__2023 href=https://ui.adsabs.harvard.edu/abs/2023AJ....165..155T/abstract target=ref>Thygesen et al. 2023</a>,,5490,110,-110,0,1.663,0.071,-0.068,0,1.107,0.042,-0.047,0,0.372,0.069,-0.072,0,[Fe/H],4.04,0.038,-0.041,0,8.8,1.7,-1.2,0,0.339,0.046,-0.042,0,,,,,0.000187057,2.296715204762168e-05,-2.60E-05,14.042588390448635,0.5947968778122341,-0.619287345,0.004306396,0.000274519,-0.000296526,0.3206276692960379,0.033785249,-0.034964264,1.0393371718961228e+75,1.0393371718961228e+75,-1.04E+75,2.895635753106792,0.059128589,-0.067600666,WJ,A1,0.978986083,B,0.021013917
K2-285 b,K2-285,1,1,4,Transit,2018,K2,Published Confirmed,0,<a refstr=PALLE_ET_AL__2019 href=https://ui.adsabs.harvard.edu/abs/2019A&A...623A..41P/abstract target=ref>Palle et al. 2019</a>,3.471745,4.4e-05,-4.60E-05,0,0.03817,0.00095,-0.00092,0,2.59,0.06,-0.06,0,0.23106432,0.00535284,-0.00535284,0,0.03045653,0.00380707,-0.00431048,0,3.07,0.45,-0.45,0,0,,,0,1088.9,22.1,-21.9,0,86.846,0.041,-0.041,0,0,10.43,0.14,-0.14,0,4.62,0.58,-0.65,0,<a refstr=PALLE_ET_AL__2019 href=https://ui.adsabs.harvard.edu/abs/2019A&A...623A..41P/abstract target=ref>Palle et al. 2019</a>,K2 V,4975,95,-95,0,0.787,0.016,-0.016,0,0.83,0.023,-0.023,0,0,0.05,-0.05,0,[Fe/H],4.4,0.1,-0.1,0,,,,,2.512,0.1,-0.097,0,3.9,0.8,-0.8,0,3.501577588786519e-05,4.483239450375595e-06,-5.05E-06,10.429344608987613,0.3351649775590306,-0.328857587,0.000865837,6.576815387131783e-05,-7.01E-05,0.1555888905014094,0.015840433,-0.016710411,2.4474376219598063e+74,2.4474376219598063e+74,-2.45E+74,3.150401682378788,0.057896013,-0.064675029,HSubN,B,0.9999999795921451,A,2.040785445346005e-08
K2-285 c,K2-285,1,1,4,Transit,2018,K2,Published Confirmed,0,<a refstr=PALLE_ET_AL__2019 href=https://ui.adsabs.harvard.edu/abs/2019A&A...623A..41P/abstract target=ref>Palle et al. 2019</a>,7.138048,7.2e-05,-6.30E-05,0,0.0824,0.0018,-0.0018,0,3.53,0.08,-0.08,0,0.31492551,0.00713712,-0.00713712,0,0.04933455,0.00717365,-0.0067017,0,1.95,0.32,-0.28,0,0,,,0,741.4,14.5,-14.5,0,89.861,0.0012,-0.0012,0,0,22.51,0.2,-0.2,0,5.9,0.86,-0.8,0,<a refstr=PALLE_ET_AL__2019 href=https://ui.adsabs.harvard.edu/abs/2019A&A...623A..41P/abstract target=ref>Palle et al. 2019</a>,K2 V,4975,95,-95,0,0.787,0.016,-0.016,0,0.83,0.023,-0.023,0,0,0.05,-0.05,0,[Fe/H],4.4,0.1,-0.1,0,,,,,2.512,0.1,-0.097,0,3.9,0.8,-0.8,0,5.671977557287976e-05,8.395953585409381e-06,-7.86E-06,22.51448770711499,0.6718653076589064,-0.671865308,0.002195154,0.000173881,-0.000168497,0.2492177715384939,0.027369176,-0.025717629,6.279318047043738e+74,6.279318047043738e+74,-6.28E+74,3.090922526867574,0.066146886,-0.062192808,HN,B,0.99999914,A,8.601776062529444e-07
K2-287 b,K2-287,1,1,1,Transit,2018,K2,Published Confirmed,0,<a refstr=JORD_AACUTE_N_ET_AL__2019 href=https://ui.adsabs.harvard.edu/abs/2019AJ....157..100J/abstract target=ref>Jord&aacute;n et al. 2019</a>,14.893291,2.5e-05,-2.50E-05,0,0.1206,0.0008,-0.0008,0,9.494023,0.145717,-0.145717,0,0.847,0.013,-0.013,0,0.315,0.027,-0.027,0,,,,,0.478,0.025,-0.026,0,804,8,-7,0,88.13,0.1,-0.08,0,0,23.87,0.3,-0.31,0,28.8,2.3,-2.2,0,<a refstr=JORD_AACUTE_N_ET_AL__2019 href=https://ui.adsabs.harvard.edu/abs/2019AJ....157..100J/abstract target=ref>Jord&aacute;n et al. 2019</a>,,5695,58,-58,0,1.07,0.01,-0.01,0,1.056,0.022,-0.022,0,0.2,0.04,-0.04,0,[Fe/H],4.398,0.015,-0.015,0,4.5,1,-1,0,1.217,0.045,-0.045,0,3.2,0.2,-0.2,0,0.000284648,2.510873509688628e-05,-2.51E-05,24.236679522675335,0.2777688261720681,-0.277768826,0.005500594,0.000230453,-0.000233616,0.4118490326639813,0.02664318,-0.026327331,1.7148674794016675e+75,1.7148674794016675e+75,-1.71E+75,3.0367307714915426,0.039540404,-0.039540404,WJ,A2,0.9924572437002226,B,0.007542756
K2-295 b,K2-295,1,1,1,Transit,2018,K2,Published Confirmed,0,<a refstr=SMITH_ET_AL__2019 href=https://ui.adsabs.harvard.edu/abs/2019AcA....69..135S/abstract target=ref>Smith et al. 2019</a>,4.024867,1.5e-05,-1.50E-05,0,0.0451,0.0006,-0.0014,0,10.054473,0.123299,-0.056045,0,0.897,0.011,-0.005,0,0.335,0.062,-0.062,0,0.612,0.115,-0.115,0,0,,,0,852,14,-6,0,89.3,0.46,-0.62,0,0,13.76,0.19,-0.44,0,54,10,-10,0,<a refstr=SMITH_ET_AL__2019 href=https://ui.adsabs.harvard.edu/abs/2019AcA....69..135S/abstract target=ref>Smith et al. 2019</a>,K5 V,4444,70,-70,0,0.7,0.02,-0.02,0,0.74,0.04,-0.04,0,0.14,0.12,-0.12,0,[Fe/H],4.63,0.12,-0.12,0,,,,,3.043,0.128,-0.28,0,2.2,0.3,-0.3,0,0.000431991,8.329076222203236e-05,-8.33E-05,13.854411794903388,0.4366485122843853,-0.584508468,0.002363892,0.000218331,-0.000261643,0.3014958765324794,0.039151219,-0.042128947,9.190036104355971e+74,9.190036104355971e+74,-9.19E+74,3.013646959312017,0.080522579,-0.081079595,HJ,A1,0.9931882000341392,B,0.0068118
K2-30 b,K2-30,1,1,1,Transit,2016,K2,Published Confirmed,0,<a refstr=JOHNSON_ET_AL__2016 href=https://ui.adsabs.harvard.edu/abs/2016AJ....151..171J/abstract target=ref>Johnson et al. 2016</a>,4.098503,1.1e-05,-1.10E-05,0,0.04839,0.00076,-0.00076,0,11.646151,0.56045,-0.571659,0,1.039,0.05,-0.051,0,0.579,0.028,-0.027,0,0.64,0.098,-0.08,0,0,,,0,1092,19,-20,0,86.92,0.26,-0.24,0,0,12.34,0.42,-0.38,0,78.7,2.9,-2.8,0,<a refstr=JOHNSON_ET_AL__2016 href=https://ui.adsabs.harvard.edu/abs/2016AJ....151..171J/abstract target=ref>Johnson et al. 2016</a>,G6 V,5425,40,-40,0,0.844,0.032,-0.032,0,0.9,0.043,-0.042,0,-0.15,0.05,-0.05,0,[Fe/H],4.54,0.029,-0.027,0,3.9,2.1,-1.9,0,2.11,0.22,-0.19,0,1.4,0.3,-0.3,0,0.0006139,4.1256595233420326e-05,-4.10E-05,12.328855590230305,0.5059630214366477,-0.505963021,0.00285155,0.000137988,-0.000131754,0.3459161575602043,0.028984994,-0.026157121,1.2097514749393942e+75,1.2097514749393942e+75,-1.21E+75,3.1236345069764373,0.047527423,-0.046447024,HJ,A1,0.9996811490819651,B,0.000318851
K2-329 b,K2-329,1,1,1,Transit,2020,K2,Published Confirmed,0,<a refstr=SHA_ET_AL__2021 href=https://ui.adsabs.harvard.edu/abs/2021AJ....161...82S/abstract target=ref>Sha et al. 2021</a>,12.4551225,3.1e-06,-3.10E-06,0,0.1016,0.0018,-0.0019,0,8.675766,0.291434,-0.269016,0,0.774,0.026,-0.024,0,0.26,0.02,-0.022,0,0.694,0.07,-0.072,0,0.0697,0.041,-0.04,0,650,53,-70,0,89.22,0.11,-0.09,0,0,26.62,0.46,-0.61,0,24.6,1.6,-1.8,0,<a refstr=SHA_ET_AL__2021 href=https://ui.adsabs.harvard.edu/abs/2021AJ....161...82S/abstract target=ref>Sha et al. 2021</a>,,5282,40,-39,0,0.822,0.026,-0.024,0,0.901,0.048,-0.049,0,0.098,0.065,-0.07,0,[Fe/H],4.566,0.013,-0.021,0,1.8,2.2,-1.3,0,2.3,0.12,-0.16,0,1.9,0.5,-0.5,0,0.000275366,2.59411251024674e-05,-2.75E-05,26.57856201826514,0.9077056106278558,-0.976626404,0.004583071,0.000287801,-0.000291212,0.3889407397375009,0.036433944,-0.035643095,1.5294008798331784e+75,1.5294008798331784e+75,-1.53E+75,3.031678464968389,0.042911905,-0.046922662,WJ,A2,0.9662288438529376,B,0.033771156
K2-60 b,K2-60,1,1,1,Transit,2016,K2,Published Confirmed,0,<a refstr=EIGM_UUML_LLER_ET_AL__2017 href=https://ui.adsabs.harvard.edu/abs/2017AJ....153..130E/abstract target=ref>Eigm&uuml;ller et al. 2017</a>,3.00265,4e-05,-4.00E-05,0,0.045,0.003,-0.003,0,7.655747,0.414733,-0.414733,0,0.683,0.037,-0.037,0,0.426,0.037,-0.037,0,1.7,0.3,-0.3,0,0,,,0,1400,50,-50,0,88.49,0.96,-0.96,0,0,7.78,0.17,-0.17,0,61,2.6,-2.6,0,<a refstr=EIGM_UUML_LLER_ET_AL__2017 href=https://ui.adsabs.harvard.edu/abs/2017AJ....153..130E/abstract target=ref>Eigm&uuml;ller et al. 2017</a>,G4 V,5500,100,-100,0,1.12,0.05,-0.05,0,0.97,0.07,-0.07,0,0.01,0.11,-0.11,0,[Fe/H],4.07,0.11,-0.11,0,10,3,-3,0,0.99,0.06,-0.06,0,2.2,0.5,-0.5,0,0.000419082,4.732379192277859e-05,-4.73E-05,8.639807798928109,0.6932028059882616,-0.693202806,0.002334919,0.000290513,-0.000269215,0.3399363611530646,0.05077531,-0.044747944,1.1682874363754987e+75,1.1682874363754987e+75,-1.17E+75,3.35475523,0.060306683,-0.060306683,HS,A1,0.6523070909593235,B,0.3476929090400139
K2-66 b,K2-66,1,1,1,Transit,2016,K2,Published Confirmed,0,<a refstr=SINUKOFF_ET_AL__2017 href=https://ui.adsabs.harvard.edu/abs/2017AJ....153..271S/abstract target=ref>Sinukoff et al. 2017</a>,5.06963,0.00081,-0.00081,0,0.05983,0.00072,-0.00072,0,2.49,0.34,-0.24,0,0.22214292,0.03033277,-0.02141137,0,0.06701696,0.01132681,-0.01132681,0,7.8,2.7,-2.7,0,0,,,0,1372,51,-51,0,86.6,2.4,-4.4,0,0,7.874,0.898,-2.16,0,7.4,1.2,-1.2,0,<a refstr=SINUKOFF_ET_AL__2017 href=https://ui.adsabs.harvard.edu/abs/2017AJ....153..271S/abstract target=ref>Sinukoff et al. 2017</a>,,5887,46,-46,0,1.67,0.12,-0.12,0,1.11,0.04,-0.04,0,-0.047,0.02,-0.02,0,[Fe/H],4.03,0.05,-0.05,0,,,,,,,,,3.7,2,-2,0,5.761335547312018e-05,9.95634062923081e-06,-9.96E-06,7.703926343087865,0.5612851241368964,-0.561285124,0.001602211,0.000126946,-0.000131475,0.2548337349402758,0.042156646,-0.042047391,6.565507516770945e+74,6.565507516770945e+74,-6.57E+74,3.527106809522842,0.1113408290965817,-0.139479007,HSubN,B,0.9999845493819643,A,1.5450618035607e-05
K2-79 b,K2-79,1,1,1,Transit,2016,K2,Published Confirmed,0,<a refstr=BONOMO_ET_AL__2023 href=https://ui.adsabs.harvard.edu/abs/2023arXiv230405773B/abstract target=ref>Bonomo et al. 2023</a>,10.9947,0.00047,-0.00047,0,0.0988,0.0017,-0.0023,0,4.09,0.17,-0.12,0,0.36488599,0.01516641,-0.0107057,0,0.02894644,0.00755124,-0.00755124,0,0.73,0.21,-0.2,0,0.23,,,1,1022,20,-20,0,88.44,0.44,-0.44,0,0,,,,,2.63,0.69,-0.69,0,<a refstr=BONOMO_ET_AL__2023 href=https://ui.adsabs.harvard.edu/abs/2023arXiv230405773B/abstract target=ref>Bonomo et al. 2023</a>,,5897,118,-118,0,1.265,0.041,-0.027,0,1.066,0.057,-0.07,0,0.035,0.06,-0.06,0,[Fe/H],,,,,6.5,1.3,-1.3,0,,,,,,,,,2.5911907196900023e-05,6.9704891847077775e-06,-6.90E-06,16.794845354381888,0.4604434238462693,-0.670197566,0.002027136,0.000251533,-0.000267784,0.1713569166508893,0.032420748,-0.032363895,2.9686414150885464e+74,2.9686414150885464e+74,-2.97E+74,2.7314678202584957,0.1161249709343978,-0.118907389,WN,B,0.9994121231189372,A,0.000587877
K2-97 b,K2-97,1,1,1,Transit,2016,K2,Published Confirmed,0,<a refstr=THYGESEN_ET_AL__2023 href=https://ui.adsabs.harvard.edu/abs/2023AJ....165..155T/abstract target=ref>Thygesen et al. 2023</a>,8.407115,2.3e-05,-2.30E-05,0,0.0854,0.0044,-0.0033,0,13.45077684,1.23298788,-1.23298788,0,1.2,0.11,-0.11,0,0.549,0.059,-0.046,0,0.392,0.14,-0.1,0,0.207,0.039,-0.038,0,1566,49,-50,0,75.5,1.6,-1.8,0,0,4.44,0.38,-0.33,0,48.7,2.3,-2.3,0,<a refstr=THYGESEN_ET_AL__2023 href=https://ui.adsabs.harvard.edu/abs/2023AJ....165..155T/abstract target=ref>Thygesen et al. 2023</a>,,4673,95,-93,0,4.14,0.28,-0.26,0,1.17,0.19,-0.13,0,0.328,0.079,-0.081,0,[Fe/H],3.276,0.085,-0.077,0,7.5,4,-3.2,0,0.0235,0.0065,-0.0048,0,,,,,0.000447763,6.921530257202304e-05,-8.18E-05,4.435750597701963,0.3603245362244678,-0.345515712,0.00453002,0.000595601,-0.000507178,0.3651861829827277,0.073387758,-0.060934315,1.3482894577161612e+75,1.3482894577161612e+75,-1.35E+75,2.9753968907181982,0.092291929,-0.087542025,HJ,A1,0.9999944020785576,B,5.59792019685815e-06
K2-98 b,K2-98,1,1,1,Transit,2016,K2,Published Confirmed,0,<a refstr=THYGESEN_ET_AL__2023 href=https://ui.adsabs.harvard.edu/abs/2023AJ....165..155T/abstract target=ref>Thygesen et al. 2023</a>,10.1367349,9.4e-06,-9.20E-06,0,0.0986,0.002,-0.0029,0,5.06645928,0.31385146,-0.28022452,0,0.452,0.028,-0.025,0,0.107,0.044,-0.046,0,1.4,0.71,-0.64,0,0.119,0.15,-0.083,0,1185,23,-21,0,88.39,0.98,-0.74,0,0,13.94,0.9,-0.87,0,8.8,3.5,-3.8,0,<a refstr=THYGESEN_ET_AL__2023 href=https://ui.adsabs.harvard.edu/abs/2023AJ....165..155T/abstract target=ref>Thygesen et al. 2023</a>,,6260,170,-160,0,1.518,0.082,-0.076,0,1.246,0.078,-0.11,0,-0.044,0.064,-0.07,0,[Fe/H],4.169,0.06,-0.063,0,3.4,2.2,-1.4,0,0.499,0.1,-0.087,0,,,,,8.194588696901983e-05,3.4465191005528054e-05,-3.56E-05,13.967373076434326,0.7545008452241819,-0.859083641,0.00296947,0.000535177,-0.000627547,0.2735173571642167,0.080127335,-0.081986365,7.563525003540846e+74,7.563525003540846e+74,-7.56E+74,3.113293946425802,0.1849372590937148,-0.194304589,WN,B,0.993195084,A,0.006804916
K2-99 b,K2-99,1,1,2,Transit,2016,K2,Published Confirmed,0,<a refstr=SMITH_ET_AL__2022 href=https://ui.adsabs.harvard.edu/abs/2022MNRAS.510.5035S/abstract target=ref>Smith et al. 2022</a>,18.24783,3e-05,-3.00E-05,0,0.153,0.001,-0.001,0,11.88151954,0.11208981,-0.11208981,0,1.06,0.01,-0.01,0,0.87,0.02,-0.02,0,,,,,0.22,0.01,-0.01,0,1184,19,-19,0,88.6,0.2,-0.2,0,0,13.1,0.1,-0.1,0,54,1,-1,0,<a refstr=SMITH_ET_AL__2022 href=https://ui.adsabs.harvard.edu/abs/2022MNRAS.510.5035S/abstract target=ref>Smith et al. 2022</a>,,6069,92,-92,0,2.55,0.02,-0.02,0,1.44,0.03,-0.03,0,0.2,0.07,-0.07,0,[Fe/H],3.783,0.004,-0.004,0,3.7,0.4,-0.4,0,,,,,,,,,0.000576525,1.788621176428956e-05,-1.79E-05,12.902112979732646,0.1317238218542064,-0.131723822,0.008829249,0.000188354,-0.000185061,0.590138498,0.01790401,-0.017390626,3.5209702657662133e+75,3.5209702657662133e+75,-3.52E+75,3.283094560452434,0.012915935,-0.012915935,WJ,A2,0.999858026,B,0.000141974
KELT-10 b,KELT-10,1,1,1,Transit,2016,KELT-South,Published Confirmed,0,<a refstr=KUHN_ET_AL__2016 href=https://ui.adsabs.harvard.edu/abs/2016MNRAS.459.4281K/abstract target=ref>Kuhn et al. 2016</a>,4.1662739,6.3e-06,-6.30E-06,0,0.0525,0.00086,-0.00097,0,15.681391,0.773421,-0.549241,0,1.399,0.069,-0.049,0,0.679,0.039,-0.038,0,0.308,0.033,-0.04,0,,,,,1377,28,-23,0,88.61,0.86,-0.74,0,0,9.34,0.21,-0.32,0,80,3.4,-3.5,0,<a refstr=KUHN_ET_AL__2016 href=https://ui.adsabs.harvard.edu/abs/2016MNRAS.459.4281K/abstract target=ref>Kuhn et al. 2016</a>,G0 V,5948,74,-74,0,1.209,0.047,-0.035,0,1.112,0.055,-0.061,0,0.09,0.11,-0.1,0,[Fe/H],4.319,0.02,-0.03,0,4.5,0.7,-0.7,0,0.889,0.062,-0.088,0,,,,,0.000582675,4.627866608399155e-05,-4.35E-05,9.337757533,0.3105996661261818,-0.401918961,0.003040379,0.000167637,-0.000159649,0.302507448,0.025878583,-0.025019954,9.251807914292843e+74,9.251807914292843e+74,-9.25E+74,2.934421383660202,0.039341575,-0.049254173,HJ,A1,0.9999994949263972,B,5.050689855686137e-07
KELT-12 b,KELT-12,1,1,1,Transit,2017,KELT-North,Published Confirmed,0,<a refstr=STEVENS_ET_AL__2017 href=https://ui.adsabs.harvard.edu/abs/2017AJ....153..178S/abstract target=ref>Stevens et al. 2017</a>,5.031623,3.2e-05,-3.10E-05,0,0.06708,0.00097,-0.0013,0,19.95202,1.90553,-1.79344,0,1.78,0.17,-0.16,0,0.95,0.14,-0.14,0,0.209,0.071,-0.053,0,0,,,0,1800,57,-57,0,84.47,1.1,-0.95,0,0,6.08,0.4,-0.36,0,82,12,-12,0,<a refstr=STEVENS_ET_AL__2017 href=https://ui.adsabs.harvard.edu/abs/2017AJ....153..178S/abstract target=ref>Stevens et al. 2017</a>,,6279,51,-51,0,2.37,0.17,-0.17,0,1.591,0.07,-0.093,0,0.19,0.084,-0.085,0,[Fe/H],3.889,0.051,-0.05,0,2.2,0.1,-0.1,0,0.168,0.035,-0.028,0,,,,,0.00056979,9.03333747881911e-05,-8.76E-05,6.086313211536327,0.4453538182580819,-0.452224345,0.003855887,0.000322222,-0.000321514,0.2997754215509533,0.049603487,-0.043462733,9.085451381427169e+74,9.085451381427169e+74,-9.09E+74,2.8710706390344156,0.1009551158687631,-0.104774607,HJ,A1,0.9999999995317576,B,4.67800028436375e-10
KELT-14 b,KELT-14,1,1,1,Transit,2016,KELT-South,Published Confirmed,0,<a refstr=TURNER_ET_AL__2016 href=https://ui.adsabs.harvard.edu/abs/2016PASP..128f4401T/abstract target=ref>Turner et al. 2016</a>,1.7100566,3.2e-06,-2.60E-06,0,0.03005,0.00031,-0.00031,0,19.537287,0.526823,-0.526823,0,1.743,0.047,-0.047,0,1.284,0.032,-0.032,0,0.322,0.025,-0.025,0,0,,,0,1970,50,-50,0,78.3,0.3,-0.3,0,0,4.248,0.072,-0.072,0,185.1,2.3,-2.3,0,<a refstr=TURNER_ET_AL__2016 href=https://ui.adsabs.harvard.edu/abs/2016PASP..128f4401T/abstract target=ref>Turner et al. 2016</a>,G4,5720,130,-130,0,1.52,0.03,-0.03,0,1.239,0.039,-0.039,0,0.32,0.09,-0.09,0,[Fe/H],4.166,0.016,-0.016,0,5.11,0.8,-0.8,0,0.495,0.025,-0.025,0,3.3,0.8,-0.8,0,0.000988906,3.970324373972497e-05,-3.97E-05,4.251189638607083,0.094675213,-0.094675213,0.002075817,6.135757202195384e-05,-5.96E-05,0.2671180200956701,0.012882002,-0.012163047,7.213745859156546e+74,7.213745859156546e+74,-7.21E+74,3.020157287876204,0.02580147,-0.02580147,FHJ,A1,0.9999999975822264,B,2.3190847523905124e-09
KELT-17 b,KELT-17,1,1,1,Transit,2016,KELT,Published Confirmed,0,<a refstr=ZHOU_ET_AL__2016 href=https://ui.adsabs.harvard.edu/abs/2016AJ....152..136Z/abstract target=ref>Zhou et al. 2016</a>,3.0801716,5.3e-06,-5.20E-06,0,0.04881,0.00065,-0.00061,0,17.093725,0.728585,-0.67254,0,1.525,0.065,-0.06,0,1.31,0.28,-0.29,0,0.46,0.12,-0.11,0,,,,,2087,32,-33,0,84.87,0.45,-0.43,0,0,6.38,0.18,-0.18,0,131,28,-29,0,<a refstr=ZHOU_ET_AL__2016 href=https://ui.adsabs.harvard.edu/abs/2016AJ....152..136Z/abstract target=ref>Zhou et al. 2016</a>,A,7454,49,-49,0,1.645,0.06,-0.055,0,1.635,0.066,-0.061,0,-0.018,0.074,-0.072,0,[Fe/H],4.22,0.022,-0.024,0,0.65,0.15,-0.15,0,0.518,0.045,-0.042,0,44.2,1.5,-1.3,0,0.000764566,0.00016589,-0.000172046,6.380467422,0.2296274139290902,-0.246004102,0.003094616,0.000293033,-0.000320067,0.3200214105060266,0.049030303,-0.050585381,1.0354104267185975e+75,1.0354104267185975e+75,-1.04E+75,3.144918646653511,0.098917056,-0.10302334,UHJ,A1,0.9999998920607144,B,1.0793565522122241e-07
KELT-20 b,KELT-20,1,1,1,Transit,2017,KELT-North,Published Confirmed,0,<a refstr=LUND_ET_AL__2017 href=https://ui.adsabs.harvard.edu/abs/2017AJ....154..194L/abstract target=ref>Lund et al. 2017</a>,3.4741085,1.9e-06,-1.90E-06,0,0.0542,0.0014,-0.0021,0,19.514869,0.773421,-0.829466,0,1.741,0.069,-0.074,0,3.382,,,1,0.806,,,1,,,,,2262,73,-73,0,86.12,0.28,-0.27,0,0,7.42,0.13,-0.13,0,311.3,,,1,<a refstr=LUND_ET_AL__2017 href=https://ui.adsabs.harvard.edu/abs/2017AJ....154..194L/abstract target=ref>Lund et al. 2017</a>,A2 V,8720,250,-260,0,1.565,0.057,-0.064,0,1.76,0.14,-0.19,0,-0.29,0.22,-0.36,0,[Fe/H],4.29,0.017,-0.02,0,0.6,,,1,0.641,0.035,-0.033,0,117.4,2.9,-2.9,0,0.001833675,,,7.447226022,0.3602154783586719,-0.396017902,0.004599737,,,0.4887800924224653,,,2.4153578448519056e+75,,,3.441763099390416,,,UHJ,A1,0.9999998726093104,C,1.2668879390087933e-07
KELT-21 b,KELT-21,1,1,1,Transit,2018,KELT-North,Published Confirmed,0,<a refstr=JOHNSON_ET_AL__2018 href=https://ui.adsabs.harvard.edu/abs/2018AJ....155..100J/abstract target=ref>Johnson et al. 2018</a>,3.6127647,3.3e-06,-3.30E-06,0,0.05224,0.00035,-0.00034,0,17.777474,0.437151,-0.44836,0,1.586,0.039,-0.04,0,3.91,,,1,1.24,,,1,0,,,0,2051,29,-30,0,86.46,0.38,-0.34,0,0,6.86,0.13,-0.12,0,399.6,,,1,<a refstr=JOHNSON_ET_AL__2018 href=https://ui.adsabs.harvard.edu/abs/2018AJ....155..100J/abstract target=ref>Johnson et al. 2018</a>,A8 V,7598,81,-84,0,1.638,0.034,-0.034,0,1.458,0.029,-0.028,0,-0.405,0.032,-0.033,0,[Fe/H],4.173,0.015,-0.014,0,1.6,0.1,-0.1,0,0.468,0.026,-0.024,0,146.03,0.48,-0.48,0,0.002559061,,,6.858021795494844,0.149583794,-0.149185774,0.004954384,,,0.5939397517084873,,,3.566475542432695e+75,,,3.5857574297960526,,,UHJ,A2,0.9979449037892332,C,0.002055093
KOI-3680 b,KOI-3680,1,1,1,Transit,2018,Kepler,Published Confirmed,0,<a refstr=H_EACUTE_BRARD_ET_AL__2019 href=https://ui.adsabs.harvard.edu/abs/2019A&A...623A.104H/abstract target=ref>H&eacute;brard et al. 2019</a>,141.241671,8.6e-05,-8.60E-05,0,0.534,0.012,-0.03,0,11.09691,0.67254,-0.78463,0,0.99,0.06,-0.07,0,1.93,0.19,-0.21,0,2.46,0.42,-0.36,0,0.496,0.031,-0.031,0,347,12,-12,0,89.892,0.069,-0.086,0,0,125.7,8.4,-8.4,0,87.7,6.6,-6.6,0,<a refstr=H_EACUTE_BRARD_ET_AL__2019 href=https://ui.adsabs.harvard.edu/abs/2019A&A...623A.104H/abstract target=ref>H&eacute;brard et al. 2019</a>,,5830,100,-100,0,0.96,0.05,-0.06,0,1.01,0.07,-0.16,0,0.16,0.07,-0.07,0,[Fe/H],4.473,0.027,-0.034,0,3.2,9.6,-2.3,0,1.88,0.4,-0.34,0,3.5,1,-1,0,0.001823465,0.0003401,-0.000235239,119.61333908293804,7.944376120347012,-9.163381694,0.04523417,0.005310847,-0.005057048,2.0288679542336165,0.4024606471641863,-0.281615142,4.161616234994386e+76,4.161616234994386e+76,-4.16E+76,3.6884739581760297,0.074831718,-0.070740189,CJ,D,1,A,2.8136572665377886e-67
KPS-1 b,KPS-1,1,1,1,Transit,2018,Acton Sky Portal Observatory,Published Confirmed,0,<a refstr=BURDANOV_ET_AL__2018 href=https://ui.adsabs.harvard.edu/abs/2018PASP..130g4401B/abstract target=ref>Burdanov et al. 2018</a>,1.706291,5.9e-05,-5.90E-05,0,0.0269,0.001,-0.001,0,11.54527,1.45717,-1.34508,0,1.03,0.13,-0.12,0,1.09,0.086,-0.087,0,1.31,0.49,-0.36,0,0,,,0,1459,56,-56,0,83.2,0.88,-0.9,0,0,,,,,198.7,5.5,-5.5,0,<a refstr=BURDANOV_ET_AL__2018 href=https://ui.adsabs.harvard.edu/abs/2018PASP..130g4401B/abstract target=ref>Burdanov et al. 2018</a>,K1 V,5165,90,-90,0,0.907,0.086,-0.082,0,0.892,0.09,-0.1,0,0.22,0.13,-0.13,0,[Fe/H],4.47,0.06,-0.06,0,,,,,1.68,0.41,-0.32,0,5.1,1,-1,0,0.001166066,0.000159854,-0.000150015,6.377560440183905,0.6234226054339457,-0.649523409,0.001963147,0.000209612,-0.000182643,0.3570023978914406,0.069385883,-0.055216881,1.2885365151423103e+75,1.2885365151423103e+75,-1.29E+75,3.405939086893635,0.1068387283924151,-0.114977493,FHJ,A1,0.9990168780977344,B,0.000983118
Kepler-101 b,Kepler-101,1,1,2,Transit,2014,Kepler,Published Confirmed,0,<a refstr=BONOMO_ET_AL__2014 href=https://ui.adsabs.harvard.edu/abs/2014A&A...572A...2B/abstract target=ref>Bonomo et al. 2014</a>,3.4876812,7e-06,-7.00E-06,0,0.0474,0.001,-0.0008,0,5.77,0.85,-0.79,0,0.51,0.08,-0.07,0,0.16,0.02,-0.01,0,1.45,0.83,-0.48,0,0.086,0.08,-0.059,0,1513,103,-145,0,85.82,1.73,-1.53,0,0,6.55,0.88,-0.69,0,19.4,1.8,-1.8,0,<a refstr=BONOMO_ET_AL__2014 href=https://ui.adsabs.harvard.edu/abs/2014A&A...572A...2B/abstract target=ref>Bonomo et al. 2014</a>,G3 IV,5667,50,-50,0,1.56,0.2,-0.2,0,1.17,0.07,-0.05,0,0.33,0.07,-0.07,0,[Fe/H],4.12,0.11,-0.09,0,5.9,1.2,-1.2,0,0.437,0.204,-0.123,0,2.6,0.5,-0.5,0,0.000130496,1.7238887578468042e-05,-1.13E-05,6.533762342300506,0.8489276016540931,-0.844889232,0.001667003,0.000129289,-9.38E-05,0.2252962312807845,0.040412831,-0.029959227,5.131712506286078e+74,5.131712506286078e+74,-5.13E+74,3.183166668823408,0.1309962269739352,-0.13892668,HS,B,0.9987935479208602,A,0.001206452
Kepler-103 b,Kepler-103,1,1,2,Transit,2014,Kepler,Published Confirmed,0,<a refstr=BONOMO_ET_AL__2023 href=https://ui.adsabs.harvard.edu/abs/2023arXiv230405773B/abstract target=ref>Bonomo et al. 2023</a>,15.9653287,9.2e-06,-9.20E-06,0,0.13223,0.00085,-0.0013,0,3.486,0.057,-0.054,0,0.31100062,0.00508521,-0.00481757,0,0.03083425,0.01227077,-0.01227077,0,1.28,0.52,-0.5,0,0.093,,,1,973,13,-13,0,87.914,0.073,-0.072,0,1,,,,,2.21,0.88,-0.88,0,<a refstr=BONOMO_ET_AL__2023 href=https://ui.adsabs.harvard.edu/abs/2023arXiv230405773B/abstract target=ref>Bonomo et al. 2023</a>,,6009,64,-64,0,1.492,0.024,-0.022,0,1.212,0.024,-0.033,0,0.16,0.04,-0.04,0,[Fe/H],,,,,,,,,,,,,,,,,2.4276842144998816e-05,9.683775938641772e-06,-9.67E-06,19.057712235366925,0.3065542969303447,-0.359281195,0.00265473,0.000360341,-0.000449606,0.2078416301515214,0.044074299,-0.050218366,4.367365549652438e+74,4.367365549652438e+74,-4.37E+74,2.8976979180042775,0.1733543770687373,-0.173413995,WN,B,0.9999584256088716,A,4.15743911251344e-05
Kepler-109 b,Kepler-109,1,1,2,Transit,2014,Kepler,Published Confirmed,0,<a refstr=BONOMO_ET_AL__2023 href=https://ui.adsabs.harvard.edu/abs/2023arXiv230405773B/abstract target=ref>Bonomo et al. 2023</a>,6.4816307,4.8e-06,-4.80E-06,0,0.0701,0.0019,-0.0019,0,2.49,0.11,-0.11,0,0.2221433,0.00981356,-0.00981356,0,0.01541712,,,1,1.7,,,1,0.11,,,1,1276,23,-23,0,87.06,0.11,-0.11,0,0,,,,,1.6,,,1,<a refstr=BONOMO_ET_AL__2023 href=https://ui.adsabs.harvard.edu/abs/2023arXiv230405773B/abstract target=ref>Bonomo et al. 2023</a>,,5950,62,-62,0,1.387,0.021,-0.021,0,1.094,0.086,-0.078,0,-0.02,0.065,-0.065,0,[Fe/H],,,,,6.2,2.7,-2.2,0,,,,,,,,,1.344767967881851e-05,,,10.868037970190558,0.3374121918492861,-0.337412192,0.001155828,,,0.1332656274874256,,,1.795522125100391e+74,,,2.8889238528486727,,,HSubN,B,0.9999988070114184,A,1.1929885813498443e-06
Kepler-117 c,Kepler-117,1,1,2,Transit,2014,Kepler,Published Confirmed,0,<a refstr=BRUNO_ET_AL__2015 href=https://ui.adsabs.harvard.edu/abs/2015A&A...573A.124B/abstract target=ref>Bruno et al. 2015</a>,50.790391,1.4e-05,-1.40E-05,0,0.2804,0.0092,-0.0028,0,12.341,0.392,-0.392,0,1.101,0.035,-0.035,0,1.84,0.18,-0.18,0,1.74,0.18,-0.18,0,0.0323,0.0033,-0.0033,0,704,15,-15,0,89.64,0.1,-0.1,0,1,38.18,0.72,-0.72,0,90.4,7,-7,0,<a refstr=BRUNO_ET_AL__2015 href=https://ui.adsabs.harvard.edu/abs/2015A&A...573A.124B/abstract target=ref>Bruno et al. 2015</a>,F8 V,6150,110,-110,0,1.606,0.049,-0.049,0,1.129,0.13,-0.023,0,-0.04,0.1,-0.1,0,[Fe/H],4.102,0.019,-0.019,0,5.3,1.4,-1.4,0,0.41,0.014,-0.025,0,6,2,-2,0,0.001555197,0.000155403,-0.000234977,37.54413117,1.6821319813298703,-1.205283981,0.022525064,0.001639411,-0.001745952,1.2874787492589648,0.1201936048285066,-0.153135403,1.6758479128894482e+76,1.6758479128894482e+76,-1.68E+76,3.5754302234293887,0.050669674,-0.050669674,WJ,D,0.9999189724070936,A,8.102726330270896e-05
Kepler-12 b,Kepler-12,1,1,1,Transit,2011,Kepler,Published Confirmed,0,<a refstr=ESTEVES_ET_AL__2015 href=https://ui.adsabs.harvard.edu/abs/2015ApJ...804..150E/abstract target=ref>Esteves et al. 2015</a>,4.4379629,6e-07,-6.00E-07,0,0.0553,0.001,-0.0012,0,19.660586,0.347479,-0.403524,0,1.754,0.031,-0.036,0,0.432,0.053,-0.051,0,0.11,0.02,-0.02,0,,,,,1480,30,-30,0,88.796,0.088,-0.074,0,0,8.019,0.014,-0.013,0,48.2,4.4,-4.3,0,<a refstr=ESTEVES_ET_AL__2015 href=https://ui.adsabs.harvard.edu/abs/2015ApJ...804..150E/abstract target=ref>Esteves et al. 2015</a>,,5947,100,-100,0,1.483,0.025,-0.029,0,1.166,0.051,-0.054,0,0.07,0.04,-0.04,0,[Fe/H],4.175,0.015,-0.011,0,,,,,,,,,,,,,0.000353547,4.6362442372039344e-05,-4.45E-05,8.018508066747753,0.2135691359891238,-0.220336128,0.002711233,0.000203289,-0.00020365,0.2159847823223825,0.022930471,-0.021323534,4.71629291605849e+74,4.71629291605849e+74,-4.72E+74,2.5416116071182246,0.056184813,-0.053519777,HJ,A1,0.999999999,B,5.730453125469347e-10
Kepler-18 b,Kepler-18,1,1,3,Transit,2011,Kepler,Published Confirmed,0,<a refstr=COCHRAN_ET_AL__2011 href=https://ui.adsabs.harvard.edu/abs/2011ApJS..197....7C/abstract target=ref> Cochran et al. 2011 </a>,3.504725,2.8e-05,-2.80E-05,0,0.0447,0.0006,-0.0006,0,2,0.1,-0.1,0,0.178,0.009,-0.009,0,0.022,0.011,-0.011,0,4.9,2.4,-2.4,0,0,,,0,,,,,84.92,0.26,-0.26,0,1,8.58,0.37,-0.37,0,5.2,2.4,-2.4,0,<a refstr=COCHRAN_ET_AL__2011 href=https://ui.adsabs.harvard.edu/abs/2011ApJS..197....7C/abstract target=ref> Cochran et al. 2011 </a>,,5345,100,-100,0,1.108,0.051,-0.051,0,0.972,0.042,-0.042,0,0.19,0.06,-0.06,0,[Fe/H],4.31,0.12,-0.12,0,10,2.3,-2.3,0,1.01,0.12,-0.12,0,4,,,1,2.1598214045563357e-05,1.0839357894002163e-05,-1.08E-05,8.675157193051279,0.415940084,-0.415940084,0.000863124,0.00015302,-0.000196721,0.1506623551718812,0.044234139,-0.04958389,2.2949010684755677e+74,2.2949010684755677e+74,-2.29E+74,3.235769714567774,0.2215438195708704,-0.22154382,HSubN,B,0.9999999760507464,A,2.394925382120305e-08
Kepler-18 c,Kepler-18,1,1,3,Transit,2011,Kepler,Published Confirmed,0,<a refstr=COCHRAN_ET_AL__2011 href=https://ui.adsabs.harvard.edu/abs/2011ApJS..197....7C/abstract target=ref> Cochran et al. 2011 </a>,7.64159,3e-05,-3.00E-05,0,0.0752,0.0011,-0.0011,0,5.49,0.26,-0.26,0,0.49,0.023,-0.023,0,0.054,0.006,-0.006,0,0.59,0.07,-0.07,0,0,,,0,,,,,87.68,0.22,-0.22,0,1,14.43,0.61,-0.61,0,5.1,1.9,-1.9,0,<a refstr=COCHRAN_ET_AL__2011 href=https://ui.adsabs.harvard.edu/abs/2011ApJS..197....7C/abstract target=ref> Cochran et al. 2011 </a>,,5345,100,-100,0,1.108,0.051,-0.051,0,0.972,0.042,-0.042,0,0.19,0.06,-0.06,0,[Fe/H],4.31,0.12,-0.12,0,10,2.3,-2.3,0,1.01,0.12,-0.12,0,4,,,1,5.301379811183733e-05,6.320163613220015e-06,-6.32E-06,14.594447895245104,0.7048719918557705,-0.704871992,0.001958726,0.000130221,-0.000128944,0.1845259336707304,0.020647328,-0.019278453,3.442463045905031e+74,3.442463045905031e+74,-3.44E+74,2.746188638129297,0.063172568,-0.063172568,HS,B,0.9997573595715382,A,0.00024264
Kepler-19 b,Kepler-19,1,1,3,Transit,2011,Kepler,Published Confirmed,0,<a refstr=BONOMO_ET_AL__2023 href=https://ui.adsabs.harvard.edu/abs/2023arXiv230405773B/abstract target=ref>Bonomo et al. 2023</a>,9.28699,0,0,0,0.0846,0.0012,-0.0012,0,2.209,0.048,-0.048,0,0.19707412,0.00428228,-0.00428228,0,0.01919275,0.00880979,-0.00849515,0,3.1,1.4,-1.4,0,0.41,,,1,851,14,-14,0,89.94,0.06,-0.44,0,1,,,,,2.13,0.9,-0.81,0,<a refstr=BONOMO_ET_AL__2023 href=https://ui.adsabs.harvard.edu/abs/2023arXiv230405773B/abstract target=ref>Bonomo et al. 2023</a>,,5541,60,-60,0,0.859,0.018,-0.018,0,0.936,0.04,-0.04,0,-0.13,0.06,-0.06,0,[Fe/H],,,,,1.9,1.7,-1.7,0,,,,,,,,,1.956693410982627e-05,9.02038808261138e-06,-8.70E-06,21.178089990015167,0.5358903471501526,-0.535890347,0.001580657,0.000264205,-0.000316042,0.1874924767407891,0.048189739,-0.052844027,3.5540387291010056e+74,3.5540387291010056e+74,-3.55E+74,3.0880650527447977,0.2002398276089657,-0.193153001,HSubN,B,0.9999998643802068,A,1.356197935388595e-07
Kepler-30 b,Kepler-30,1,1,3,Transit,2012,Kepler,Published Confirmed,0,<a refstr=SANCHIS_OJEDA_ET_AL__2012 href=https://ui.adsabs.harvard.edu/abs/2012Natur.487..449S/abstract target=ref> Sanchis-Ojeda et al. 2012 </a>,29.33434,0.00815,-0.00815,0,0.18,,,0,3.9,0.2,-0.2,0,0.348,0.018,-0.018,0,0.036,0.004,-0.004,0,1.02,0.13,-0.13,0,0.042,0.003,-0.003,0,,,,,90.179,0.167,-0.167,0,1,,,,,,,,,<a refstr=SANCHIS_OJEDA_ET_AL__2012 href=https://ui.adsabs.harvard.edu/abs/2012Natur.487..449S/abstract target=ref> Sanchis-Ojeda et al. 2012 </a>,,5498,54,-54,0,0.95,0.12,-0.12,0,0.99,0.08,-0.08,0,0.18,0.27,-0.27,0,[Fe/H],4.77,0.23,-0.23,0,2,0.8,-0.8,0,2,0.1,-0.1,0,,,,,3.4699940582293524e-05,4.767375944292299e-06,-4.77E-06,40.74351467283993,,,0.004070755,,,0.2740709892670987,,,7.594174964537376e+74,,,2.8673310512374814,0.065931602,-0.065931602,WN,B,0.999953639,A,4.636088404192367e-05
Kepler-30 c,Kepler-30,1,1,3,Transit,2012,Kepler,Published Confirmed,0,<a refstr=SANCHIS_OJEDA_ET_AL__2012 href=https://ui.adsabs.harvard.edu/abs/2012Natur.487..449S/abstract target=ref> Sanchis-Ojeda et al. 2012 </a>,60.323105,0.000244,-0.000244,0,0.3,,,0,12.3,0.4,-0.4,0,1.097,0.036,-0.036,0,2.01,0.16,-0.16,0,1.88,0.17,-0.17,0,0.0111,0.001,-0.001,0,,,,,90.3227,0.0302,-0.0302,0,1,,,,,,,,,<a refstr=SANCHIS_OJEDA_ET_AL__2012 href=https://ui.adsabs.harvard.edu/abs/2012Natur.487..449S/abstract target=ref> Sanchis-Ojeda et al. 2012 </a>,,5498,54,-54,0,0.95,0.12,-0.12,0,0.99,0.08,-0.08,0,0.18,0.27,-0.27,0,[Fe/H],4.77,0.23,-0.23,0,2,0.8,-0.8,0,2,0.1,-0.1,0,,,,,0.001937413,0.000219761,-0.000219761,67.90585778806654,,,0.025931139,,,1.489088565368228,,,2.241793065344291e+76,,,3.6169698406344226,0.044806562,-0.044806562,WJ,D,1,A,2.930246439326392e-12
Kepler-30 d,Kepler-30,1,1,3,Transit,2012,Kepler,Published Confirmed,0,<a refstr=SANCHIS_OJEDA_ET_AL__2012 href=https://ui.adsabs.harvard.edu/abs/2012Natur.487..449S/abstract target=ref> Sanchis-Ojeda et al. 2012 </a>,143.34394,0.00858,-0.00858,0,0.5,,,0,8.8,0.5,-0.5,0,0.785,0.045,-0.045,0,0.073,0.008,-0.008,0,0.19,0.02,-0.02,0,0.022,0.005,-0.005,0,,,,,89.8406,0.0202,-0.0202,0,1,,,,,,,,,<a refstr=SANCHIS_OJEDA_ET_AL__2012 href=https://ui.adsabs.harvard.edu/abs/2012Natur.487..449S/abstract target=ref> Sanchis-Ojeda et al. 2012 </a>,,5498,54,-54,0,0.95,0.12,-0.12,0,0.99,0.08,-0.08,0,0.18,0.27,-0.27,0,[Fe/H],4.77,0.23,-0.23,0,2,0.8,-0.8,0,2,0.1,-0.1,0,,,,,7.036376840298408e-05,9.580771595870518e-06,-9.58E-06,113.17642964677758,,,0.014312405,,,0.4330886380457166,,,1.896304364228076e+75,,,2.4677705849933065,0.06887958,-0.06887958,CJ,D,1,A,1.228229912157897e-13
Kepler-4 b,Kepler-4,1,1,1,Transit,2009,Kepler,Published Confirmed,0,<a refstr=BORUCKI_ET_AL__2010 href=https://ui.adsabs.harvard.edu/abs/2010ApJ...713L.126B/abstract target=ref> Borucki et al. 2010 </a>,3.21346,0.00022,-0.00022,0,0.0456,0.0009,-0.0009,0,4.002,0.213,-0.213,0,0.357,0.019,-0.019,0,0.077,0.012,-0.012,0,1.91,0.36,-0.47,0,0,,,0,1650,200,-200,0,89.76,0.24,-2.05,0,0,6.47,0.26,-0.28,0,9.3,1.1,-1.9,0,<a refstr=BORUCKI_ET_AL__2010 href=https://ui.adsabs.harvard.edu/abs/2010ApJ...713L.126B/abstract target=ref> Borucki et al. 2010 </a>,,5857,120,-120,0,1.487,0.071,-0.084,0,1.223,0.053,-0.091,0,0.17,0.06,-0.06,0,[Fe/H],4.17,0.04,-0.04,0,4.5,1.5,-1.5,0,,,,,2.2,1,-1,0,6.007941470401188e-05,1.0375461247079529e-05,-9.72E-06,6.594220487287699,0.3945865593567016,-0.340694248,0.00123832,0.000121498,-0.000107201,0.1792104090337599,0.028626512,-0.023694808,3.2469898132889007e+74,3.2469898132889007e+74,-3.25E+74,3.1753413313114516,0.081962568,-0.081962568,HN,B,0.9999029023139904,A,9.7097686008779e-05
Kepler-40 b,Kepler-40,1,1,1,Transit,2010,Kepler,Published Confirmed,0,<a refstr=SANTERNE_ET_AL__2011 href=https://ui.adsabs.harvard.edu/abs/2011arXiv1101.0196S/abstract target=ref> Santerne et al. 2011 </a>,6.87349,0.00064,-0.00064,0,0.08,0.003,-0.003,0,13.11,0.45,-0.45,0,1.17,0.04,-0.04,0,2.2,0.4,-0.4,0,1.68,0.53,-0.43,0,0,,,0,1620,30,-30,0,89.7,0.3,-0.1,0,0,8.11,0.06,-0.06,0,179,21,-21,0,<a refstr=SANTERNE_ET_AL__2011 href=https://ui.adsabs.harvard.edu/abs/2011arXiv1101.0196S/abstract target=ref> Santerne et al. 2011 </a>,F5 IV,6510,100,-100,0,2.13,0.06,-0.06,0,1.48,0.06,-0.06,0,0.1,0.15,-0.1,0,[Fe/H],3.94,0.32,-0.32,0,2.8,0.3,-0.3,0,0.213,0.005,-0.005,0,9,2,-2,0,0.001418477,0.000264238,-0.000264238,8.076440049910888,0.3787965203583658,-0.37879652,0.006232425,0.000698957,-0.000695677,0.6371113310127569,0.095755574,-0.092092694,4.103789936176433e+75,4.103789936176433e+75,-4.10E+75,3.600237995693239,0.084361787,-0.084361787,HJ,A2,0.9999988131735194,B,1.1865984826635612e-06
Kepler-41 b,Kepler-41,1,1,1,Transit,2011,Kepler,Published Confirmed,0,<a refstr=BONOMO_ET_AL__2015 href=https://ui.adsabs.harvard.edu/abs/2015A&A...575A..85B/abstract target=ref>Bonomo et al. 2015</a>,1.8555582,5.2e-07,-5.20E-07,0,0.03101,0.0004,-0.0004,0,14.46,0.22,-0.22,0,1.29,0.02,-0.02,0,0.56,0.08,-0.08,0,0.33,0.04,-0.04,0,0,,,0,1790,31,-31,0,82.51,0.09,-0.09,0,0,5.159,0.023,-0.023,0,84,11,-11,0,<a refstr=BONOMO_ET_AL__2015 href=https://ui.adsabs.harvard.edu/abs/2015A&A...575A..85B/abstract target=ref>Bonomo et al. 2015</a>,G2 V,5750,100,-100,0,1.29,0.02,-0.02,0,1.15,0.04,-0.04,0,0.38,0.11,-0.11,0,[Fe/H],4.278,0.005,-0.005,0,4.4,1.3,-1.1,0,0.754,0.01,-0.01,0,6,2,-2,0,0.000464677,6.832179987100617e-05,-6.83E-05,5.169179890200378,0.104253022,-0.104253022,0.001665374,0.000119196,-0.000121514,0.2162140466211996,0.022426035,-0.022203232,4.726310765056772e+74,4.726310765056772e+74,-4.73E+74,2.9211956447710583,0.063486729,-0.063486729,FHJ,A1,0.9999821238326474,B,1.7876162505619034e-05
Kepler-412 b,Kepler-412,1,1,1,Transit,2014,Kepler,Published Confirmed,0,<a refstr=ESTEVES_ET_AL__2015 href=https://ui.adsabs.harvard.edu/abs/2015ApJ...804..150E/abstract target=ref>Esteves et al. 2015</a>,1.7208604,3e-07,-3.00E-07,0,0.02897,0.00093,-0.00092,0,15.031269,0.493196,-0.515614,0,1.341,0.044,-0.046,0,0.941,0.125,-0.019,0,0.52,0.13,-0.04,0,,,,,1850,30,-30,0,80.559,0.084,-0.079,0,1,4.841,0.024,-0.023,0,142,11,-11,0,<a refstr=ESTEVES_ET_AL__2015 href=https://ui.adsabs.harvard.edu/abs/2015ApJ...804..150E/abstract target=ref>Esteves et al. 2015</a>,,5750,90,-90,0,1.287,0.035,-0.035,0,1.167,0.091,-0.091,0,0.27,0.12,-0.12,0,[Fe/H],4.3,0.07,-0.07,0,,,,,,,,,,,,,0.00076945,0.000118521,-6.20E-05,4.840380899026867,0.2036482982448579,-0.202376315,0.001840637,0.000194059,-0.000114284,0.2637558045776321,0.038486993,-0.020283554,7.033289859903211e+74,7.033289859903211e+74,-7.03E+74,3.112919106087415,0.064930284,-0.029818113,FHJ,A1,0.999993638,B,6.362248516033623e-06
Kepler-419 b,Kepler-419,1,1,2,Transit,2014,Kepler,Published Confirmed,0,<a refstr=DAWSON_ET_AL__2014 href=https://ui.adsabs.harvard.edu/abs/2014ApJ...791...89D/abstract target=ref> Dawson et al. 2014</a>,69.7546,0.0007,-0.0009,0,0.37,0.007,-0.006,0,10.8,1.4,-1.3,0,0.96,0.12,-0.12,0,2.5,0.3,-0.3,0,,,,,0.833,0.013,-0.013,0,,,,,88.95,0.14,-0.17,0,1,,,,,,,,,<a refstr=DAWSON_ET_AL__2014 href=https://ui.adsabs.harvard.edu/abs/2014ApJ...791...89D/abstract target=ref> Dawson et al. 2014</a>,,6430,79,-79,0,1.74,0.07,-0.07,0,1.39,0.08,-0.07,0,0.176,0.07,-0.07,0,[Fe/H],4.1,0.12,-0.12,0,,,,,13.34,0.18,-0.19,0,14.41,1.3,-1.3,0,0.001716274,0.000223354,-0.000228416,45.72587933430152,2.032806770315256,-1.98336987,0.030715448,0.002350637,-0.002293758,1.6638364469869995,0.2860344888614095,-0.244536224,2.7988249121463667e+76,2.7988249121463667e+76,-2.80E+76,3.8275845809562568,0.1204335480677751,-0.120433548,WJ,D,1,A,1.2363097559164024e-22
Kepler-425 b,Kepler-425,1,1,1,Transit,2014,Kepler,Published Confirmed,0,<a refstr=H_EACUTE_BRARD_ET_AL__2014 href=https://ui.adsabs.harvard.edu/abs/2014A&A...572A..93H/abstract target=ref>H&eacute;brard et al. 2014</a>,3.79701816,1.9e-07,-1.90E-07,0,0.0464,0.0008,-0.0008,0,10.962,0.247,-0.247,0,0.978,0.022,-0.022,0,0.25,0.08,-0.08,0,0.27,0.07,-0.07,0,0.33,,,1,1070,15,-15,0,87.02,0.08,-0.08,0,0,11.6,0.08,-0.08,0,34,10,-10,0,<a refstr=H_EACUTE_BRARD_ET_AL__2014 href=https://ui.adsabs.harvard.edu/abs/2014A&A...572A..93H/abstract target=ref>H&eacute;brard et al. 2014</a>,K1 V,5170,70,-70,0,0.86,0.02,-0.02,0,0.93,0.05,-0.05,0,0.24,0.11,-0.11,0,[Fe/H],4.535,0.01,-0.01,0,5,4,-4,0,1.448,0.03,-0.03,0,3,1,-1,0,0.000256518,8.323636284795902e-05,-8.32E-05,11.601900043790591,0.3358741132132904,-0.335874113,0.00204417,0.000279275,-0.000308159,0.2256840551198052,0.046235519,-0.047947553,5.149395122584694e+74,5.149395122584694e+74,-5.15E+74,2.8114493374601905,0.1403410236214298,-0.140341024,HJ,A1,0.9958875127631832,B,0.004112487
Kepler-426 b,Kepler-426,1,1,1,Transit,2014,Kepler,Published Confirmed,0,<a refstr=H_EACUTE_BRARD_ET_AL__2014 href=https://ui.adsabs.harvard.edu/abs/2014A&A...572A..93H/abstract target=ref>H&eacute;brard et al. 2014</a>,3.21751883,1.9e-07,-1.90E-07,0,0.0414,0.001,-0.001,0,12.22,0.34,-0.34,0,1.09,0.03,-0.03,0,0.34,0.08,-0.08,0,0.26,0.06,-0.06,0,0.18,,,1,1300,20,-20,0,85.74,0.06,-0.06,0,0,9.67,0.06,-0.06,0,50,10,-10,0,<a refstr=H_EACUTE_BRARD_ET_AL__2014 href=https://ui.adsabs.harvard.edu/abs/2014A&A...572A..93H/abstract target=ref>H&eacute;brard et al. 2014</a>,G1 V,5725,90,-90,0,0.92,0.02,-0.02,0,0.91,0.06,-0.06,0,-0.21,0.08,-0.08,0,[Fe/H],4.471,0.011,-0.011,0,6,4,-4,0,1.17,0.023,-0.023,0,3,1,-1,0,0.000356532,8.712138087675708e-05,-8.71E-05,9.676584734799482,0.3144568431923785,-0.314456843,0.002035446,0.00025273,-0.000257322,0.238061117,0.042888187,-0.041559893,5.729693613177432e+74,5.729693613177432e+74,-5.73E+74,2.850812959524364,0.1049460459831726,-0.104946046,HJ,A1,0.9996272197503764,B,0.00037278
Kepler-427 b,Kepler-427,1,1,1,Transit,2014,Kepler,Published Confirmed,0,<a refstr=H_EACUTE_BRARD_ET_AL__2014 href=https://ui.adsabs.harvard.edu/abs/2014A&A...572A..93H/abstract target=ref>H&eacute;brard et al. 2014</a>,10.290994,1.1e-06,-1.10E-06,0,0.091,0.01,-0.01,0,13.79,2.35,-2.35,0,1.23,0.21,-0.21,0,0.29,0.09,-0.09,0,0.16,0.14,-0.14,0,0.57,,,1,1100,70,-70,0,89.5,0.45,-0.45,0,0,14.2,2.1,-2.1,0,29.8,9.1,-9.1,0,<a refstr=H_EACUTE_BRARD_ET_AL__2014 href=https://ui.adsabs.harvard.edu/abs/2014A&A...572A..93H/abstract target=ref>H&eacute;brard et al. 2014</a>,G2 V,5800,70,-70,0,1.35,0.2,-0.2,0,0.96,0.06,-0.06,0,-0.19,0.07,-0.07,0,[Fe/H],4.14,0.12,-0.12,0,7,4,-4,0,0.4,0.2,-0.2,0,3,1,-1,0,0.000288263,9.125690596071244e-05,-9.13E-05,14.494966434020622,2.673671509976983,-2.67367151,0.004168026,0.001004252,-0.000955783,0.2987543975173384,0.1098602478362482,-0.088880243,9.023667353095516e+74,9.023667353095516e+74,-9.02E+74,2.676774813383516,0.2003934583062185,-0.200393458,WJ,A1,0.999993843,B,6.156978855295385e-06
Kepler-428 b,Kepler-428,1,1,1,Transit,2014,Kepler,Published Confirmed,0,<a refstr=H_EACUTE_BRARD_ET_AL__2014 href=https://ui.adsabs.harvard.edu/abs/2014A&A...572A..93H/abstract target=ref>H&eacute;brard et al. 2014</a>,3.52563254,1.5e-07,-1.50E-07,0,0.0433,0.0009,-0.0009,0,12.11,0.34,-0.34,0,1.08,0.03,-0.03,0,1.27,0.19,-0.19,0,1.02,0.15,-0.15,0,0.22,,,1,1070,25,-25,0,89.36,0.43,-0.43,0,0,11.65,0.1,-0.1,0,188,26,-26,0,<a refstr=H_EACUTE_BRARD_ET_AL__2014 href=https://ui.adsabs.harvard.edu/abs/2014A&A...572A..93H/abstract target=ref>H&eacute;brard et al. 2014</a>,K1 V,5150,100,-100,0,0.8,0.02,-0.02,0,0.87,0.05,-0.05,0,0.09,0.17,-0.17,0,[Fe/H],4.571,0.011,-0.011,0,5,4,-4,0,1.704,0.041,-0.041,0,2,2,-2,0,0.001392983,0.000223247,-0.000223247,11.638781083800488,0.3783991916997068,-0.378399192,0.003352968,0.000303951,-0.00029975,0.4834561490124454,0.063646441,-0.060279021,2.3630267645183256e+75,2.3630267645183256e+75,-2.36E+75,3.431143248345413,0.069308371,-0.069308371,HJ,A1,0.999968461,B,3.152834943266367e-05
Kepler-43 b,Kepler-43,1,1,1,Transit,2011,Kepler,Published Confirmed,0,<a refstr=ESTEVES_ET_AL__2015 href=https://ui.adsabs.harvard.edu/abs/2015ApJ...804..150E/abstract target=ref>Esteves et al. 2015</a>,3.0240949,6e-07,-6.00E-07,0,0.046,0.0026,-0.0025,0,13.663771,0.728585,-0.717376,0,1.219,0.065,-0.064,0,3.23,0.26,-0.26,0,5,7,-5,0,,,,,1620,40,-40,0,84.646,0.107,-0.091,0,0,6.975,0.047,-0.041,0,375,13,-13,0,<a refstr=ESTEVES_ET_AL__2015 href=https://ui.adsabs.harvard.edu/abs/2015ApJ...804..150E/abstract target=ref>Esteves et al. 2015</a>,,6041,143,-143,0,1.42,0.07,-0.07,0,1.32,0.09,-0.09,0,0.33,0.11,-0.11,0,[Fe/H],4.26,0.05,-0.05,0,,,,,,,,,,,,,0.002335017,0.000246322,-0.000246322,6.965929543048141,0.5224345171582587,-0.511118861,0.004231368,0.000465299,-0.000424962,0.6072592548434751,0.083250923,-0.073416235,3.728230445116437e+75,3.728230445116437e+75,-3.73E+75,3.731382149457695,0.057460564,-0.058027681,HJ,A2,0.9998820766751404,C,0.000116216
Kepler-433 b,Kepler-433,1,1,1,Transit,2015,Kepler,Published Confirmed,0,<a refstr=ALMENARA_ET_AL__2015 href=https://ui.adsabs.harvard.edu/abs/2015A&A...575A..71A/abstract target=ref>Almenara et al. 2015</a>,5.33408384,1.1e-06,-1.10E-06,0,0.0679,0.0027,-0.0027,0,16.25,1.79,-1.79,0,1.45,0.16,-0.16,0,2.82,0.52,-0.52,0,1.13,0.32,-0.32,0,0.119,0.079,-0.079,0,1776,87,-87,0,89.21,0.52,-0.9,0,0,6.44,0.62,-0.62,0,259,44,-44,0,<a refstr=ALMENARA_ET_AL__2015 href=https://ui.adsabs.harvard.edu/abs/2015A&A...575A..71A/abstract target=ref>Almenara et al. 2015</a>,,6360,140,-140,0,2.26,0.25,-0.25,0,1.46,0.17,-0.17,0,-0.01,0.2,-0.2,0,[Fe/H],3.892,0.056,-0.056,0,2.67,0.91,-0.91,0,0.177,0.046,-0.046,0,11,1,-1,0,0.001843137,0.000401957,-0.000401957,6.4605713224472465,0.7594365508737444,-0.759436551,0.005772296,0.000845352,-0.000780298,0.6010101354581711,0.1512510557695494,-0.123300766,3.651893098734377e+75,3.651893098734377e+75,-3.65E+75,3.5217001422127674,0.1248974132631448,-0.124897413,HJ,A2,0.9999998870637532,C,9.710432203129773e-08
Kepler-434 b,Kepler-434,1,1,1,Transit,2015,Kepler,Published Confirmed,0,<a refstr=ALMENARA_ET_AL__2015 href=https://ui.adsabs.harvard.edu/abs/2015A&A...575A..71A/abstract target=ref>Almenara et al. 2015</a>,12.8747099,5e-06,-5.00E-06,0,0.1143,0.003,-0.003,0,12.67,2.91,-2.02,0,1.13,0.26,-0.18,0,2.86,0.35,-0.35,0,2.4,1.3,-1.3,0,0.131,0.072,-0.072,0,1000,45,-45,0,86.46,0.38,-0.74,0,0,17.9,1.6,-1.6,0,221,23,-23,0,<a refstr=ALMENARA_ET_AL__2015 href=https://ui.adsabs.harvard.edu/abs/2015A&A...575A..71A/abstract target=ref>Almenara et al. 2015</a>,,5977,95,-95,0,1.38,0.13,-0.13,0,1.198,0.093,-0.093,0,0.25,0.14,-0.14,0,[Fe/H],4.242,0.055,-0.055,0,4,1.7,-1.7,0,0.65,0.15,-0.15,0,3,1,-1,0,0.002278089,0.000330147,-0.000330147,17.810525526370064,1.7417087995095355,-1.7417088,0.01042788,0.000997193,-0.000945347,0.9820221524888314,0.2148323676897997,-0.193531216,9.749829777884375e+75,9.749829777884375e+75,-9.75E+75,3.7443961845255593,0.1482160552852315,-0.206798586,WJ,A2,0.9999997826024944,C,1.6111901362313813e-07
Kepler-435 b,Kepler-435,1,1,1,Transit,2015,Kepler,Published Confirmed,0,<a refstr=ALMENARA_ET_AL__2015 href=https://ui.adsabs.harvard.edu/abs/2015A&A...575A..71A/abstract target=ref>Almenara et al. 2015</a>,8.6001536,1.8e-06,-1.80E-06,0,0.0948,0.0018,-0.0018,0,22.31,2.02,-2.02,0,1.99,0.18,-0.18,0,0.84,0.15,-0.15,0,0.131,0.037,-0.037,0,0.114,0.077,-0.077,0,1729,70,-70,0,85.51,0.52,-0.52,0,0,6.35,0.51,-0.51,0,64,12,-12,0,<a refstr=ALMENARA_ET_AL__2015 href=https://ui.adsabs.harvard.edu/abs/2015A&A...575A..71A/abstract target=ref>Almenara et al. 2015</a>,,6161,94,-94,0,3.21,0.3,-0.3,0,1.538,0.088,-0.088,0,-0.18,0.11,-0.11,0,[Fe/H],3.613,0.047,-0.07,0,2.25,0.42,-0.42,0,0.066,0.015,-0.015,0,6,1,-1,0,0.000521176,9.7727870926419e-05,-9.77E-05,6.350572743918248,0.6056364606628242,-0.605636461,0.00528968,0.0005168,-0.000519085,0.3223457061417814,0.05912892,-0.05284577,1.0505052881853834e+75,1.0505052881853834e+75,-1.05E+75,2.720760171605824,0.1103947198820674,-0.11039472,HJ,A1,0.9999999999946304,B,5.154032820075905e-12
Kepler-44 b,Kepler-44,1,1,1,Transit,2011,Kepler,Published Confirmed,0,<a refstr=BONOMO_ET_AL__2015 href=https://ui.adsabs.harvard.edu/abs/2015A&A...575A..85B/abstract target=ref>Bonomo et al. 2015</a>,3.2467293,3e-06,-3.00E-06,0,0.0446,0.0011,-0.0011,0,12.22,0.78,-0.78,0,1.09,0.07,-0.07,0,1,0.1,-0.1,0,0.93,0.19,-0.17,0,0.066,,,1,1544,47,-47,0,84.96,0.5,-0.62,0,0,7.07,0.35,-0.37,0,125,11,-11,0,<a refstr=BONOMO_ET_AL__2015 href=https://ui.adsabs.harvard.edu/abs/2015A&A...575A..85B/abstract target=ref>Bonomo et al. 2015</a>,G2 IV,5800,100,-100,0,1.35,0.08,-0.08,0,1.12,0.08,-0.08,0,0.15,0.1,-0.1,0,[Fe/H],4.22,0.04,-0.04,0,5.8,2.4,-1.5,0,0.63,0.1,-0.1,0,4,2,-2,0,0.000852007,0.000104704,-0.000104704,7.104126406124393,0.4559917762833794,-0.455991776,0.002931628,0.000246826,-0.000233746,0.3819688549637126,0.053062411,-0.046826707,1.4750623210252716e+75,1.4750623210252716e+75,-1.48E+75,3.3193340424821085,0.070693921,-0.070693921,HJ,A1,0.9998853325721264,B,0.000114667
Kepler-45 b,Kepler-45,1,1,1,Transit,2011,Kepler,Published Confirmed,0,<a refstr=JOHNSON_ET_AL__2012 href=https://ui.adsabs.harvard.edu/abs/2012AJ....143..111J/abstract target=ref> Johnson et al. 2012 </a>,2.455239,4e-06,-4.00E-06,0,0.03,,,0,10.76,1.23,-1.23,0,0.96,0.11,-0.11,0,0.505,0.09,-0.09,0,0.8,0.5,-0.5,0,0.11,0.1,-0.09,0,1000,20,-20,0,87,0.7,-0.7,0,0,10.6,1,-1,0,110,10,-10,0,<a refstr=JOHNSON_ET_AL__2012 href=https://ui.adsabs.harvard.edu/abs/2012AJ....143..111J/abstract target=ref> Johnson et al. 2012 </a>,M,3820,90,-90,0,0.55,0.11,-0.11,0,0.59,0.06,-0.06,0,0.28,0.14,-0.14,0,[Fe/H],4.7,0.2,-0.2,0,0.5,,,0,4,2,-2,0,,,,,0.000816772,0.000167594,-0.000167594,11.729193617938764,,,0.00194438,,,0.3268341871361425,,,1.0799643502049338e+75,,,3.1329359504028806,0.1260793256993264,-0.126079326,FHJ,A1,0.9983029085574034,B,0.001697091
Kepler-5 b,Kepler-5,1,1,1,Transit,2009,Kepler,Published Confirmed,0,<a refstr=ESTEVES_ET_AL__2015 href=https://ui.adsabs.harvard.edu/abs/2015ApJ...804..150E/abstract target=ref>Esteves et al. 2015</a>,3.5484657,7e-07,-7.00E-07,0,0.0538,0.0015,-0.0021,0,15.984034,0.403524,-0.571659,0,1.426,0.036,-0.051,0,2.111,0.067,-0.086,0,0.4,0.5,-0.5,0,,,,,1750,20,-20,0,89.14,0.44,-0.32,0,0,6.45,0.021,-0.025,0,227.5,2.8,-2.8,0,<a refstr=ESTEVES_ET_AL__2015 href=https://ui.adsabs.harvard.edu/abs/2015ApJ...804..150E/abstract target=ref>Esteves et al. 2015</a>,,6297,60,-60,0,1.793,0.043,-0.062,0,1.374,0.04,-0.059,0,0.04,0.06,-0.06,0,[Fe/H],3.96,0.1,-0.1,0,,,,,,,,,,,,,0.001466098,7.828473625494762e-05,-7.34E-05,6.452255793917236,0.2866032186630126,-0.295591805,0.004237693,0.000228621,-0.000259714,0.4811327382612016,0.034641993,-0.031412763,2.340368705020587e+75,2.340368705020587e+75,-2.34E+75,3.410436220639319,0.0339853,-0.02817562,HJ,A1,0.999999899,B,9.630863771901736e-08
Kepler-539 b,Kepler-539,1,1,2,Transit,2016,Kepler,Published Confirmed,0,<a refstr=MANCINI_ET_AL__2016 href=https://ui.adsabs.harvard.edu/abs/2016A&A...590A.112M/abstract target=ref>Mancini et al. 2016</a>,125.63243,0.00071,-0.00071,0,0.4988,0.0067,-0.0067,0,8.373123,0.190553,-0.190553,0,0.747,0.017,-0.017,0,0.97,0.29,-0.29,0,2.9,0.88,-0.88,0,0.39,,,1,387.6,6,-6,0,89.845,0.086,-0.086,0,1,94.60738,7.53767,-6.50165,0,132.3,6.3,-6.3,0,<a refstr=MANCINI_ET_AL__2016 href=https://ui.adsabs.harvard.edu/abs/2016A&A...590A.112M/abstract target=ref>Mancini et al. 2016</a>,G2 V,5820,80,-80,0,0.952,0.018,-0.018,0,1.048,0.042,-0.042,0,-0.01,0.07,-0.07,0,[Fe/H],4.502,0.014,-0.014,0,,,,,1.713,0.076,-0.076,0,4.4,0.5,-0.5,0,0.000883226,0.000266419,-0.000266419,112.66761124458408,2.613113731257335,-2.613113731,0.033182567,0.004013076,-0.00447955,1.5710533425065465,0.2900402582576971,-0.304265186,2.4953779089369955e+76,2.4953779089369955e+76,-2.50E+76,3.634317568998803,0.1313366811075224,-0.131336681,CJ,D,1,A,6.230508674522442e-39
Kepler-553 b,Kepler-553,1,1,2,Transit,2016,Kepler,Published Confirmed,0,<a refstr=DALBA_ET_AL__2024 href=https://ui.adsabs.harvard.edu/abs/2024ApJS..271...16D/abstract target=ref>Dalba et al. 2024</a>,4.030467,1.8e-06,-1.80E-06,0,0.04766,0.00081,-0.00065,0,4.74139884,0.17934369,-0.12329879,0,0.423,0.016,-0.011,0,0.365,,,1,,,,,,,,,1089,19,-19,0,88.94,0.67,-0.6,0,0,11.4,0.21,-0.33,0,49,,,1,<a refstr=DALBA_ET_AL__2024 href=https://ui.adsabs.harvard.edu/abs/2024ApJS..271...16D/abstract target=ref>Dalba et al. 2024</a>,,5191,76,-78,0,0.902,0.026,-0.021,0,0.889,0.046,-0.036,0,0.152,0.058,-0.058,0,[Fe/H],4.48,0.019,-0.027,0,8.8,3.3,-4,0,1.727,0.097,-0.15,0,,,,,0.000391789,,,11.362060321767512,0.3275104397310296,-0.362318534,0.002418045,,,0.4298185658974642,,,1.867776064194328e+75,,,3.703799168069746,,,HN,B,0.991752375,A,0.008247625
Kepler-56 c,Kepler-56,1,1,3,Transit,2012,Kepler,Published Confirmed,0,<a refstr=HUBER_ET_AL__2013 href=https://ui.adsabs.harvard.edu/abs/2013Sci...342..331H/abstract target=ref> Huber et al. 2013 </a>,21.40239,0.00059,-0.00062,0,0.1652,0.0059,-0.0059,0,9.8,0.46,-0.46,0,0.874,0.041,-0.041,0,0.57,0.066,-0.06,0,1.06,0.14,-0.13,0,,,,,,,,,,,,,1,,,,,,,,,<a refstr=HUBER_ET_AL__2013 href=https://ui.adsabs.harvard.edu/abs/2013Sci...342..331H/abstract target=ref> Huber et al. 2013 </a>,,4840,97,-97,0,4.23,0.15,-0.15,0,1.32,0.13,-0.13,0,0.2,0.16,-0.16,0,[Fe/H],3.31,0.01,-0.01,0,3.5,1.3,-1.3,0,0.0246,0.0006,-0.0006,0,,,,,0.000412062,6.263673740683378e-05,-5.94E-05,8.398065658990673,0.4226649100646147,-0.42266491,0.008523613,0.000954752,-0.000847703,0.5709295887415118,0.091195989,-0.076412605,3.2954867228356587e+75,3.2954867228356587e+75,-3.30E+75,3.267039028767041,0.064722524,-0.061238307,WJ,A2,0.9878189658391152,B,0.012181034
Kepler-6 b,Kepler-6,1,1,1,Transit,2009,Kepler,Published Confirmed,0,<a refstr=ESTEVES_ET_AL__2015 href=https://ui.adsabs.harvard.edu/abs/2015ApJ...804..150E/abstract target=ref>Esteves et al. 2015</a>,3.2346996,4e-07,-4.00E-07,0,0.04852,0.00074,-0.00133,0,14.616536,0.201762,-0.369897,0,1.304,0.018,-0.033,0,0.668,0.038,-0.035,0,0.4,0.06,-0.04,0,,,,,1460,10,-10,0,88.93,0.19,-0.17,0,0,7.503,0.022,-0.022,0,80.9,2.6,-2.6,0,<a refstr=ESTEVES_ET_AL__2015 href=https://ui.adsabs.harvard.edu/abs/2015ApJ...804..150E/abstract target=ref>Esteves et al. 2015</a>,,5647,44,-44,0,1.391,0.017,-0.034,0,1.209,0.044,-0.038,0,0.34,0.04,-0.04,0,[Fe/H],4.236,0.011,-0.011,0,,,,,,,,,,,,,0.000527244,3.4266582478335916e-05,-3.36E-05,7.500725159077736,0.2161015111594741,-0.22511509,0.0027178,0.000122889,-0.000152248,0.2865361788187314,0.018942649,-0.01817582,8.300674690003487e+74,8.300674690003487e+74,-8.30E+74,2.988408318047099,0.03306852,-0.025720445,HJ,A1,0.9999949451151192,B,5.054881876290012e-06
Kepler-63 b,Kepler-63,1,1,1,Transit,2013,Kepler,Published Confirmed,0,<a refstr=SANCHIS_OJEDA_ET_AL__2013 href=https://ui.adsabs.harvard.edu/abs/2013ApJ...775...54S/abstract target=ref> Sanchis-Ojeda et al. 2013 </a>,9.4341505,1e-06,-1.00E-06,0,0.08,0.002,-0.002,0,6.11,0.2,-0.2,0,0.545,0.018,-0.018,0,0.378,,,1,3,,,1,0.45,,,1,,,,,87.806,0.018,-0.019,0,0,19.12,0.08,-0.08,0,,,,,<a refstr=SANCHIS_OJEDA_ET_AL__2013 href=https://ui.adsabs.harvard.edu/abs/2013ApJ...775...54S/abstract target=ref> Sanchis-Ojeda et al. 2013 </a>,,5576,50,-50,0,0.901,0.027,-0.022,0,0.984,0.035,-0.04,0,0.05,0.08,-0.08,0,[Fe/H],4.52,0.02,-0.02,0,0.21,0.045,-0.045,0,1.895,0.125,-0.117,0,5.6,0.8,-0.8,0,0.000366571,,,19.09302697703684,0.6672200886323201,-0.74511827,0.003969803,,,0.4745455189587663,,,2.276723118703777e+75,,,3.498885833647297,,,HS,A2,0.607150194,B,0.3928498055426041
Kepler-7 b,Kepler-7,1,1,1,Transit,2009,Kepler,Published Confirmed,0,<a refstr=ESTEVES_ET_AL__2015 href=https://ui.adsabs.harvard.edu/abs/2015ApJ...804..150E/abstract target=ref>Esteves et al. 2015</a>,4.8854892,9e-07,-9.00E-07,0,0.06067,0.00059,-0.00059,0,18.180998,0.145717,-0.145717,0,1.622,0.013,-0.013,0,0.441,0.043,-0.042,0,0.14,0.02,-0.02,0,,,,,1630,10,-10,0,85.161,0.055,-0.054,0,0,6.637,0.021,-0.021,0,42.9,3.5,-3.5,0,<a refstr=ESTEVES_ET_AL__2015 href=https://ui.adsabs.harvard.edu/abs/2015ApJ...804..150E/abstract target=ref>Esteves et al. 2015</a>,,5933,44,-44,0,1.966,0.013,-0.013,0,1.359,0.031,-0.031,0,0.11,0.03,-0.03,0,[Fe/H],3.98,0.1,-0.1,0,,,,,,,,,,,,,0.000309657,3.1008521185205465e-05,-3.03E-05,6.635903649375885,0.078037368,-0.078037368,0.002845949,0.00014108,-0.000140562,0.2201678607480458,0.0152378,-0.014925068,4.900747299129508e+74,4.900747299129508e+74,-4.90E+74,2.618523928,0.042914588,-0.041943141,HJ,A1,0.9999999901665944,B,9.832827991638565e-09
Kepler-74 b,Kepler-74,1,1,1,Transit,2013,Kepler,Published Confirmed,0,<a refstr=BONOMO_ET_AL__2015 href=https://ui.adsabs.harvard.edu/abs/2015A&A...575A..85B/abstract target=ref>Bonomo et al. 2015</a>,7.340711,6e-06,-6.00E-06,0,0.0781,0.0007,-0.0007,0,10.76,0.22,-0.22,0,0.96,0.02,-0.02,0,0.63,0.12,-0.12,0,0.88,0.18,-0.18,0,0,,,0,1078,19,-19,0,87.46,0.07,-0.07,0,0,15.47,0.18,-0.18,0,59,11,-11,0,<a refstr=BONOMO_ET_AL__2015 href=https://ui.adsabs.harvard.edu/abs/2015A&A...575A..85B/abstract target=ref>Bonomo et al. 2015</a>,F8 V,6000,100,-100,0,1.12,0.04,-0.04,0,1.18,0.04,-0.04,0,0.42,0.11,-0.11,0,[Fe/H],4.44,0.01,-0.01,0,0.8,0.9,-0.5,0,1.3,0.05,-0.04,0,5,1,-1,0,0.000509472,9.856698480795975e-05,-9.86E-05,14.994866424361897,0.5521376169412359,-0.552137617,0.004324978,0.000353361,-0.000374426,0.4164874843939094,0.052822908,-0.053371473,1.7537124067040715e+75,1.7537124067040715e+75,-1.75E+75,3.228985121737801,0.084678838,-0.084678838,HJ,A1,0.999151839,B,0.000848161
Kepler-8 b,Kepler-8,1,1,1,Transit,2010,Kepler,Published Confirmed,0,<a refstr=ESTEVES_ET_AL__2015 href=https://ui.adsabs.harvard.edu/abs/2015ApJ...804..150E/abstract target=ref>Esteves et al. 2015</a>,3.5224991,7e-07,-7.00E-07,0,0.0474,0.0018,-0.0021,0,15.871944,0.594077,-0.694958,0,1.416,0.053,-0.062,0,0.59,0.13,-0.12,0,0.27,0.11,-0.08,0,,,,,1680,40,-40,0,83.978,0.036,-0.033,0,0,6.854,0.018,-0.017,0,68.4,12,-12,0,<a refstr=ESTEVES_ET_AL__2015 href=https://ui.adsabs.harvard.edu/abs/2015ApJ...804..150E/abstract target=ref>Esteves et al. 2015</a>,,6213,150,-150,0,1.486,0.053,-0.062,0,1.213,0.067,-0.062,0,-0.055,0.03,-0.03,0,[Fe/H],4.174,0.026,-0.026,0,,,,,,,,,,,,,0.000464144,0.000104985,-9.78E-05,6.859131395685591,0.3869707772872491,-0.390121537,0.002544615,0.000327692,-0.000330293,0.2549975062573644,0.046292405,-0.04234773,6.573948999770073e+74,6.573948999770073e+74,-6.57E+74,2.8629125432979996,0.1029725690406827,-0.094124006,HJ,A1,0.999999383,B,6.173447373787479e-07
Kepler-87 b,Kepler-87,1,1,2,Transit,2013,Kepler,Published Confirmed,0,<a refstr=OFIR_ET_AL__2014 href=https://ui.adsabs.harvard.edu/abs/2014A%26A...561A.103O/abstract target=ref> Ofir et al. 2014 </a>,114.73635,0.00015,-0.00015,0,0.481,0.026,-0.028,0,13.49,0.55,-0.55,0,1.204,0.049,-0.049,0,1.02,0.028,-0.028,0,0.729,0.026,-0.026,0,0.036,0.009,-0.009,0,478,4,-4,0,89.274,0.034,-0.03,0,1,57.4,1.4,-1.2,0,,,,,<a refstr=OFIR_ET_AL__2014 href=https://ui.adsabs.harvard.edu/abs/2014A%26A...561A.103O/abstract target=ref> Ofir et al. 2014 </a>,,5600,50,-50,0,1.82,0.04,-0.04,0,1.1,0.05,-0.05,0,-0.17,0.03,-0.03,0,[Fe/H],3.96,0.02,-0.02,0,7.5,0.5,-0.5,0,,,,,4.3,0.2,-0.2,0,0.000884848,4.698597134553471e-05,-4.70E-05,56.830735744060455,3.316147309675244,-3.536167655,0.032018007,0.002568923,-0.002581731,1.2163143253814095,0.1064478359378571,-0.100316714,1.495705558027942e+76,1.495705558027942e+76,-1.50E+76,3.241534236281662,0.037305767,-0.037305767,CJ,D,1,A,1.6579434849522055e-38
Kepler-91 b,Kepler-91,1,1,1,Transit,2013,Kepler,Published Confirmed,0,<a refstr=ESTEVES_ET_AL__2015 href=https://ui.adsabs.harvard.edu/abs/2015ApJ...804..150E/abstract target=ref>Esteves et al. 2015</a>,6.24658,8e-05,-8.00E-05,0,0.0731,0.0034,-0.0031,0,15.322703,0.773421,-0.67254,0,1.367,0.069,-0.06,0,0.81,0.18,-0.17,0,0.4,0.2,-0.1,0,,,,,2040,50,-50,0,69.68,0.67,-0.57,0,0,2.496,0.05,-0.043,0,70,11,-11,0,<a refstr=ESTEVES_ET_AL__2015 href=https://ui.adsabs.harvard.edu/abs/2015ApJ...804..150E/abstract target=ref>Esteves et al. 2015</a>,,4550,75,-75,0,6.3,0.16,-0.16,0,1.31,0.1,-0.1,0,0.11,0.07,-0.07,0,[Fe/H],2.953,0.007,-0.007,0,,,,,,,,,,,,,0.000590031,0.000138638,-0.00013177,2.4950911608953867,0.1322240661025744,-0.123334464,0.004251107,0.000633071,-0.000578861,0.3633825569699482,0.073938732,-0.066123556,1.3350041539881919e+75,1.3350041539881919e+75,-1.34E+75,3.031135028106361,0.1037669878206246,-0.101144253,UHJ,A1,0.9999996721271568,B,3.278713365552733e-07
LP 714-47 b,LP 714-47,1,1,1,Transit,2020,Transiting Exoplanet Survey Satellite (TESS),Published Confirmed,0,<a refstr=DREIZLER_ET_AL__2020 href=https://ui.adsabs.harvard.edu/abs/2020A&A...644A.127D/abstract target=ref>Dreizler et al. 2020</a>,4.052037,4e-06,-4.00E-06,0,0.0417,0.0005,-0.0005,0,4.7,0.3,-0.3,0,0.41930591,0.02676421,-0.02676421,0,0.09690715,0.0047195,-0.0047195,0,1.7,0.3,-0.3,0,0.04,0.02,-0.02,0,700,19,-24,0,87.3,0.2,-0.2,0,0,15.9,1,-0.7,0,17.6,0.8,-0.8,0,<a refstr=DREIZLER_ET_AL__2020 href=https://ui.adsabs.harvard.edu/abs/2020A&A...644A.127D/abstract target=ref>Dreizler et al. 2020</a>,M0.0 V,3950,51,-51,0,0.584,0.016,-0.016,0,0.59,0.02,-0.02,0,0.41,0.16,-0.16,0,[Fe/H],4.64,0.04,-0.04,0,,,,,,,,,2,,,1,0.000156735,9.300205451245322e-06,-9.30E-06,15.35439815225032,0.4591914320306605,-0.459191432,0.001558897,6.242819116058108e-05,-6.09E-05,0.2554096042865236,0.021260661,-0.019306727,6.595214309738035e+74,6.595214309738035e+74,-6.60E+74,3.1354808922838644,0.059339286,-0.059339286,HN,B,0.9963145718908508,A,0.003685428
LP 791-18 c,LP 791-18,1,1,3,Transit,2019,Transiting Exoplanet Survey Satellite (TESS),Published Confirmed,0,<a refstr=PETERSON_ET_AL__2023 href=https://www.nature.com/articles/s41586-023-05934-8 target=ref>Peterson et al. 2023</a>,4.9899093,7.4e-06,-7.20E-06,0,0.02961,0.00035,-0.00036,0,2.438,0.096,-0.096,0,0.21750417,0.00856456,-0.00856456,0,0.0223391,0.00220245,-0.00220245,0,,,,,8e-05,4e-05,-4.00E-05,0,324.4,2,-1.9,0,89.78,0.13,-0.13,0,0,,,,,,,,,<a refstr=PETERSON_ET_AL__2023 href=https://www.nature.com/articles/s41586-023-05934-8 target=ref>Peterson et al. 2023</a>,M(6.1 +/- 0.7) V,2960,55,-55,0,0.182,0.007,-0.007,0,0.139,0.005,-0.005,0,-0.09,0.19,-0.19,0,[Fe/H],5.115,0.094,-0.094,0,0.5,,,-1,32.510594,4.257675,-3.65145,0,2,,,1,0.00015336,1.609495741752249e-05,-1.61E-05,34.98457557965967,1.407671757491307,-1.411187858,0.001098927,6.248866681683057e-05,-6.26E-05,0.2955926490331888,0.028255854,-0.026787343,8.833681225010029e+74,8.833681225010029e+74,-8.83E+74,3.068317535225126,0.05480096,-0.05480096,HSubN,B,0.9999921920356124,A,7.807964387439686e-06
LTT 9779 b,LTT 9779,1,1,1,Transit,2020,Transiting Exoplanet Survey Satellite (TESS),Published Confirmed,0,<a refstr=JENKINS_ET_AL__2020 href=https://ui.adsabs.harvard.edu/abs/2020NatAs.tmp..180J/abstract target=ref>Jenkins et al. 2020</a>,0.792052,9.3e-06,-9.30E-06,0,0.01679,0.00014,-0.00012,0,4.72,0.23,-0.23,0,0.4210902,0.02051923,-0.02051923,0,0.09225057,0.00245414,-0.00254853,0,1.536,0.123,-0.123,0,0,,,0,1978,19,-19,0,76.39,0.43,-0.43,0,0,3.877,0.09,-0.091,0,19.65,0.43,-0.43,0,<a refstr=JENKINS_ET_AL__2020 href=https://ui.adsabs.harvard.edu/abs/2020NatAs.tmp..180J/abstract target=ref>Jenkins et al. 2020</a>,G7 V,5443,14,-13,0,0.949,0.006,-0.006,0,0.77,0.29,-0.21,0,0.27,0.03,-0.03,0,[Fe/H],4.35,0.16,-0.12,0,1.9,1.7,-1.2,0,1.81,0.06,-0.07,0,1.06,0.37,-0.37,0,0.000114325,3.132742438789275e-05,-4.32E-05,3.804469211972446,0.039810911,-0.036303191,0.000565011,7.408323495017039e-05,-6.54E-05,0.1381210054826344,0.030830981,-0.02517272,1.928741061681306e+74,1.928741061681306e+74,-1.93E+74,3.1104058281604745,0.043873871,-0.043992977,HN,B,0.9998268809534344,A,0.000173119
NGTS-11 b,NGTS-11,1,1,1,Transit,2020,Transiting Exoplanet Survey Satellite (TESS),Published Confirmed,0,<a refstr=GILL_ET_AL__2020 href=https://ui.adsabs.harvard.edu/abs/2020ApJ...898L..11G/abstract target=ref>Gill et al. 2020</a>,35.45533,0.00019,-0.00019,0,0.201,0.0021,-0.0022,0,9.157753,0.313852,-0.358688,0,0.817,0.028,-0.032,0,0.344,0.092,-0.073,0,0.78,0.21,-0.17,0,0.13,0.1,-0.09,0,435,34,-32,0,89.16,0.2,-0.29,0,0,54.6,8.6,-7.5,0,21.2,4.6,-4.1,0,<a refstr=GILL_ET_AL__2020 href=https://ui.adsabs.harvard.edu/abs/2020ApJ...898L..11G/abstract target=ref>Gill et al. 2020</a>,K,5050,80,-80,0,0.832,0.013,-0.013,0,0.862,0.028,-0.028,0,0.22,0.08,-0.08,0,[Fe/H],4.5,0.1,-0.1,0,3.9,1.6,-1.6,0,2.109,0.12,-0.12,0,1.1,0.8,-0.8,0,0.000380814,0.000102594,-8.18E-05,51.94961356022158,0.9764542271222328,-0.991053277,0.01010167,0.00106688,-0.000971976,0.6261744926308896,0.1087845478501176,-0.09129954,3.964105544439062e+75,3.964105544439062e+75,-3.96E+75,3.106301367870055,0.1210284358781536,-0.09684961,WJ,A2,0.9979398682902269,B,0.002060132
NGTS-12 b,NGTS-12,1,1,1,Transit,2020,Next-Generation Transit Survey (NGTS),Published Confirmed,0,<a refstr=BRYANT_ET_AL__2020 href=https://ui.adsabs.harvard.edu/abs/2020MNRAS.tmp.2785B/abstract target=ref>Bryant et al. 2020</a>,7.532806,4.8e-05,-4.80E-05,0,0.0757,0.0014,-0.0014,0,11.747032,0.358688,-0.358688,0,1.048,0.032,-0.032,0,0.208,0.022,-0.022,0,0.223,0.029,-0.029,0,0,,,0,1257,34,-34,0,88.9,0.76,-0.76,0,0,10.28,0.21,-0.31,0,21.3,2.1,-2.1,0,<a refstr=BRYANT_ET_AL__2020 href=https://ui.adsabs.harvard.edu/abs/2020MNRAS.tmp.2785B/abstract target=ref>Bryant et al. 2020</a>,G,5690,130,-130,0,1.589,0.04,-0.04,0,1.021,0.056,-0.049,0,-0.03,0.11,-0.11,0,[Fe/H],4.045,0.038,-0.038,0,9.4,1.5,-1.5,0,0.359,0.039,-0.039,0,0.5,,,1,0.000194401,2.257933139843852e-05,-2.32E-05,10.24428311900316,0.3199946228982357,-0.319994623,0.003040571,0.000214709,-0.000216116,0.2424202409736846,0.025369481,-0.024592126,5.941446914664299e+74,5.941446914664299e+74,-5.94E+74,2.6715278080307017,0.053041771,-0.053041771,HJ,A1,0.9995886318568632,B,0.000411368
NGTS-13 b,NGTS-13,1,1,1,Transit,2021,Next-Generation Transit Survey (NGTS),Published Confirmed,0,<a refstr=GRIEVES_ET_AL__2021 href=https://ui.adsabs.harvard.edu/abs/2021A&A...647A.180G/abstract target=ref>Grieves et al. 2021</a>,4.119027,2.3e-05,-2.30E-05,0,0.0549,0.0015,-0.0025,0,12.800678,0.515614,-0.515614,0,1.142,0.046,-0.046,0,4.84,0.44,-0.44,0,4.02,0.55,-0.55,0,0.086,0.034,-0.034,0,1605,30,-30,0,88.7,1.2,-1.2,0,0,,,,,526.1,29.5,-29.5,0,<a refstr=GRIEVES_ET_AL__2021 href=https://ui.adsabs.harvard.edu/abs/2021A&A...647A.180G/abstract target=ref>Grieves et al. 2021</a>,,5819,73,-73,0,1.788,0.057,-0.057,0,1.3,0.11,-0.18,0,0.25,0.17,-0.17,0,[Fe/H],4.04,0.05,-0.05,0,4.23,2.65,-1.59,0,0.31,0.04,-0.04,0,6.2,1.2,-1.2,0,0.00355274,0.00058847,-0.00044123,6.6025913738564705,0.2772142497424735,-0.367019308,0.005808354,0.000647165,-0.000581313,0.8454480147352693,0.1388463724031251,-0.104040491,7.2265045642571215e+75,7.2265045642571215e+75,-7.23E+75,3.9637001921881097,0.052752827,-0.052752827,HJ,C,0.9853891351924792,A,0.014610859
NGTS-15 b,NGTS-15,1,1,1,Transit,2021,Next-Generation Transit Survey (NGTS),Published Confirmed,0,<a refstr=TILBROOK_ET_AL__2021 href=https://ui.adsabs.harvard.edu/abs/2021MNRAS.tmp..893T/abstract target=ref>Tilbrook et al. 2021</a>,3.27623,1e-05,-1.00E-05,0,0.0441,0.0046,-0.0046,0,12.32987877,1.12089807,-1.12089807,0,1.1,0.1,-0.1,0,0.751,0.102,-0.088,0,0.74,0.11,-0.1,0,0,,,0,1146,47,-47,0,,,,,0,10,0.59,-0.59,0,106,7,-7,0,<a refstr=TILBROOK_ET_AL__2021 href=https://ui.adsabs.harvard.edu/abs/2021MNRAS.tmp..893T/abstract target=ref>Tilbrook et al. 2021</a>,G6 V,5600,150,-150,0,0.954,0.082,-0.082,0,0.995,0.025,-0.025,0,0.15,0.1,-0.1,0,[Fe/H],4.4,0.12,-0.13,0,3.28,4.23,-3.56,0,,,,,2,,,1,0.000720242,9.948223512698236e-05,-8.63E-05,9.940307169919803,1.3435350001621218,-1.343535,0.002740886,0.000444056,-0.000405197,0.347627531,0.06592998,-0.055315031,1.2217512499116056e+75,1.2217512499116056e+75,-1.22E+75,3.1870416050510744,0.09856153,-0.09394054,HJ,A1,0.9998707864582232,B,0.000129214
NGTS-16 b,NGTS-16,1,1,1,Transit,2021,Next-Generation Transit Survey (NGTS),Published Confirmed,0,<a refstr=TILBROOK_ET_AL__2021 href=https://ui.adsabs.harvard.edu/abs/2021MNRAS.tmp..893T/abstract target=ref>Tilbrook et al. 2021</a>,4.84532,2e-05,-2.00E-05,0,0.0523,0.0064,-0.0064,0,14.57167491,1.45716749,-1.34507768,0,1.3,0.13,-0.12,0,0.667,0.157,-0.129,0,0.38,0.19,-0.12,0,0,,,0,1177,59,-59,0,,,,,0,9.29,0.83,-0.83,0,74,14,-12,0,<a refstr=TILBROOK_ET_AL__2021 href=https://ui.adsabs.harvard.edu/abs/2021MNRAS.tmp..893T/abstract target=ref>Tilbrook et al. 2021</a>,G7 V,5550,150,-150,0,1.213,0.11,-0.107,0,1.002,0.031,-0.031,0,0.35,0.1,-0.1,0,[Fe/H],4.35,0.18,-0.16,0,10.29,1.57,-1.48,0,,,,,2.5,0.8,-0.8,0,0.000635213,0.000150804,-0.000124414,9.271510152,1.3986107638994567,-1.412142007,0.003117222,0.0006764,-0.000596335,0.3270325706829983,0.083563531,-0.068650672,1.081275793065836e+75,1.081275793065836e+75,-1.08E+75,2.9904261676662314,0.1299169796194794,-0.120828215,HJ,A1,0.9999980539272526,B,1.9460634561538393e-06
NGTS-17 b,NGTS-17,1,1,1,Transit,2021,Next-Generation Transit Survey (NGTS),Published Confirmed,0,<a refstr=TILBROOK_ET_AL__2021 href=https://ui.adsabs.harvard.edu/abs/2021MNRAS.tmp..893T/abstract target=ref>Tilbrook et al. 2021</a>,3.24253,1e-05,-1.00E-05,0,0.0391,0.0043,-0.0043,0,13.89913607,1.23298788,-1.23298788,0,1.24,0.11,-0.11,0,0.764,0.195,-0.164,0,0.5,0.27,-0.17,0,0,,,0,1457,50,-50,0,,,,,0,6.28,0.4,-0.4,0,93,20,-17,0,<a refstr=TILBROOK_ET_AL__2021 href=https://ui.adsabs.harvard.edu/abs/2021MNRAS.tmp..893T/abstract target=ref>Tilbrook et al. 2021</a>,G4 V,5650,100,-100,0,1.337,0.125,-0.125,0,1.025,0.034,-0.033,0,0.15,0.1,-0.1,0,[Fe/H],4,0.12,-0.12,0,9.22,1.41,-1.4,0,,,,,4.1,1,-1,0,0.000711264,0.000182978,-0.000154492,6.288614030261112,0.9077259919107304,-0.907725992,0.002419989,0.000509367,-0.000454316,0.3063691745403458,0.078702784,-0.06486026,9.489527678362989e+74,9.489527678362989e+74,-9.49E+74,3.0904370266145755,0.1349970289728484,-0.120946458,HJ,A1,0.9999881701277352,B,1.1829850220454328e-05
NGTS-18 b,NGTS-18,1,1,1,Transit,2021,Next-Generation Transit Survey (NGTS),Published Confirmed,0,<a refstr=TILBROOK_ET_AL__2021 href=https://ui.adsabs.harvard.edu/abs/2021MNRAS.tmp..893T/abstract target=ref>Tilbrook et al. 2021</a>,3.05125,1e-05,-1.00E-05,0,0.0448,0.0068,-0.0068,0,13.56286665,2.01761653,-2.01761653,0,1.21,0.18,-0.18,0,0.409,0.081,-0.063,0,0.28,0.25,-0.12,0,0,,,0,1381,55,-53,0,,,,,0,6.97,0.27,-0.27,0,62,5,-5,0,<a refstr=TILBROOK_ET_AL__2021 href=https://ui.adsabs.harvard.edu/abs/2021MNRAS.tmp..893T/abstract target=ref>Tilbrook et al. 2021</a>,G5 V,5610,150,-150,0,1.392,0.209,-0.209,0,1.003,0.03,-0.025,0,0.15,0.1,-0.1,0,[Fe/H],4.16,0.07,-0.07,0,10.84,1.28,-1.45,0,,,,,0.5,,,1,0.00038912,7.767086864749334e-05,-6.11E-05,6.920673628975365,1.4775602079505623,-1.477560208,0.002267769,0.000529809,-0.000466319,0.2455502004907823,0.071054702,-0.054320621,6.095860924191256e+74,6.095860924191256e+74,-6.10E+74,2.8403396057377974,0.155220015,-0.145501672,HJ,A1,0.9999711188638222,B,2.8881131802508432e-05
NGTS-2 b,NGTS-2,1,1,1,Transit,2018,Next-Generation Transit Survey (NGTS),Published Confirmed,0,<a refstr=RAYNARD_ET_AL__2018 href=https://ui.adsabs.harvard.edu/abs/2018MNRAS.481.4960R/abstract target=ref>Raynard et al. 2018</a>,4.511164,6.1e-05,-6.10E-05,0,0.063,0.0024,-0.003,0,17.878355,0.526823,-0.504405,0,1.595,0.047,-0.045,0,0.74,0.13,-0.12,0,0.226,0.04,-0.038,0,0,,,0,1468,45,-42,0,88.5,1,-1.2,0,0,,,,,65.8,9.5,-9.1,0,<a refstr=RAYNARD_ET_AL__2018 href=https://ui.adsabs.harvard.edu/abs/2018MNRAS.481.4960R/abstract target=ref>Raynard et al. 2018</a>,F5 V,6478,94,-89,0,1.702,0.047,-0.044,0,1.64,0.19,-0.22,0,-0.06,0.09,-0.09,0,[Fe/H],4.197,0.03,-0.059,0,2.17,0.37,-0.37,0,0.477,0.03,-0.061,0,15.2,0.8,-0.8,0,0.000430575,9.517294590625589e-05,-8.58E-05,7.959587913466084,0.3664497727074536,-0.438148979,0.003298501,0.000493206,-0.000443246,0.2667882207094701,0.054519575,-0.044435661,7.195943838348224e+74,7.195943838348224e+74,-7.20E+74,2.8578973833079324,0.080133951,-0.074932857,HJ,A1,0.9999999709379148,B,2.9061705128018612e-08
NGTS-20 b,NGTS-20,1,1,1,Transit,2022,Transiting Exoplanet Survey Satellite (TESS),Published Confirmed,0,<a refstr=ULMER_MOLL_ET_AL__2022 href=https://ui.adsabs.harvard.edu/abs/2022arXiv220703911U/abstract target=ref>Ulmer-Moll et al. 2022</a>,54.18915,0.00015,-0.00015,0,0.313,0.013,-0.013,0,11.99360935,0.44835923,-0.44835923,0,1.07,0.04,-0.04,0,2.98,0.16,-0.15,0,,,,,0.432,0.023,-0.023,0,688,14,-13,0,88.4,0.6,-0.6,0,0,,,,,137,5,-5,0,<a refstr=ULMER_MOLL_ET_AL__2022 href=https://ui.adsabs.harvard.edu/abs/2022arXiv220703911U/abstract target=ref>Ulmer-Moll et al. 2022</a>,G1 IV,5980,80,-80,0,1.78,0.05,-0.05,0,1.47,0.09,-0.09,0,0.15,0.08,-0.08,0,[Fe/H],3.8,0.2,-0.2,0,4.1,2.7,-2.7,0,0.348,0.03,-0.031,0,8,0.8,-0.8,0,0.001934463,0.000157527,-0.000153325,37.81237230951608,1.8959340884788407,-1.895934088,0.02704108,0.002228366,-0.002065136,1.538907542878067,0.1569846943675126,-0.139601079,2.394305265537974e+76,2.394305265537974e+76,-2.39E+76,3.809635747069192,0.039975765,-0.03914359,WJ,D,1,A,7.970148047042367e-14
NGTS-21 b,NGTS-21,1,1,1,Transit,2022,Next-Generation Transit Survey (NGTS),Published Confirmed,0,<a refstr=ALVES_ET_AL__2022 href=https://ui.adsabs.harvard.edu/abs/2022arXiv221001027A/abstract target=ref>Alves et al. 2022</a>,1.5433897,1.6e-06,-1.60E-06,0,0.0236,0.0005,-0.0005,0,14.90794433,0.33626942,-0.33626942,0,1.33,0.03,-0.03,0,2.36,0.21,-0.21,0,1.25,0.15,-0.15,0,0,,,0,1357,15,-15,0,83.85,0.44,-0.44,0,0,5.89,0.12,-0.12,0,506,37,-37,0,<a refstr=ALVES_ET_AL__2022 href=https://ui.adsabs.harvard.edu/abs/2022arXiv221001027A/abstract target=ref>Alves et al. 2022</a>,K3 V,4660,41,-41,0,0.86,0.04,-0.04,0,0.72,0.04,-0.04,0,-0.26,0.07,-0.07,0,[Fe/H],4.63,0.34,-0.34,0,10.02,3.29,-7.3,0,1.62,0.1,-0.1,0,,,,,0.003127814,0.000328114,-0.000328114,5.900966401583147,0.301596355,-0.301596355,0.002393051,0.000169496,-0.000162903,0.4819508138739248,0.047020029,-0.043892675,2.348334183638519e+75,2.348334183638519e+75,-2.35E+75,3.519395759399291,0.043327588,-0.043327588,FHJ,C,0.9993712848367806,A,0.000628713
NGTS-23 b,NGTS-23,1,1,1,Transit,2022,Next-Generation Transit Survey (NGTS),Published Confirmed,0,<a refstr=JACKSON_ET_AL__2022 href=https://ui.adsabs.harvard.edu/abs/2022arXiv221101044J/abstract target=ref>Jackson et al. 2022</a>,4.0764326,4.1e-06,-4.10E-06,0,0.0504,0.012,-0.012,0,14.20177855,0.33626942,-0.33626942,0,1.267,0.03,-0.03,0,0.613,0.097,-0.097,0,,,,,0,,,0,1327,17,-16,0,89.12,0.53,-0.64,0,0,8.72,0.1,-0.13,0,78,11,-11,0,<a refstr=JACKSON_ET_AL__2022 href=https://ui.adsabs.harvard.edu/abs/2022arXiv221101044J/abstract target=ref>Jackson et al. 2022</a>,F9 V,6057,64,-64,0,1.24,0.03,-0.03,0,1.01,0.06,-0.07,0,-0.26,0.11,-0.11,0,[Fe/H],4.04,0.15,-0.15,0,6.39,1.93,-1.6,0,0.755,0.027,-0.034,0,1.46,1.08,-1.08,0,0.000579163,0.000100051,-9.79E-05,8.740141051,2.091701654660621,-2.091701655,0.002912887,0.000966307,-0.000857312,0.3105126480345589,0.079568962,-0.071725268,9.747944631849839e+74,9.747944631849839e+74,-9.75E+74,2.976094283114888,0.071733442,-0.071733442,HJ,A1,0.9999950715253032,B,4.928467675603384e-06
NGTS-24 b,NGTS-24,1,1,1,Transit,2022,Next-Generation Transit Survey (NGTS),Published Confirmed,0,<a refstr=JACKSON_ET_AL__2022 href=https://ui.adsabs.harvard.edu/abs/2022arXiv221101044J/abstract target=ref>Jackson et al. 2022</a>,3.4678796,7e-06,-7.00E-06,0,0.0479,0.0028,-0.003,0,13.60770257,0.65012088,-0.6949568,0,1.214,0.058,-0.062,0,0.52,0.12,-0.11,0,,,,,0,,,0,1499,41,-36,0,82.61,0.52,-0.61,0,0,6.37,0.29,-0.31,0,62,11,-10,0,<a refstr=JACKSON_ET_AL__2022 href=https://ui.adsabs.harvard.edu/abs/2022arXiv221101044J/abstract target=ref>Jackson et al. 2022</a>,G2 IV,5820,93,-8,0,1.64,0.03,-0.09,0,1.26,0.05,-0.21,0,0.27,0.18,-0.03,0,[Fe/H],4.09,0.05,-0.04,0,4.77,3.56,-0.91,0,0.406,0.059,-0.059,0,,,,,0.000393817,0.000112105,-8.48E-05,6.280601745215383,0.5035695726570028,-0.409791783,0.002434407,0.000499986,-0.000353446,0.2550102261083084,0.072297202,-0.044962164,6.574604862944479e+74,6.574604862944479e+74,-6.57E+74,2.9417530085196777,0.1096000966609152,-0.100807491,HJ,A1,0.9999613013974636,B,3.8698600723271224e-05
NGTS-25 b,NGTS-25,1,1,1,Transit,2022,Next-Generation Transit Survey (NGTS),Published Confirmed,0,<a refstr=JACKSON_ET_AL__2022 href=https://ui.adsabs.harvard.edu/abs/2022arXiv221101044J/abstract target=ref>Jackson et al. 2022</a>,2.823093,3.3e-06,-3.30E-06,0,0.0388,0.0014,-0.002,0,11.46678726,0.39231432,-0.582867,0,1.023,0.035,-0.052,0,0.639,0.058,-0.052,0,,,,,0,,,0,1101,15,-14,0,89.34,0.42,-0.58,0,0,9.78,0.12,-0.16,0,100,6,-6,0,<a refstr=JACKSON_ET_AL__2022 href=https://ui.adsabs.harvard.edu/abs/2022arXiv221101044J/abstract target=ref>Jackson et al. 2022</a>,K0 V,5321,58,-58,0,0.86,0.02,-0.05,0,0.91,0.03,-0.04,0,0.12,0.05,-0.05,0,[Fe/H],4.48,0.14,-0.14,0,3.49,3.49,-3.37,0,2.219,0.085,-0.11,0,1.96,0.68,-0.68,0,0.000670071,6.757676229119938e-05,-5.88E-05,9.701588829721445,0.6638432557305992,-0.548621493,0.002354136,0.000194516,-0.000206975,0.3261298589208509,0.037821175,-0.031607017,1.0753147156627431e+75,1.0753147156627431e+75,-1.08E+75,3.1799366290974356,0.059188034,-0.046175094,FHJ,A1,0.9992458618525528,B,0.000754138
NGTS-26 b,NGTS-26,1,1,1,Transit,2024,Next-Generation Transit Survey (NGTS),Published Confirmed,0,<a refstr=BOUCHY_ET_AL__2024 href=https://ui.adsabs.harvard.edu/abs/2024A&A...684A.201B/abstract target=ref>Bouchy et al. 2024</a>,4.5199279,9e-06,-9.20E-06,0,0.049,0.0038,-0.0032,0,14.88552637,0.66132986,-0.53803107,0,1.328,0.059,-0.048,0,0.292,0.065,-0.06,0,0.153,0.041,-0.036,0,0,,,0,1331,85,-72,0,86.43,0.78,-0.68,0,0,9.01,0.61,-0.55,0,36.7,8.2,-7.5,0,<a refstr=BOUCHY_ET_AL__2024 href=https://ui.adsabs.harvard.edu/abs/2024A&A...684A.201B/abstract target=ref>Bouchy et al. 2024</a>,,5550,100,-100,0,1.16,0.05,-0.02,0,0.96,0.04,-0.03,0,0.2,0.1,-0.1,0,[Fe/H],4.1,0.1,-0.1,0,11.5,1.3,-1.7,0,,,,,1.5,0.8,-0.8,0,0.000290251,6.524412750929433e-05,-6.09E-05,9.083384138030166,0.7216247594650276,-0.710759392,0.002249469,0.000369975,-0.000328406,0.2117081589324667,0.039762543,-0.036795483,4.531371353936535e+74,4.531371353936535e+74,-4.53E+74,2.613173739747777,0.1016450456914857,-0.097224841,HJ,A1,0.999997687,B,2.312612910811699e-06
NGTS-27 b,NGTS-27,1,1,1,Transit,2024,Transiting Exoplanet Survey Satellite (TESS),Published Confirmed,0,<a refstr=BOUCHY_ET_AL__2024 href=https://ui.adsabs.harvard.edu/abs/2024A&A...684A.201B/abstract target=ref>Bouchy et al. 2024</a>,3.3704181,5.9e-06,-5.70E-06,0,0.0446,0.0026,-0.0036,0,15.64773706,0.42594127,-0.39231432,0,1.396,0.038,-0.035,0,0.593,0.095,-0.072,0,0.266,0.059,-0.059,0,0,,,0,1783,104,-88,0,86.2,2.4,-2.1,0,0,5.43,0.31,-0.43,0,76.5,11.9,-8.7,0,<a refstr=BOUCHY_ET_AL__2024 href=https://ui.adsabs.harvard.edu/abs/2024A&A...684A.201B/abstract target=ref>Bouchy et al. 2024</a>,,5700,80,-80,0,1.77,0.03,-0.03,0,1.07,0.06,-0.06,0,0,0.08,-0.08,0,[Fe/H],4.05,0.08,-0.08,0,7.9,0.8,-0.8,0,,,,,1.6,0.5,-0.5,0,0.00052885,8.976308247997866e-05,-7.07E-05,5.418401496196571,0.3289506686517186,-0.446897811,0.002500759,0.000334184,-0.00033862,0.2659150769308217,0.041240392,-0.036469454,7.148919183876747e+74,7.148919183876747e+74,-7.15E+74,2.877470895153334,0.072903471,-0.057788627,HJ,A1,0.9999994041245648,B,5.958710123371673e-07
NGTS-30 b,NGTS-30,1,1,1,Transit,2024,Transiting Exoplanet Survey Satellite (TESS),Published Confirmed,0,<a refstr=BATTLEY_ET_AL__2024 href=https://ui.adsabs.harvard.edu/abs/2024arXiv240402974B/abstract target=ref>Battley et al. 2024</a>,98.29838,0.0001,-9.00E-05,0,0.408,0.019,-0.019,0,10.40193409,0.35868738,-0.35868738,0,0.928,0.032,-0.032,0,0.96,0.056,-0.056,0,,,,,0.294,0.014,-0.01,0,500,55,-84,0,89.483,0.028,-0.028,0,0,,,,,46.1,1.8,-1.8,0,<a refstr=BATTLEY_ET_AL__2024 href=https://ui.adsabs.harvard.edu/abs/2024arXiv240402974B/abstract target=ref>Battley et al. 2024</a>,,5455,80,-80,0,0.913,0.029,-0.029,0,0.94,0.06,-0.06,0,-0.03,0.08,-0.08,0,[Fe/H],4.3,0.5,-0.5,0,1.1,0.4,-0.4,0,1.458,0.157,-0.133,0,3.5,0.8,-0.8,0,0.000974552,8.426923696428076e-05,-8.43E-05,96.09459832,5.416831063098422,-5.416831063,0.028047103,0.002531075,-0.00237159,1.3390924668238289,0.1432489202611431,-0.129591602,1.81290730004488e+76,1.81290730004488e+76,-1.81E+76,3.4413623189652003,0.039228646,-0.039228646,WJ,D,1,A,4.8768208212853145e-26
NGTS-33 b,NGTS-33,1,1,1,Transit,2024,Transiting Exoplanet Survey Satellite (TESS),Published Confirmed,0,<a refstr=ALVES_ET_AL__2024 href=https://ui.adsabs.harvard.edu/abs/2024MNRAS.tmp.2511A/abstract target=ref>Alves et al. 2024</a>,2.827972,1e-06,-1.00E-06,0,0.048,0.002,-0.002,0,18.38272835,0.78462865,-0.78462865,0,1.64,0.07,-0.07,0,3.63,0.27,-0.27,0,0.19,0.03,-0.03,0,0,,,0,1991,21,-21,0,83.94,0.12,-0.12,0,0,6.99,0.07,-0.07,0,383,25,-23,0,<a refstr=ALVES_ET_AL__2024 href=https://ui.adsabs.harvard.edu/abs/2024MNRAS.tmp.2511A/abstract target=ref>Alves et al. 2024</a>,,7437,72,-72,0,1.47,0.06,-0.06,0,1.6,0.11,-0.11,0,-0.11,0.17,-0.17,0,[Fe/H],4.26,0.28,-0.28,0,0.03,0.02,-0.02,0,0.81,0.02,-0.02,0,,,,,0.002164951,0.00021928,-0.00021928,7.021558084208241,0.4095491085333709,-0.409549109,0.004305433,0.000398302,-0.000372478,0.5149615455734768,0.062013631,-0.055514749,2.681044751123582e+75,2.681044751123582e+75,-2.68E+75,3.5244059673040726,0.049172681,-0.049172681,FHJ,A1,0.999984531,C,1.5464689550987666e-05
NGTS-5 b,NGTS-5,1,1,1,Transit,2019,Next-Generation Transit Survey (NGTS),Published Confirmed,0,<a refstr=EIGM_UUML_LLER_ET_AL__2019 href=https://ui.adsabs.harvard.edu/abs/2019A&A...625A.142E/abstract target=ref>Eigm&uuml;ller et al. 2019</a>,3.3569866,2.6e-06,-2.60E-06,0,0.0382,0.0013,-0.0013,0,12.733424,0.257807,-0.257807,0,1.136,0.023,-0.023,0,0.229,0.037,-0.037,0,,,,,0,,,0,952,24,-24,0,86.6,0.2,-0.2,0,0,11.111,0.315,-0.296,0,41,5.9,-6.4,0,<a refstr=EIGM_UUML_LLER_ET_AL__2019 href=https://ui.adsabs.harvard.edu/abs/2019A&A...625A.142E/abstract target=ref>Eigm&uuml;ller et al. 2019</a>,K2 V,4987,41,-41,0,0.739,0.014,-0.012,0,0.661,0.068,-0.061,0,0.12,0.1,-0.1,0,[Fe/H],4.52,0.037,-0.037,0,,,,,,,,,,,,,0.000330594,6.151360209619951e-05,-6.33E-05,11.115487501709223,0.4191312587715129,-0.432938169,0.001831421,0.000224568,-0.000216823,0.2156961090547318,0.034971918,-0.032700319,4.703694270528109e+74,4.703694270528109e+74,-4.70E+74,2.643265857953244,0.072339966,-0.072339966,HJ,A1,0.9999159924046446,B,8.400756981959766e-05
NGTS-6 b,NGTS-6,1,1,1,Transit,2019,Next-Generation Transit Survey (NGTS),Published Confirmed,0,<a refstr=VINES_ET_AL__2019 href=https://ui.adsabs.harvard.edu/abs/2019MNRAS.489.4125V/abstract target=ref>Vines et al. 2019</a>,0.882059,8e-07,-8.00E-07,0,0.01677,0.00032,-0.00032,0,14.863134,1.087273,-1.255408,0,1.326,0.097,-0.112,0,1.339,0.028,-0.028,0,0.711,0.214,-0.136,0,0,,,0,1283.9,12.49,-12.14,0,78.231,0.262,-0.21,0,0,4.784,0.043,-0.048,0,322,8,-8,0,<a refstr=VINES_ET_AL__2019 href=https://ui.adsabs.harvard.edu/abs/2019MNRAS.489.4125V/abstract target=ref>Vines et al. 2019</a>,,4730,44,-40,0,0.754,0.013,-0.013,0,0.767,0.025,-0.025,0,0.11,0.09,-0.09,0,[Fe/H],4.7,1.1,-0.7,0,9.77,0.25,-0.54,0,3.9304,0.0815,-0.0812,0,2.851,0.431,-0.431,0,0.001665891,6.451276953842038e-05,-6.45E-05,4.782679811452618,0.1229973016932302,-0.122997302,0.001378399,5.173614113760739e-05,-5.01E-05,0.2969409950597657,0.024889191,-0.020500259,8.914454713211697e+74,8.914454713211697e+74,-8.91E+74,3.275880567237856,0.073924932,-0.064185042,FHJ,A1,0.9999667607788816,B,1.970748646781455e-05
NGTS-8 b,NGTS-8,1,1,1,Transit,2019,Next-Generation Transit Survey (NGTS),Published Confirmed,0,<a refstr=COSTES_ET_AL__2020 href=https://ui.adsabs.harvard.edu/abs/2020MNRAS.491.2834C/abstract target=ref>Costes et al. 2020</a>,2.4997,1e-05,-1.00E-05,0,0.035,0.001,-0.001,0,12.21781,0.33627,-0.33627,0,1.09,0.03,-0.03,0,0.93,0.04,-0.03,0,0.89,0.08,-0.07,0,0.01,0.014,-0.01,0,1345,19,-19,0,86.9,0.5,-0.5,0,0,7.6,0.18,-0.18,0,149.95,3.56,-3.56,0,<a refstr=COSTES_ET_AL__2020 href=https://ui.adsabs.harvard.edu/abs/2020MNRAS.491.2834C/abstract target=ref>Costes et al. 2020</a>,K0 V,5241,50,-50,0,0.98,0.02,-0.02,0,0.89,0.05,-0.04,0,0.24,0.09,-0.09,0,[Fe/H],4.41,0.03,-0.03,0,12.48,3.23,-3.68,0,,,,,3.56,0.67,-0.67,0,0.000997136,6.203012512573505e-05,-6.46E-05,7.679829154602765,0.2696505648294285,-0.269650565,0.002424445,0.000143585,-0.000136931,0.3660581056363618,0.027362865,-0.025359341,1.354735526157538e+75,1.354735526157538e+75,-1.35E+75,3.2878169910360437,0.030338424,-0.027708637,FHJ,A1,0.999864407,B,0.000135593
NGTS-9 b,NGTS-9,1,1,1,Transit,2019,Next-Generation Transit Survey (NGTS),Published Confirmed,0,<a refstr=COSTES_ET_AL__2020 href=https://ui.adsabs.harvard.edu/abs/2020MNRAS.491.2834C/abstract target=ref>Costes et al. 2020</a>,4.43527,2e-05,-2.00E-05,0,0.058,0.003,-0.002,0,11.99363,0.67254,-0.67254,0,1.07,0.06,-0.06,0,2.9,0.17,-0.17,0,2.93,0.53,-0.49,0,0.06,0.076,-0.052,0,1448,36,-36,0,84.1,0.4,-0.4,0,0,9.06,0.31,-0.31,0,293.44,15.08,-15.08,0,<a refstr=COSTES_ET_AL__2020 href=https://ui.adsabs.harvard.edu/abs/2020MNRAS.491.2834C/abstract target=ref>Costes et al. 2020</a>,F8 V,6330,130,-130,0,1.38,0.04,-0.04,0,1.34,0.05,-0.05,0,0.31,0.15,-0.15,0,[Fe/H],4.37,0.2,-0.2,0,0.96,0.6,-0.6,0,,,,,6.38,1.05,-1.05,0,0.002065164,0.000143506,-0.000143506,9.037711990633978,0.5358643860150409,-0.407120615,0.005121208,0.000438168,-0.000333981,0.6844653876662379,0.073171911,-0.061001219,4.7364989661764144e+75,4.7364989661764144e+75,-4.74E+75,3.7978174808918927,0.054958252,-0.054958252,HJ,A2,0.9999944808040948,B,5.001258849346723e-06
OGLE-TR-132 b,OGLE-TR-132,1,1,1,Transit,2004,OGLE,Published Confirmed,0,<a refstr=TORRES_ET_AL__2008 href=https://ui.adsabs.harvard.edu/abs/2008ApJ...677.1324T/abstract target=ref> Torres et al. 2008 </a>,1.689868,,,0,0.03035,0.00057,-0.00053,0,13.45,1.68,-1.23,0,1.2,0.15,-0.11,0,1.18,0.14,-0.13,0,0.85,0.32,-0.26,0,,,,,2013,77,-108,0,83.4,2.9,-1.3,0,0,4.76,0.57,-0.3,0,167,18,-18,0,<a refstr=TORRES_ET_AL__2008 href=https://ui.adsabs.harvard.edu/abs/2008ApJ...677.1324T/abstract target=ref> Torres et al. 2008 </a>,,6210,75,-75,0,1.32,0.17,-0.12,0,1.305,0.075,-0.067,0,0.37,0.1,-0.1,0,[Fe/H],4.313,0.063,-0.09,0,1.2,1.5,-1.1,0,0.72,0.29,-0.13,0,,,,,0.000862845,0.000111545,-0.000107216,4.944180920895022,0.4589623423347088,-0.642577521,0.002003377,0.000152898,-0.00014504,0.3022089042739799,0.045339998,-0.043134311,9.233555765601076e+74,9.233555765601076e+74,-9.23E+74,3.3077065535742314,0.094838943,-0.118648519,UHJ,A1,0.9998978122067578,B,0.000102188
Qatar-1 b,Qatar-1,1,1,1,Transit,2010,Qatar,Published Confirmed,0,<a refstr=COLLINS_ET_AL__2017 href=https://ui.adsabs.harvard.edu/abs/2017AJ....153...78C/abstract target=ref>Collins et al. 2017</a>,1.4200242,2.2e-07,-2.20E-07,0,0.02332,0.0004,-0.0004,0,12.811887,0.291434,-0.280225,0,1.143,0.026,-0.025,0,1.294,0.052,-0.049,0,1.076,0.057,-0.053,0,0,,,0,1418,28,-27,0,84.08,0.16,-0.15,0,1,6.247,0.067,-0.065,0,261.6,5.5,-5.5,0,<a refstr=COLLINS_ET_AL__2017 href=https://ui.adsabs.harvard.edu/abs/2017AJ....153...78C/abstract target=ref>Collins et al. 2017</a>,,5013,93,-88,0,0.803,0.016,-0.016,0,0.838,0.043,-0.041,0,0.171,0.097,-0.094,0,[Fe/H],4.552,0.012,-0.011,0,,,,,2.286,0.074,-0.07,0,1.76,0.21,-0.21,0,0.001473505,9.329309601299648e-05,-9.40E-05,6.244858337222193,0.1641852105737343,-0.164185211,0.001839947,8.827461712961298e-05,-8.42E-05,0.3547064374660559,0.023572877,-0.022062543,1.2720160900040578e+75,1.2720160900040578e+75,-1.27E+75,3.390028853905474,0.025797444,-0.025706595,FHJ,A1,0.9998291521763027,B,0.000170536
Qatar-10 b,Qatar-10,1,1,1,Transit,2019,Qatar,Published Confirmed,0,<a refstr=ALSUBAI_ET_AL__2019 href=https://ui.adsabs.harvard.edu/abs/2019AJ....157..224A/abstract target=ref>Alsubai et al. 2019</a>,1.645321,1e-05,-1.00E-05,0,0.0286,0.0006,-0.0006,0,17.295487,0.44836,-0.44836,0,1.543,0.04,-0.04,0,0.736,0.09,-0.09,0,0.248,0.036,-0.036,0,0,,,0,1955,25,-25,0,85.87,0.96,-0.96,0,0,4.9,0.12,-0.12,0,114,13,-13,0,<a refstr=ALSUBAI_ET_AL__2019 href=https://ui.adsabs.harvard.edu/abs/2019AJ....157..224A/abstract target=ref>Alsubai et al. 2019</a>,F7 V,6124,46,-46,0,1.254,0.026,-0.026,0,1.156,0.068,-0.068,0,0.016,0.089,-0.089,0,[Fe/H],4.303,0.027,-0.027,0,3.2,1.9,-1.9,0,0.823,0.062,-0.062,0,5.9,0.5,-0.5,0,0.000607549,8.244162799867583e-05,-8.24E-05,4.904311951360362,0.1446567243215292,-0.144656724,0.001679523,0.000138837,-0.000134903,0.2170915039841318,0.025608786,-0.024007235,4.764750000317205e+74,4.764750000317205e+74,-4.76E+74,2.884333000574558,0.057682994,-0.057682994,FHJ,A1,0.9999998731503714,B,1.2684223270109818e-07
Qatar-3 b,Qatar-3,1,1,1,Transit,2017,Qatar,Published Confirmed,0,<a refstr=ALSUBAI_ET_AL__2017 href=https://ui.adsabs.harvard.edu/abs/2017AJ....153..200A/abstract target=ref>Alsubai et al. 2017</a>,2.5079204,,,0,0.03783,0.00069,-0.00069,0,12.285064,1.56926,-1.56926,0,1.096,0.14,-0.14,0,4.31,0.47,-0.47,0,4,1.2,-1.2,0,0,,,0,1681,84,-84,0,86.8,2,-2,0,0,6.39,0.59,-0.59,0,587,58,-58,0,<a refstr=ALSUBAI_ET_AL__2017 href=https://ui.adsabs.harvard.edu/abs/2017AJ....153..200A/abstract target=ref>Alsubai et al. 2017</a>,G0 V,6007,52,-52,0,1.272,0.14,-0.14,0,1.145,0.064,-0.064,0,-0.041,0.081,-0.081,0,[Fe/H],4.286,0.079,-0.079,0,0.31,0.001,-0.001,0,0.78,0.2,-0.2,0,10.2,0.5,-0.5,0,0.003591974,0.000440158,-0.000440158,6.395269051667793,0.713481608,-0.713481608,0.004017048,0.000298809,-0.000290355,0.7203301104327943,0.1231951218996624,-0.102958066,5.245870943417874e+75,5.245870943417874e+75,-5.25E+75,3.949043200227387,0.1206360476679704,-0.120636048,FHJ,C,0.9996330437442884,A,0.000366953
Qatar-4 b,Qatar-4,1,1,1,Transit,2017,Qatar,Published Confirmed,0,<a refstr=ALSUBAI_ET_AL__2017 href=https://ui.adsabs.harvard.edu/abs/2017AJ....153..200A/abstract target=ref>Alsubai et al. 2017</a>,1.8053564,,,0,0.02803,0.00048,-0.00048,0,12.722215,1.23299,-1.23299,0,1.135,0.11,-0.11,0,6.1,0.54,-0.54,0,5.1,1,-1,0,0,,,0,1385,48,-48,0,87.5,1.6,-1.6,0,0,7.11,0.48,-0.48,0,1087,88,-88,0,<a refstr=ALSUBAI_ET_AL__2017 href=https://ui.adsabs.harvard.edu/abs/2017AJ....153..200A/abstract target=ref>Alsubai et al. 2017</a>,K1 V,5215,50,-50,0,0.849,0.063,-0.063,0,0.896,0.048,-0.048,0,0.103,0.081,-0.081,0,[Fe/H],4.533,0.058,-0.058,0,0.17,0.01,-0.01,0,2.07,0.038,-0.038,0,7.1,0.5,-0.5,0,0.006496557,0.000672213,-0.000672213,7.0994547864528075,0.5406607951551097,-0.540660795,0.003626412,0.00023816,-0.000230139,0.8194214240152294,0.1132003983034928,-0.097964662,6.788426075914438e+75,6.788426075914438e+75,-6.79E+75,4.06952515,0.092544149,-0.092544149,FHJ,C,1,A,1.198687472944992e-23
Qatar-5 b,Qatar-5,1,1,1,Transit,2017,Qatar,Published Confirmed,0,<a refstr=ALSUBAI_ET_AL__2017 href=https://ui.adsabs.harvard.edu/abs/2017AJ....153..200A/abstract target=ref>Alsubai et al. 2017</a>,2.8792319,,,0,0.04127,0.00067,-0.00067,0,12.408363,0.717376,-0.717376,0,1.107,0.064,-0.064,0,4.32,0.18,-0.18,0,3.95,0.58,-0.58,0,0,,,0,1415,31,-31,0,88.74,0.87,-0.87,0,0,8.27,0.34,-0.34,0,568,15,-15,0,<a refstr=ALSUBAI_ET_AL__2017 href=https://ui.adsabs.harvard.edu/abs/2017AJ....153..200A/abstract target=ref>Alsubai et al. 2017</a>,G2 V,5747,49,-49,0,1.076,0.051,-0.051,0,1.128,0.056,-0.056,0,0.377,0.08,-0.08,0,[Fe/H],4.427,0.035,-0.035,0,0.53,0.004,-0.004,0,1.286,0.15,-0.15,0,4.5,0.5,-0.5,0,0.003654568,0.000236865,-0.000236865,8.247679719231199,0.413216925,-0.413216925,0.00440764,0.000210649,-0.000201126,0.7551157544460101,0.065923094,-0.059304142,5.764763919211209e+75,5.764763919211209e+75,-5.76E+75,3.9413755434208224,0.053377432,-0.053377432,FHJ,C,0.999728781,A,0.000271218
Qatar-7 b,Qatar-7,1,1,1,Transit,2019,Qatar,Published Confirmed,0,<a refstr=ALSUBAI_ET_AL__2019 href=https://ui.adsabs.harvard.edu/abs/2019AJ....157...74A/abstract target=ref>Alsubai et al. 2019</a>,2.032046,9.7e-06,-1.40E-05,0,0.0352,0.0002,-0.0002,0,19.0553,0.33627,-0.33627,0,1.7,0.03,-0.03,0,1.88,0.25,-0.25,0,0.502,0.071,-0.071,0,0,,,0,2053,15,-15,0,89,1,-1,0,0,4.84,0.05,-0.05,0,239,32,-32,0,<a refstr=ALSUBAI_ET_AL__2019 href=https://ui.adsabs.harvard.edu/abs/2019AJ....157...74A/abstract target=ref>Alsubai et al. 2019</a>,F4 V,6387,38,-38,0,1.564,0.021,-0.021,0,1.409,0.026,-0.026,0,0.276,0.071,-0.071,0,[Fe/H],4.196,0.029,-0.029,0,1.69,0.25,-0.25,0,0.521,0.016,-0.016,0,13.8,0.5,-0.5,0,0.001273234,0.000170935,-0.000170935,4.839667273,0.070561343,-0.070561343,0.00264528,0.000145351,-0.000152446,0.3321643985686529,0.028916813,-0.029220921,1.1154770248860892e+75,1.1154770248860892e+75,-1.12E+75,3.207447044870488,0.059751433,-0.059751433,UHJ,A1,0.9999999944497436,B,4.381151817086338e-09
Qatar-8 b,Qatar-8,1,1,1,Transit,2019,Qatar,Published Confirmed,0,<a refstr=ALSUBAI_ET_AL__2019 href=https://ui.adsabs.harvard.edu/abs/2019AJ....157..224A/abstract target=ref>Alsubai et al. 2019</a>,3.71495,0.001,-0.001,0,0.0474,0.0008,-0.0008,0,14.403565,0.246598,-0.246598,0,1.285,0.022,-0.022,0,0.371,0.062,-0.062,0,0.216,0.037,-0.037,0,0,,,0,1457,14,-14,0,89.29,0.7,-0.7,0,0,7.761,0.1,-0.1,0,47.7,8,-8,0,<a refstr=ALSUBAI_ET_AL__2019 href=https://ui.adsabs.harvard.edu/abs/2019AJ....157..224A/abstract target=ref>Alsubai et al. 2019</a>,G0 V,5738,51,-51,0,1.315,0.02,-0.02,0,1.029,0.051,-0.051,0,0.025,0.071,-0.071,0,[Fe/H],4.214,0.016,-0.016,0,8.3,2.1,-2.1,0,0.641,0.024,-0.024,0,2.7,0.5,-0.5,0,0.000344049,5.99713398907936e-05,-6.00E-05,7.751079280599839,0.1761000405902989,-0.176100041,0.002302915,0.000204792,-0.00020682,0.2304621760165572,0.029301935,-0.028623072,5.369746459095922e+74,5.369746459095922e+74,-5.37E+74,2.745754692643775,0.074085328,-0.074085328,HJ,A1,0.9999933920213286,B,6.607975115218163e-06
Qatar-9 b,Qatar-9,1,1,1,Transit,2019,Qatar,Published Confirmed,0,<a refstr=ALSUBAI_ET_AL__2019 href=https://ui.adsabs.harvard.edu/abs/2019AJ....157..224A/abstract target=ref>Alsubai et al. 2019</a>,1.540731,3.8e-05,-3.80E-05,0,0.0234,0.0003,-0.0003,0,11.309881,0.156926,-0.156926,0,1.009,0.014,-0.014,0,1.19,0.16,-0.16,0,1.43,0.2,-0.2,0,0,,,0,1134,9,-9,0,89.23,0.64,-0.64,0,0,7.236,0.069,-0.069,0,259,35,-35,0,<a refstr=ALSUBAI_ET_AL__2019 href=https://ui.adsabs.harvard.edu/abs/2019AJ....157..224A/abstract target=ref>Alsubai et al. 2019</a>,K5 V,4309,31,-31,0,0.696,0.008,-0.008,0,0.719,0.024,-0.024,0,0.252,0.076,-0.076,0,[Fe/H],4.61,0.01,-0.01,0,7.5,4.5,-4.5,0,3.015,0.086,-0.086,0,4.3,0.5,-0.5,0,0.001579354,0.000218796,-0.000218796,7.229632273126051,0.1244848206028003,-0.124484821,0.001889449,0.000129125,-0.000131223,0.3915201918562436,0.038332745,-0.037950392,1.549754098692206e+75,1.549754098692206e+75,-1.55E+75,3.4619516672820656,0.059623264,-0.059623264,FHJ,A1,0.9988913600677988,B,0.001107352
TIC 237913194 b,TIC 237913194,1,1,1,Transit,2020,Transiting Exoplanet Survey Satellite (TESS),Published Confirmed,0,<a refstr=SCHLECKER_ET_AL__2020 href=https://ui.adsabs.harvard.edu/abs/2020AJ....160..275S/abstract target=ref>Schlecker et al. 2020</a>,15.168865,1.8e-05,-1.80E-05,0,0.1207,0.0037,-0.0037,0,12.520453,0.605286,-0.526823,0,1.117,0.054,-0.047,0,1.942,0.092,-0.091,0,1.847,0.28,-0.26,0,0.575,0.011,-0.011,0,974,,,0,87,1.5,-1.7,0,0,23.85,0.67,-0.69,0,191.3,6.4,-6.2,0,<a refstr=SCHLECKER_ET_AL__2020 href=https://ui.adsabs.harvard.edu/abs/2020AJ....160..275S/abstract target=ref>Schlecker et al. 2020</a>,G3,5788,80,-80,0,1.088,0.012,-0.012,0,1.026,0.057,-0.055,0,0.14,0.05,-0.05,0,[Fe/H],4.376,0.021,-0.021,0,5.7,1.7,-1.7,0,1.076,0.095,-0.093,0,2.18,0.41,-0.41,0,0.001806189,0.000129214,-0.000131271,23.855469311484836,0.7771712227447463,-0.777171223,0.010191887,0.000673478,-0.000642872,0.903775917,0.082428502,-0.077954298,8.258021195314598e+75,8.258021195314598e+75,-8.26E+75,3.586329917704124,0.041940738,-0.046662392,WJ,A2,0.9999998631462532,B,1.337690885075711e-07
TIC 279401253 b,TIC 279401253,1,1,2,Transit,2023,Transiting Exoplanet Survey Satellite (TESS),Published Confirmed,0,<a refstr=BOZHILOV_ET_AL__2023 href=https://ui.adsabs.harvard.edu/abs/2023arXiv230210838B/abstract target=ref>Bozhilov et al. 2023</a>,76.8,0.06,-0.06,0,0.369,0.003,-0.003,0,11.2089807,0.44835923,-0.44835923,0,1,0.04,-0.04,0,6.14,0.39,-0.42,0,,,,,0.448,0.029,-0.028,0,,,,,89.59,0.27,-0.25,0,0,71.9,5.2,-4.4,0,302,22.6,-21,0,<a refstr=BOZHILOV_ET_AL__2023 href=https://ui.adsabs.harvard.edu/abs/2023arXiv230210838B/abstract target=ref>Bozhilov et al. 2023</a>,,5951,80,-80,0,1.06,0.01,-0.01,0,1.13,0.02,-0.03,0,0.2,0.05,-0.05,0,[Fe/H],4.438,0.015,-0.015,0,1.2,1,-0.8,0,,,,,5,0.5,-0.5,0,0.005185031,0.000356953,-0.000366357,74.85659889184505,0.93225131,-0.93225131,0.044282935,0.00169645,-0.001635406,2.829703491347643,0.2012472980875004,-0.185738192,8.09536295811069e+76,8.09536295811069e+76,-8.10E+76,4.182355409504524,0.044362975,-0.045712655,WJ,D,1,B,5.505325157638402e-50
TIC 365102760 b,TIC 365102760,1,1,1,Transit,2024,Transiting Exoplanet Survey Satellite (TESS),Published Confirmed,0,<a refstr=GRUNBLATT_ET_AL__2024 href=https://ui.adsabs.harvard.edu/abs/2024AJ....168....1G/abstract target=ref>Grunblatt et al. 2024</a>,4.21285367,7.4e-07,-7.40E-07,0,0.0622,0.0049,-0.0049,0,6.21,0.76,-0.76,0,0.55402005,0.06780278,-0.06780278,0,0.06040996,0.01321468,-0.01321468,0,0.437,0.229,-0.15,0,0.406,,,1,,,,,,,,,0,4.14,0.35,-0.35,0,7.4,1.6,-1.6,0,<a refstr=GRUNBLATT_ET_AL__2024 href=https://ui.adsabs.harvard.edu/abs/2024AJ....168....1G/abstract target=ref>Grunblatt et al. 2024</a>,,4900,90,-90,0,3.13,0.12,-0.12,0,1.17,0.12,-0.12,0,0.09,0.14,-0.14,0,[Fe/H],3.52,0.05,-0.05,0,6.3,2.5,-1.8,0,0.057803,0.008459,-0.008459,0,,,,,4.927017574437183e-05,1.1903715928238725e-05,-1.19E-05,4.2732237877495765,0.37438531,-0.37438531,0.001581047,0.00030773,-0.00028256,0.1521516191052326,0.044431307,-0.036118707,2.3404944757608824e+74,2.3404944757608824e+74,-2.34E+74,2.6882446222452594,0.1425665297668115,-0.14256653,HS,B,0.9744773379713236,A,0.025522662
TIC 393818343 b,TIC 393818343,1,1,1,Transit,2024,Transiting Exoplanet Survey Satellite (TESS),Published Confirmed,0,<a refstr=SGRO_ET_AL__2024 href=https://ui.adsabs.harvard.edu/abs/2024arXiv240515021S/abstract target=ref>Sgro et al. 2024</a>,16.24921,0.0001,-0.00011,0,0.1291,0.0021,-0.0022,0,12.18416202,0.25780656,-0.23538859,0,1.087,0.023,-0.021,0,4.34,0.15,-0.15,0,4.22,0.16,-0.24,0,0.6058,0.0023,-0.0023,0,805.5,9.6,-9.4,0,89.57,0.3,-0.38,0,0,25.6,0.28,-0.42,0,414.8,2.8,-2.8,0,<a refstr=SGRO_ET_AL__2024 href=https://ui.adsabs.harvard.edu/abs/2024arXiv240515021S/abstract target=ref>Sgro et al. 2024</a>,,5756,67,-66,0,1.086,0.02,-0.02,0,1.082,0.055,-0.056,0,0.318,0.058,-0.058,0,[Fe/H],4.402,0.013,-0.018,0,3.8,2.6,-2.1,0,1.198,0.04,-0.058,0,,,,,0.003827577,0.00023821,-0.000235277,25.562657852723824,0.6281106446528512,-0.641390547,0.01400212,0.000647068,-0.000622014,1.379311532,0.087318552,-0.082195328,1.9234424577445844e+76,1.9234424577445844e+76,-1.92E+76,3.9592176797032774,0.022514207,-0.023729278,WJ,A2,0.8616602173455831,C,0.138339775
TIC 46432937 b,TIC 46432937,1,1,1,Transit,2024,Transiting Exoplanet Survey Satellite (TESS),Published Confirmed,0,<a refstr=HARTMAN_ET_AL__2024 href=https://ui.adsabs.harvard.edu/abs/2024arXiv240707187H/abstract target=ref>Hartman et al. 2024</a>,1.44044527,8.7e-08,-8.70E-08,0,0.02065,0.00035,-0.00035,0,13.31626907,0.33626942,-0.33626942,0,1.188,0.03,-0.03,0,3.2,0.11,-0.11,0,2.37,0.15,-0.15,0,0.009,,,1,872,14,-14,0,84.35,0.09,-0.14,0,0,8.381,0.056,-0.056,0,837.1,4.4,-4.4,0,<a refstr=HARTMAN_ET_AL__2024 href=https://ui.adsabs.harvard.edu/abs/2024arXiv240707187H/abstract target=ref>Hartman et al. 2024</a>,,3572,57,-57,0,0.5299,0.0091,-0.0091,0,0.563,0.029,-0.029,0,0.323,0.081,-0.081,0,[Fe/H],4.74,0.01,-0.01,0,7.4,5.1,-5.1,0,5.34,0.11,-0.11,0,,,,,0.005423792,0.000335877,-0.000335877,8.379840002248196,0.2021934831743229,-0.202193483,0.002515633,0.000117634,-0.000111888,0.6281384566827412,0.041871906,-0.038717538,3.989010966395378e+75,3.989010966395378e+75,-3.99E+75,3.749704135392912,0.026532517,-0.026532517,FHJ,C,1,A,6.947738271006721e-19
TOI-1052 b,TOI-1052,1,1,2,Transit,2023,Transiting Exoplanet Survey Satellite (TESS),Published Confirmed,0,<a refstr=ARMSTRONG_ET_AL__2023 href=https://ui.adsabs.harvard.edu/abs/2023MNRAS.tmp.2090A/abstract target=ref>Armstrong et al. 2023</a>,9.139703,0.00019,-0.000197,0,0.09103,0.00062,-0.00063,0,2.87,0.29,-0.24,0,0.25604469,0.02587211,-0.0214114,0,0.05317335,0.0053488,-0.0053488,0,3.93,1.7,-1.3,0,0.18,0.09,-0.071,0,1135,,,0,87.53,0.24,-0.2,0,0,15.51,0.43,-0.41,0,4.7,0.46,-0.46,0,<a refstr=ARMSTRONG_ET_AL__2023 href=https://ui.adsabs.harvard.edu/abs/2023MNRAS.tmp.2090A/abstract target=ref>Armstrong et al. 2023</a>,,6146,62,-62,0,1.264,0.033,-0.033,0,1.204,0.025,-0.025,0,0.14,0.013,-0.013,0,[Fe/H],4.3,0.02,-0.02,0,2.3,1,-1,0,,,,,5,0.9,-0.9,0,4.214334082470198e-05,4.328645827875463e-06,-4.33E-06,15.48627828,0.4178413225860279,-0.418274005,0.002196446,0.000102779,-0.000105313,0.2504095778176772,0.027854687,-0.027177796,6.339519411780355e+74,6.339519411780355e+74,-6.34E+74,3.3032495134996043,0.084760199,-0.098038362,HSubN,B,0.999993233,A,6.766547276069623e-06
TOI-1062 b,TOI-1062,1,1,2,Transit,2021,Transiting Exoplanet Survey Satellite (TESS),Published Confirmed,0,<a refstr=OTEGI_ET_AL__2021 href=https://ui.adsabs.harvard.edu/abs/2021A&A...653A.105O/abstract target=ref>Otegi et al. 2021</a>,4.11296,0.0015,-0.0015,0,0.052,0.024,-0.025,0,2.265,0.096,-0.091,0,0.20207011,0.00856456,-0.00811849,0,0.03193547,0.00254855,-0.00264294,0,4.85,0.84,-0.74,0,0.177,0.067,-0.064,0,1077,10,-9,0,85.913,0.062,-0.041,0,0,,,,,4.27,0.31,-0.33,0,<a refstr=OTEGI_ET_AL__2021 href=https://ui.adsabs.harvard.edu/abs/2021A&A...653A.105O/abstract target=ref>Otegi et al. 2021</a>,G9 V,5328,56,-56,0,0.84,0.09,-0.09,0,0.94,0.02,-0.02,0,0.14,0.04,-0.04,0,[Fe/H],4.55,0.09,-0.09,0,2.5,0.3,-0.3,0,2.22,0.1,-0.1,0,2.13,0.5,-0.5,0,3.241954262272285e-05,2.6775541003531432e-06,-2.77E-06,13.311703867978125,6.307238458489906,-6.556857334,0.001149649,0.000586567,-0.000573715,0.186855612,0.055335335,-0.061875024,3.529935384721697e+74,3.529935384721697e+74,-3.53E+74,3.2874561947355594,0.049183105,-0.051449988,HSubN,B,0.9999995883286332,A,4.116713668234375e-07
TOI-1064 b,TOI-1064,1,1,2,Transit,2022,Transiting Exoplanet Survey Satellite (TESS),Published Confirmed,0,<a refstr=WILSON_ET_AL__2022 href=https://ui.adsabs.harvard.edu/abs/2022MNRAS.tmp..107W/abstract target=ref>Wilson et al. 2022</a>,6.443868,2.5e-05,-2.50E-05,0,0.06152,0.00086,-0.00089,0,2.587,0.043,-0.042,0,0.23079708,0.00383621,-0.003747,0,0.04247575,0.0053488,-0.00566343,0,4.30062,0.551362,-0.606498,0,0.047,0.038,-0.03,0,784,13,-13,0,87.709,0.083,-0.097,0,0,,,,,5.62,0.67,-0.75,0,<a refstr=WILSON_ET_AL__2022 href=https://ui.adsabs.harvard.edu/abs/2022MNRAS.tmp..107W/abstract target=ref>Wilson et al. 2022</a>,,4734,67,-67,0,0.726,0.007,-0.007,0,0.748,0.032,-0.032,0,0.05,0.08,-0.08,0,[Fe/H],4.6,0.06,-0.06,0,9.4,3.8,-3.8,0,2.706866,0.070491,-0.056393,0,2.7,0.7,-0.7,0,5.418772063192479e-05,7.206669876319688e-06,-7.59E-06,18.22171695392911,0.3094386513043403,-0.316793435,0.001614146,0.000113566,-0.000118483,0.2458643273876224,0.024851454,-0.025175145,6.111467498322195e+74,6.111467498322195e+74,-6.11E+74,3.295867474550512,0.056477749,-0.059678546,HSubN,B,0.9999955717629688,A,4.428237031007243e-06
TOI-1107 b,TOI-1107,1,1,1,Transit,2022,Transiting Exoplanet Survey Satellite (TESS),Published Confirmed,0,<a refstr=PSARIDI_ET_AL__2022 href=https://ui.adsabs.harvard.edu/abs/2022arXiv220510854P/abstract target=ref>Psaridi et al. 2022</a>,4.0782387,2.4e-06,-2.50E-06,0,0.0561,0.0024,-0.0025,0,14.57167491,0.56044903,-0.56044903,0,1.3,0.05,-0.05,0,3.35,0.18,-0.18,0,1.89,0.23,-0.22,0,0.025,0.023,-0.016,0,1728,27,-27,0,88.63,0.89,-0.96,0,0,,,,,349,13,-13,0,<a refstr=PSARIDI_ET_AL__2022 href=https://ui.adsabs.harvard.edu/abs/2022arXiv220510854P/abstract target=ref>Psaridi et al. 2022</a>,F6 V,6311,98,-98,0,1.81,0.06,-0.06,0,1.35,0.08,-0.08,0,-0.1,0.09,-0.09,0,[Fe/H],4.05,0.04,-0.04,0,2.6,0.2,-0.2,0,0.337,0.024,-0.026,0,12.31,0.79,-0.79,0,0.00236795,0.000189417,-0.000189417,6.664903666325979,0.3607098579690694,-0.370172462,0.005184576,0.00043012,-0.000413834,0.6539552903617064,0.066805582,-0.061084701,4.323650482007085e+75,4.323650482007085e+75,-4.32E+75,3.691345140786527,0.040750194,-0.040750194,HJ,A2,0.9999232742460388,C,7.656499180947692e-05
TOI-1130 b,TOI-1130,1,1,2,Transit,2020,Transiting Exoplanet Survey Satellite (TESS),Published Confirmed,0,<a refstr=BORSATO_ET_AL__2024 href=https://ui.adsabs.harvard.edu/abs/2024arXiv240706097B/abstract target=ref>Borsato et al. 2024</a>,4.074554,1e-06,-0.000441,0,0.0453,0.0001,-0.0002,0,3.66,0.03,-0.04,0,0.32652389,0.00267643,-0.00356857,0,0.06229777,0.00062927,-0.00094391,0,2.23,0.06,-0.06,0,0.052162,0.000956,-2.00E-06,0,825,23,-23,0,87.49,0.02,-0.08,0,1,,,,,9.67,0.05,-0.08,0,<a refstr=BORSATO_ET_AL__2024 href=https://ui.adsabs.harvard.edu/abs/2024arXiv240706097B/abstract target=ref>Borsato et al. 2024</a>,,4360,108,-108,0,0.697,0.005,-0.004,0,0.745,0.007,-0.009,0,0.11,0.1,-0.1,0,[Fe/H],4.55,0.07,-0.07,0,5.4,5.7,-4.9,0,3.101618,0.056393,-0.056393,0,2.5,0.9,-0.9,0,7.979536272316532e-05,1.2565417247607884e-06,-1.42E-06,13.975746484502364,0.085934176,-0.117722646,0.001352229,1.3052852759730829e-05,-1.70E-05,0.2152447254852026,0.003843599,-0.003967368,4.684028187927473e+74,4.684028187927473e+74,-4.68E+74,3.1608296158336606,0.010457392,-0.009694757,HN,B,0.999975334,A,2.4666159956377486e-05
TOI-1130 c,TOI-1130,1,1,2,Transit,2020,Transiting Exoplanet Survey Satellite (TESS),Published Confirmed,0,<a refstr=BORSATO_ET_AL__2024 href=https://ui.adsabs.harvard.edu/abs/2024arXiv240706097B/abstract target=ref>Borsato et al. 2024</a>,8.3501898,9.38e-05,-1.00E-06,0,0.0731,0.0002,-0.0003,0,13,0.4,-0.4,0,1.15978431,0.03568567,-0.03568567,0,1.05717423,0.0062927,-0.01573176,0,0.827042,0.055136,-0.110272,0,0.0398,0.0009,-0.0002,0,650,18,-18,0,87.61,0.04,-0.04,0,1,,,,,128.59,0.01,-0.8,0,<a refstr=BORSATO_ET_AL__2024 href=https://ui.adsabs.harvard.edu/abs/2024arXiv240706097B/abstract target=ref>Borsato et al. 2024</a>,,4360,108,-108,0,0.697,0.005,-0.004,0,0.745,0.007,-0.009,0,0.11,0.1,-0.1,0,[Fe/H],4.55,0.07,-0.07,0,5.4,5.7,-4.9,0,3.101618,0.056393,-0.056393,0,2.5,0.9,-0.9,0,0.001354103,1.8236212700012977e-05,-2.38E-05,22.552473907662755,0.1433818299010363,-0.186386476,0.005607391,4.934700664862429e-05,-6.81E-05,0.5976514882543028,0.015765285,-0.017304336,3.6111911266001827e+75,3.6111911266001827e+75,-3.61E+75,3.289579148153454,0.026850545,-0.027496105,HJ,A2,0.999994677,B,5.320945505662164e-06
TOI-1194 b,TOI-1194,1,1,1,Transit,2023,Transiting Exoplanet Survey Satellite (TESS),Published Confirmed,0,<a refstr=POLANSKI_ET_AL__2024 href=https://ui.adsabs.harvard.edu/abs/2024ApJS..272...32P/abstract target=ref>Polanski et al. 2024</a>,2.3106446,5.4e-07,-5.40E-07,0,0.034,0.0006,-0.0006,0,8.71664516,0.15541841,-0.14858263,0,0.77764833,0.01386553,-0.01325568,0,0.37756222,0.01761957,-0.01793421,0,0.99,0.16,-0.21,0,0,,,0,1264.29,19.45,-18.73,0,,,,,0,,,,,58.4,1.6,-1.6,0,<a refstr=MACDOUGALL_ET_AL__2023 href=https://ui.adsabs.harvard.edu/abs/2023AJ....166...33M/abstract target=ref>MacDougall et al. 2023</a>,,5394,65,-63,0,0.9608,0.0158,-0.015,0,0.9835,0.0298,-0.029,0,0.348,0.056,-0.058,0,[Fe/H],4.463,0.022,-0.022,0,4.9,2.3,-2.1,0,1.5487,0.1041,-0.0968,0,,,,,0.000366333,2.022220111051141e-05,-2.06E-05,7.609489337200074,0.1792923773875785,-0.183551944,0.0016868,7.353930733291505e-05,-7.26E-05,0.2589033702049751,0.014669532,-0.014343898,6.776881185864767e+74,6.776881185864767e+74,-6.78E+74,3.189609081988705,0.025099149,-0.025795403,FHJ,A1,0.7413743013675226,B,0.2586256986298244
TOI-1199 b,TOI-1199,1,1,1,Transit,2024,Transiting Exoplanet Survey Satellite (TESS),Published Confirmed,0,<a refstr=SERRANO_BELL_ET_AL__2024 href=https://ui.adsabs.harvard.edu/abs/2024arXiv240207861S/abstract target=ref>Serrano Bell et al. 2024</a>,3.671463,3e-06,-3.00E-06,0,0.04988,0.00091,-0.00091,0,10.5140239,0.28022452,-0.28022452,0,0.938,0.025,-0.025,0,0.239,0.02,-0.02,0,0.358,0.041,-0.041,0,0.03,0.029,-0.029,0,1486,20,-20,0,,,,,0,,,,,27.5,2.1,-2.1,0,<a refstr=SERRANO_BELL_ET_AL__2024 href=https://ui.adsabs.harvard.edu/abs/2024arXiv240207861S/abstract target=ref>Serrano Bell et al. 2024</a>,,5710,40,-40,0,1.45,0.03,-0.03,0,1.23,0.07,-0.07,0,0.44,0.04,-0.04,0,[Fe/H],4.19,0.03,-0.03,0,4.2,0.2,-0.2,0,,,,,3.4,0.4,-0.4,0,0.000185419,1.8764449022215496e-05,-1.88E-05,7.397211441713382,0.2040474250265885,-0.204047425,0.001972139,0.000131182,-0.000125946,0.2031379108580725,0.019581151,-0.01817482,4.171924375559508e+74,4.171924375559508e+74,-4.17E+74,2.828179262553365,0.043089567,-0.043089567,HJ,A1,0.9846846183711958,B,0.015315382
TOI-1231 b,TOI-1231,1,1,1,Transit,2021,Transiting Exoplanet Survey Satellite (TESS),Published Confirmed,0,<a refstr=BURT_ET_AL__2021 href=https://ui.adsabs.harvard.edu/abs/2021AJ....162...87B/abstract target=ref>Burt et al. 2021</a>,24.245586,6.4e-05,-6.60E-05,0,0.1288,0.0021,-0.0022,0,3.65,0.16,-0.15,0,0.32563175,0.01427427,-0.01338213,0,0.04845382,0.01038296,-0.01038296,0,1.74,0.47,-0.42,0,0.087,0.12,-0.061,0,329.6,3.8,-3.7,0,89.73,0.18,-0.18,0,0,58.1,2,-2,0,5.6,1.2,-1.2,0,<a refstr=BURT_ET_AL__2021 href=https://ui.adsabs.harvard.edu/abs/2021AJ....162...87B/abstract target=ref>Burt et al. 2021</a>,M3 V,3553,51,-52,0,0.476,0.015,-0.014,0,0.485,0.024,-0.024,0,0.041,0.069,-0.063,0,[Fe/H],4.767,0.033,-0.035,0,,,,,6.31,0.68,-0.64,0,,,,,9.533397641668353e-05,2.09663395880677e-05,-2.10E-05,58.18599971251977,1.956714508607055,-2.08562206,0.004079667,0.000419192,-0.000438515,0.3972560181229033,0.064992613,-0.06370854,1.595494951337266e+75,1.595494951337266e+75,-1.60E+75,3.0540615735883296,0.099673987,-0.100550758,WN,B,0.993401437,A,0.006598563
TOI-1246 b,TOI-1246,1,1,4,Transit,2022,Transiting Exoplanet Survey Satellite (TESS),Published Confirmed,0,<a refstr=TURTELBOOM_ET_AL__2022 href=https://ui.adsabs.harvard.edu/abs/2022arXiv220411895T/abstract target=ref>Turtelboom et al. 2022</a>,4.30744,2e-05,-2.00E-05,0,0.049,0.002,-0.002,0,3.01,0.06,-0.06,0,0.26853468,0.00535285,-0.00535285,0,0.02548545,0.00346099,-0.00346099,0,1.63,0.23,-0.23,0,,,,,955,,,0,87.9,0.4,-0.4,0,0,13.4,0.5,-0.5,0,3.44,0.64,-0.64,0,<a refstr=TURTELBOOM_ET_AL__2022 href=https://ui.adsabs.harvard.edu/abs/2022arXiv220411895T/abstract target=ref>Turtelboom et al. 2022</a>,K V,5151,100,-100,0,0.86,0.05,-0.05,0,0.87,0.03,-0.03,0,0.17,0.06,-0.06,0,[Fe/H],4.4,0.1,-0.1,0,,,,,,,,,1,1,-1,0,2.795338967771017e-05,3.916608356914443e-06,-3.92E-06,12.25200651176162,0.8703391169060374,-0.870339117,0.001031099,0.000101794,-9.96E-05,0.1461057003095962,0.017198689,-0.016603555,2.1581855701433943e+74,2.1581855701433943e+74,-2.16E+74,2.942478583227588,0.061467213,-0.061467213,HSubN,B,0.9999999205248868,A,7.947511336943744e-08
TOI-1246 c,TOI-1246,1,1,4,Transit,2022,Transiting Exoplanet Survey Satellite (TESS),Published Confirmed,0,<a refstr=POLANSKI_ET_AL__2024 href=https://ui.adsabs.harvard.edu/abs/2024ApJS..272...32P/abstract target=ref>Polanski et al. 2024</a>,5.904137,1.4e-05,-1.40E-05,0,0.061,0.001,-0.001,0,2.45109846,0.13824169,-0.08751012,0,0.21867273,0.01233312,-0.00780714,0,0.0286318,0.00409026,-0.00377562,0,3.39,0.78,-1.02,0,0,,,0,862.49,15.71,-14.98,0,,,,,0,,,,,3.48,0.47,-0.47,0,<a refstr=MACDOUGALL_ET_AL__2023 href=https://ui.adsabs.harvard.edu/abs/2023AJ....166...33M/abstract target=ref>MacDougall et al. 2023</a>,,5213,71,-67,0,0.8649,0.0187,-0.0177,0,0.8889,0.0303,-0.0302,0,0.168,0.057,-0.058,0,[Fe/H],4.51,0.027,-0.028,0,6.3,3.6,-3.2,0,1.9182,0.1576,-0.1546,0,,,,,3.0736695203074665e-05,4.5134263452546385e-06,-4.19E-06,15.166086479432906,0.3976733943886442,-0.411504993,0.001324876,9.93258876515182e-05,-9.55E-05,0.1894297824772317,0.022101868,-0.021951266,3.6278638920041446e+74,3.6278638920041446e+74,-3.63E+74,3.1714464363197625,0.069360562,-0.075363522,HSubN,B,0.9999999680780932,A,3.1921906656048726e-08
TOI-1246 d,TOI-1246,1,1,4,Transit,2022,Transiting Exoplanet Survey Satellite (TESS),Published Confirmed,0,<a refstr=POLANSKI_ET_AL__2024 href=https://ui.adsabs.harvard.edu/abs/2024ApJS..272...32P/abstract target=ref>Polanski et al. 2024</a>,18.654874,5.5e-05,-5.50E-05,0,0.132,0.003,-0.003,0,3.43139739,0.14960553,-0.11612674,0,0.3061293,0.01334693,-0.01036015,0,0.0169903,0.00597807,-0.00597807,0,0.73,0.28,-0.33,0,0,,,0,587.77,10.71,-10.21,0,,,,,1,,,,,1.41,0.49,-0.49,0,<a refstr=MACDOUGALL_ET_AL__2023 href=https://ui.adsabs.harvard.edu/abs/2023AJ....166...33M/abstract target=ref>MacDougall et al. 2023</a>,,5213,71,-67,0,0.8649,0.0187,-0.0177,0,0.8889,0.0303,-0.0302,0,0.168,0.057,-0.058,0,[Fe/H],4.51,0.027,-0.028,0,6.3,3.6,-3.2,0,1.9182,0.1576,-0.1546,0,,,,,1.8239358772721224e-05,6.447402003587321e-06,-6.45E-06,32.81841664401875,1.003694657914661,-1.029471632,0.002409184,0.0003468,-0.000394263,0.1814225933510107,0.039386822,-0.042430213,3.3276466602715846e+74,3.3276466602715846e+74,-3.33E+74,2.652578288838043,0.1556090031175888,-0.157429969,WN,B,0.9999989714409298,A,1.0285590696739312e-06
TOI-1246 e,TOI-1246,1,1,4,Transit,2022,Transiting Exoplanet Survey Satellite (TESS),Published Confirmed,0,<a refstr=POLANSKI_ET_AL__2024 href=https://ui.adsabs.harvard.edu/abs/2024ApJS..272...32P/abstract target=ref>Polanski et al. 2024</a>,37.92548,0.00016,-0.00016,0,0.212,0.004,-0.004,0,3.5141875,0.26911442,-0.18217943,0,0.31351535,0.02400882,-0.01625299,0,0.0456221,0.00723661,-0.00723661,0,1.83,0.47,-0.65,0,0,,,0,463.98,8.45,-8.06,0,,,,,1,,,,,3,0.46,-0.46,0,<a refstr=MACDOUGALL_ET_AL__2023 href=https://ui.adsabs.harvard.edu/abs/2023AJ....166...33M/abstract target=ref>MacDougall et al. 2023</a>,,5213,71,-67,0,0.8649,0.0187,-0.0177,0,0.8889,0.0303,-0.0302,0,0.168,0.057,-0.058,0,[Fe/H],4.51,0.027,-0.028,0,6.3,3.6,-3.2,0,1.9182,0.1576,-0.1546,0,,,,,4.897605397579589e-05,7.94481603486442e-06,-7.95E-06,52.70836612524223,1.4671554821575945,-1.512524469,0.005378032,0.000443789,-0.000452017,0.3722909615529824,0.05035551,-0.051707917,1.40126233667765e+75,1.40126233667765e+75,-1.40E+75,3.060844692189943,0.082299138,-0.095759869,WN,B,0.9999851808479036,A,1.4819152096601091e-05
TOI-1248 b,TOI-1248,1,1,1,Transit,2024,Transiting Exoplanet Survey Satellite (TESS),Published Confirmed,0,<a refstr=POLANSKI_ET_AL__2024 href=https://ui.adsabs.harvard.edu/abs/2024ApJS..272...32P/abstract target=ref>Polanski et al. 2024</a>,4.3601561,1.1e-06,-1.10E-06,0,0.051,0.001,-0.001,0,6.8084859,0.116716,-0.12027714,0,0.60741347,0.01041272,-0.01073043,0,0.08621004,0.01132687,-0.01101223,0,0.47,0.1,-0.12,0,0,,,0,952.09,13.52,-14.34,0,,,,,0,,,,,11.5,1.4,-1.4,0,<a refstr=MACDOUGALL_ET_AL__2023 href=https://ui.adsabs.harvard.edu/abs/2023AJ....166...33M/abstract target=ref>MacDougall et al. 2023</a>,,5205,56,-62,0,0.8686,0.0133,-0.0134,0,0.9042,0.0273,-0.0275,0,0.223,0.057,-0.056,0,[Fe/H],4.515,0.022,-0.022,0,5.5,3,-2.7,0,1.9309,0.1285,-0.1223,0,,,,,9.098185114346558e-05,1.226990918368262e-05,-1.19E-05,12.625830109109769,0.3150046363847399,-0.314107903,0.00159043,0.000116789,-0.000115321,0.1788019844037401,0.017973777,-0.017274736,3.232206749554043e+74,3.232206749554043e+74,-3.23E+74,2.7627760477563643,0.059087733,-0.057439097,HS,B,0.9322266189822525,A,0.067773381
TOI-1249 b,TOI-1249,1,1,1,Transit,2024,Transiting Exoplanet Survey Satellite (TESS),Published Confirmed,0,<a refstr=POLANSKI_ET_AL__2024 href=https://ui.adsabs.harvard.edu/abs/2024ApJS..272...32P/abstract target=ref>Polanski et al. 2024</a>,13.079151,5.4e-05,-5.40E-05,0,0.109,0.002,-0.002,0,3.2710301,0.30687428,-0.18737301,0,0.29182226,0.02737754,-0.01671633,0,0.03744159,0.01636103,-0.01604639,0,1.84,0.85,-1.11,0,0,,,0,726.89,11.82,-11.39,0,,,,,0,,,,,3.2,1.4,-1.4,0,<a refstr=MACDOUGALL_ET_AL__2023 href=https://ui.adsabs.harvard.edu/abs/2023AJ....166...33M/abstract target=ref>MacDougall et al. 2023</a>,,5497,69,-67,0,0.9785,0.0175,-0.0164,0,1.0062,0.0318,-0.0318,0,0.297,0.057,-0.059,0,[Fe/H],4.457,0.023,-0.023,0,4,2.3,-2,0,1.4998,0.1053,-0.1004,0,,,,,3.550842385055791e-05,1.5556813983954965e-05,-1.53E-05,23.953846274754863,0.595281392,-0.613764645,0.002484066,0.000401239,-0.000481424,0.235598114,0.06268411,-0.069485403,5.611747001153689e+74,5.611747001153689e+74,-5.61E+74,3.0373044886266976,0.1961896749023689,-0.203182509,WN,B,0.999866261,A,0.000133739
TOI-125 b,TOI-125,1,1,3,Transit,2019,Transiting Exoplanet Survey Satellite (TESS),Published Confirmed,0,<a refstr=NIELSEN_ET_AL__2020 href=https://ui.adsabs.harvard.edu/abs/2020MNRAS.492.5399N/abstract target=ref>Nielsen et al. 2020</a>,4.65382,0.00033,-0.00031,0,0.05186,0.00086,-0.00077,0,2.726,0.075,-0.075,0,0.24319743,0.00669105,-0.00669105,0,0.02989019,0.00276878,-0.00276878,0,2.57,0.33,-0.33,0,0.194,0.041,-0.036,0,1037,11,-11,0,88.92,0.71,-0.6,0,0,13.16,0.27,-0.27,0,4.11,0.36,-0.36,0,<a refstr=NIELSEN_ET_AL__2020 href=https://ui.adsabs.harvard.edu/abs/2020MNRAS.492.5399N/abstract target=ref>Nielsen et al. 2020</a>,K0 V,5320,39,-39,0,0.848,0.011,-0.011,0,0.859,0.044,-0.038,0,-0.02,0.03,-0.03,0,[Fe/H],4.516,0.024,-0.024,0,6.8,4.4,-4.1,0,1.99,0.13,-0.11,0,1,0.5,-0.5,1,3.320449937988389e-05,3.4085340436285687e-06,-3.51E-06,13.15062065898064,0.2768711433191455,-0.259276805,0.001155734,7.276660583951868e-05,-7.17E-05,0.1721421826673283,0.016040094,-0.015542862,2.995912151754978e+74,2.995912151754978e+74,-3.00E+74,3.097797751651814,0.046792003,-0.046792003,HSubN,B,0.9999997137546268,A,2.8624537321228865e-07
TOI-125 c,TOI-125,1,1,3,Transit,2019,Transiting Exoplanet Survey Satellite (TESS),Published Confirmed,0,<a refstr=NIELSEN_ET_AL__2020 href=https://ui.adsabs.harvard.edu/abs/2020MNRAS.492.5399N/abstract target=ref>Nielsen et al. 2020</a>,9.15059,0.0007,-0.00082,0,0.0814,0.0013,-0.0013,0,2.759,0.1,-0.1,0,0.24614149,0.0089214,-0.0089214,0,0.02086021,0.00311487,-0.00311487,0,1.73,0.33,-0.33,0,0.066,0.07,-0.047,0,827.8,8.6,-8.6,0,88.54,0.41,-0.19,0,0,20.66,0.42,-0.42,0,2.25,0.33,-0.33,0,<a refstr=NIELSEN_ET_AL__2020 href=https://ui.adsabs.harvard.edu/abs/2020MNRAS.492.5399N/abstract target=ref>Nielsen et al. 2020</a>,K0 V,5320,39,-39,0,0.848,0.011,-0.011,0,0.859,0.044,-0.038,0,-0.02,0.03,-0.03,0,[Fe/H],4.516,0.024,-0.024,0,6.8,4.4,-4.1,0,1.99,0.13,-0.11,0,1,0.5,-0.5,1,2.3173249484504707e-05,3.6089130085890704e-06,-3.66E-06,20.64135213345592,0.4246916604063134,-0.42469166,0.001609087,0.000129345,-0.000133569,0.1790875230201142,0.022548563,-0.022096908,3.2425383661368967e+74,3.2425383661368967e+74,-3.24E+74,2.931136064043805,0.072087128,-0.072087128,HSubN,B,0.9999993551645906,A,6.448354094798101e-07
TOI-1260 b,TOI-1260,1,1,3,Transit,2021,Transiting Exoplanet Survey Satellite (TESS),Published Confirmed,0,<a refstr=LAM_ET_AL__2022 href=https://ui.adsabs.harvard.edu/abs/2022arXiv221204307L/abstract target=ref>Lam et al. 2022</a>,3.127463,5e-06,-5.00E-06,0,0.0367,0.0011,-0.0011,0,2.41,0.05,-0.05,0,0.21500617,0.00446071,-0.00446071,0,0.02693277,0.00484538,-0.00484538,0,3.35,0.64,-0.64,0,0,,,0,871,24,-24,0,89.03,0.61,-0.61,0,0,11.73,0.35,-0.35,0,4.93,0.83,-0.83,0,<a refstr=LAM_ET_AL__2022 href=https://ui.adsabs.harvard.edu/abs/2022arXiv221204307L/abstract target=ref>Lam et al. 2022</a>,,4227,85,-85,0,0.672,0.01,-0.01,0,0.679,0.095,-0.057,0,-0.1,0.07,-0.07,0,[Fe/H],4.57,0.05,-0.05,0,6.7,5.1,-5.2,0,3.43,0.08,-0.08,0,1.5,0.7,-0.7,0,3.785059170059776e-05,7.514409170494798e-06,-8.63E-06,11.743738748913396,0.3929870888330564,-0.392987089,0.000854378,0.000103076,-0.000111761,0.1644356496249436,0.026956824,-0.028471313,2.733672102469712e+74,2.733672102469712e+74,-2.73E+74,3.1595662147318597,0.080183603,-0.080183603,HSubN,B,0.9999998908100508,A,1.0918994913118893e-07
TOI-1260 c,TOI-1260,1,1,3,Transit,2021,Transiting Exoplanet Survey Satellite (TESS),Published Confirmed,0,<a refstr=LAM_ET_AL__2022 href=https://ui.adsabs.harvard.edu/abs/2022arXiv221204307L/abstract target=ref>Lam et al. 2022</a>,7.493134,2e-05,-2.00E-05,0,0.0657,0.002,-0.002,0,2.76,0.07,-0.07,0,0.24623113,0.00624499,-0.00624499,0,0.04153184,0.01330907,-0.01330907,0,3.45,1.14,-1.14,0,0,,,0,651,18,-18,0,87.97,0.11,-0.11,0,0,20.99,0.63,-0.63,0,5.67,1.77,-1.77,0,<a refstr=LAM_ET_AL__2022 href=https://ui.adsabs.harvard.edu/abs/2022arXiv221204307L/abstract target=ref>Lam et al. 2022</a>,,4227,85,-85,0,0.672,0.01,-0.01,0,0.679,0.095,-0.057,0,-0.1,0.07,-0.07,0,[Fe/H],4.57,0.05,-0.05,0,6.7,5.1,-5.2,0,3.43,0.08,-0.08,0,1.5,0.7,-0.7,0,5.836773263257193e-05,1.933534189447931e-05,-2.04E-05,21.023532310725063,0.7123601714154141,-0.712360171,0.001767052,0.000289818,-0.000325139,0.2552993378544766,0.059867977,-0.063621596,6.589520915622331e+74,6.589520915622331e+74,-6.59E+74,3.229882294301959,0.1409044002739727,-0.1409044,HSubN,B,0.9999983183817392,A,1.6816182606720822e-06
TOI-1260 d,TOI-1260,1,1,3,Transit,2022,Transiting Exoplanet Survey Satellite (TESS),Published Confirmed,0,<a refstr=LAM_ET_AL__2022 href=https://ui.adsabs.harvard.edu/abs/2022arXiv221204307L/abstract target=ref>Lam et al. 2022</a>,16.608164,8.3e-05,-8.30E-05,0,0.1116,0.0033,-0.0033,0,3.12,0.08,-0.08,0,0.27834824,0.00713713,-0.00713713,0,0.03725281,0.02451008,-0.02451008,0,2.14,1.42,-1.42,0,0,,,0,499,14,-14,0,89.14,0.1,-0.1,0,0,35.69,1.06,-1.06,0,3.9,2.54,-2.54,0,<a refstr=LAM_ET_AL__2022 href=https://ui.adsabs.harvard.edu/abs/2022arXiv221204307L/abstract target=ref>Lam et al. 2022</a>,,4227,85,-85,0,0.672,0.01,-0.01,0,0.679,0.095,-0.057,0,-0.1,0.07,-0.07,0,[Fe/H],4.57,0.05,-0.05,0,6.7,5.1,-5.2,0,3.43,0.08,-0.08,0,1.5,0.7,-0.7,0,5.235409878040563e-05,3.472505512236882e-05,-3.52E-05,35.711205568902855,1.1821548751061397,-1.182154875,0.002894725,0.000737275,-0.001014042,0.296391178,0.1134897136652999,-0.138460739,8.88147319796357e+74,8.88147319796357e+74,-8.88E+74,3.0761691165529603,0.2866059613092951,-0.286605961,WN,B,0.9999891400544644,A,1.0859945535627644e-05
TOI-1268 b,TOI-1268,1,1,1,Transit,2022,Transiting Exoplanet Survey Satellite (TESS),Published Confirmed,0,<a refstr=_SCARON_UBJAK_ET_AL__2022 href=https://ui.adsabs.harvard.edu/abs/2022arXiv220113341S/abstract target=ref>&Scaron;ubjak et al. 2022</a>,8.1577094,4.5e-06,-4.50E-06,0,0.0711,0.0063,-0.0058,0,9.1,0.6,-0.6,0,0.81184902,0.05352851,-0.05352851,0,0.30330832,0.02580009,-0.02611472,0,0.71,0.17,-0.13,0,0.105,0.04,-0.039,0,918.9,29.9,-30.7,0,88.63,0.32,-0.3,0,0,16.62,0.97,-0.84,0,31.7,2.5,-2.6,0,<a refstr=_SCARON_UBJAK_ET_AL__2022 href=https://ui.adsabs.harvard.edu/abs/2022arXiv220113341S/abstract target=ref>&Scaron;ubjak et al. 2022</a>,K1-K2,5300,100,-100,0,0.92,0.06,-0.06,0,0.96,0.04,-0.04,0,0.36,0.06,-0.06,0,[Fe/H],4.55,0.1,-0.1,0,0.245,0.135,-0.135,0,1.31,0.24,-0.19,0,4.12,1,-1,0,0.000301491,2.855695198528259e-05,-2.88E-05,16.618482479329547,1.8283815750879215,-1.735643484,0.003305628,0.000445006,-0.000399236,0.3324195015540493,0.049438978,-0.043399322,1.1171910604200065e+75,1.1171910604200065e+75,-1.12E+75,3.0571208203543647,0.068150746,-0.068395996,HJ,A1,0.9732786092564072,B,0.026721391
TOI-1269 b,TOI-1269,1,1,1,Transit,2024,Transiting Exoplanet Survey Satellite (TESS),Published Confirmed,0,<a refstr=POLANSKI_ET_AL__2024 href=https://ui.adsabs.harvard.edu/abs/2024ApJS..272...32P/abstract target=ref>Polanski et al. 2024</a>,4.2529913,6.8e-06,-6.80E-06,0,0.0496,0.0009,-0.001,0,2.40144286,0.15036543,-0.0739539,0,0.21424275,0.01341473,-0.00659774,0,0.02013665,0.00943906,-0.00912442,0,2.53,1.22,-1.42,0,0,,,0,1004.9,15.06,-14.31,0,,,,,0,,,,,2.7,1.2,-1.2,0,<a refstr=MACDOUGALL_ET_AL__2023 href=https://ui.adsabs.harvard.edu/abs/2023AJ....166...33M/abstract target=ref>MacDougall et al. 2023</a>,,5499,63,-60,0,0.8521,0.0144,-0.0131,0,0.9027,0.0249,-0.0262,0,-0.049,0.058,-0.057,0,[Fe/H],4.531,0.019,-0.021,0,3.1,2.3,-1.8,0,2.043,0.1182,-0.1246,0,,,,,2.1286546316026505e-05,9.997183015170075e-06,-9.66E-06,12.517012944387185,0.2976839545410972,-0.329287425,0.00095311,0.00016084,-0.000196298,0.1436125667793007,0.037421102,-0.043008109,2.085159844287816e+74,2.085159844287816e+74,-2.09E+74,3.0363619913826994,0.2053254531383074,-0.204166752,HSubN,B,0.9999967701659924,A,3.2298340076098173e-06
TOI-1272 b,TOI-1272,1,1,2,Transit,2022,Transiting Exoplanet Survey Satellite (TESS),Published Confirmed,0,<a refstr=POLANSKI_ET_AL__2024 href=https://ui.adsabs.harvard.edu/abs/2024ApJS..272...32P/abstract target=ref>Polanski et al. 2024</a>,3.31599,1.8e-05,-1.80E-05,0,0.0417,0.0007,-0.0007,0,4.13204907,0.2262768,-0.15125906,0,0.36863736,0.0201871,-0.01349445,0,0.0849515,0.00849515,-0.00786588,0,2.09,0.44,-0.59,0,0.35,0.055,-0.055,0,975,12.2,-11.69,0,,,,,0,,,,,13.5,1.3,-1.3,0,<a refstr=MACDOUGALL_ET_AL__2023 href=https://ui.adsabs.harvard.edu/abs/2023AJ....166...33M/abstract target=ref>MacDougall et al. 2023</a>,,5065,52,-50,0,0.7934,0.0102,-0.0096,0,0.8772,0.0145,-0.0164,0,0.182,0.054,-0.056,0,[Fe/H],4.582,0.009,-0.012,0,1.1,1.6,-0.8,0,2.4648,0.0766,-0.0909,0,,,,,9.241316696917404e-05,9.401437618524186e-06,-8.69E-06,11.301951753105858,0.2338697687499604,-0.238968084,0.001307195,7.350668973619772e-05,-6.97E-05,0.2091641990857728,0.01834286,-0.018365581,4.4231245407788487e+74,4.4231245407788487e+74,-4.42E+74,3.1901593956036356,0.053824638,-0.062285513,HN,B,0.9999583934937796,A,4.160650621979074e-05
TOI-1273 b,TOI-1273,1,1,1,Transit,2024,Transiting Exoplanet Survey Satellite (TESS),Published Confirmed,0,<a refstr=SERRANO_BELL_ET_AL__2024 href=https://ui.adsabs.harvard.edu/abs/2024arXiv240207861S/abstract target=ref>Serrano Bell et al. 2024</a>,4.631296,3e-06,-3.00E-06,0,0.0549,0.001,-0.001,0,11.09689089,2.46597575,-2.46597575,0,0.99,0.22,-0.22,0,0.222,0.015,-0.015,0,0.28,0.11,-0.11,0,0.055,0.032,-0.032,0,1211,15,-15,0,,,,,0,,,,,26.7,1.5,-1.5,0,<a refstr=SERRANO_BELL_ET_AL__2024 href=https://ui.adsabs.harvard.edu/abs/2024arXiv240207861S/abstract target=ref>Serrano Bell et al. 2024</a>,,5690,40,-40,0,1.06,0.02,-0.02,0,1.06,0.06,-0.06,0,0.07,0.04,-0.04,0,[Fe/H],4.37,0.03,-0.03,0,3.1,1.6,-1.6,0,,,,,2.8,0.4,-0.4,0,0.000199852,1.76157545754256e-05,-1.76E-05,11.1372013,0.2920798677319469,-0.292079868,0.002225537,0.000135891,-0.000129722,0.2153648947892176,0.04676557,-0.03403866,4.689259754281745e+74,4.689259754281745e+74,-4.69E+74,2.7492696236188947,0.1952375856708769,-0.195237586,HJ,A1,0.9965239167429732,B,0.003476083
TOI-1279 b,TOI-1279,1,1,1,Transit,2024,Transiting Exoplanet Survey Satellite (TESS),Published Confirmed,0,<a refstr=POLANSKI_ET_AL__2024 href=https://ui.adsabs.harvard.edu/abs/2024ApJS..272...32P/abstract target=ref>Polanski et al. 2024</a>,9.61419,4e-05,-4.00E-05,0,0.085,0.002,-0.002,0,2.66146528,0.13795921,-0.10646515,0,0.23744044,0.01230792,-0.0094982,0,0.03335133,0.00786588,-0.00786588,0,3.05,0.88,-1.14,0,0,,,0,759,11.8,-11.66,0,,,,,0,,,,,3.5,0.82,-0.82,0,<a refstr=MACDOUGALL_ET_AL__2023 href=https://ui.adsabs.harvard.edu/abs/2023AJ....166...33M/abstract target=ref>MacDougall et al. 2023</a>,,5457,67,-68,0,0.8426,0.0138,-0.0128,0,0.8784,0.0267,-0.0253,0,-0.079,0.056,-0.059,0,[Fe/H],4.529,0.021,-0.023,0,4.2,2.5,-2.2,0,2.0546,0.1259,-0.1286,0,,,,,3.62311613807636e-05,8.608569530462799e-06,-8.62E-06,21.69237287912957,0.6075421351140468,-0.621882198,0.001950171,0.000212841,-0.00022649,0.2329835817914059,0.038391101,-0.039667325,5.487886228358327e+74,5.487886228358327e+74,-5.49E+74,3.1661908191822112,0.1081607476991683,-0.111886759,HSubN,B,0.9999709857267204,A,2.901427327931214e-05
TOI-1288 b,TOI-1288,1,1,2,Transit,2022,Transiting Exoplanet Survey Satellite (TESS),Published Confirmed,0,<a refstr=POLANSKI_ET_AL__2024 href=https://ui.adsabs.harvard.edu/abs/2024ApJS..272...32P/abstract target=ref>Polanski et al. 2024</a>,2.6998279,4.9e-06,-4.90E-06,0,0.0374,0.0007,-0.0008,0,4.96846551,0.10805813,-0.1000743,0,0.44325757,0.00964032,-0.00892805,0,0.13875412,0.00849515,-0.00818051,0,1.97,0.34,-0.44,0,0,,,0,1203.44,19.66,-19.21,0,,,,,0,,,,,20.89,0.93,-0.93,0,<a refstr=MACDOUGALL_ET_AL__2023 href=https://ui.adsabs.harvard.edu/abs/2023AJ....166...33M/abstract target=ref>MacDougall et al. 2023</a>,,5388,68,-66,0,0.9583,0.0166,-0.0167,0,0.9552,0.0319,-0.0304,0,0.257,0.058,-0.058,0,[Fe/H],4.453,0.024,-0.023,0,6.5,2.6,-2.5,0,1.517,0.1097,-0.1019,0,,,,,0.000138616,9.56481664657711e-06,-9.39E-06,8.392274956381106,0.214619188,-0.230995235,0.00134205,6.758496147595753e-05,-6.91E-05,0.2212413455032787,0.014936014,-0.014622321,4.948653500101324e+74,4.948653500101324e+74,-4.95E+74,3.2431206032464974,0.031828846,-0.031819162,HN,B,0.9997744701529588,A,0.00022553
TOI-1294 b,TOI-1294,1,1,2,Transit,2024,Transiting Exoplanet Survey Satellite (TESS),Published Confirmed,0,<a refstr=POLANSKI_ET_AL__2024 href=https://ui.adsabs.harvard.edu/abs/2024ApJS..272...32P/abstract target=ref>Polanski et al. 2024</a>,3.915292,1.5e-05,-1.50E-05,0,0.051,0.001,-0.001,0,10.12369881,0.23643767,-0.22090361,0,0.90317747,0.02109359,-0.01970773,0,0.20105188,0.01478785,-0.01415858,0,0.34,0.06,-0.08,0,0,,,0,1392.74,23.26,-24.6,0,,,,,0,,,,,23.4,1.3,-1.3,0,<a refstr=MACDOUGALL_ET_AL__2023 href=https://ui.adsabs.harvard.edu/abs/2023AJ....166...33M/abstract target=ref>MacDougall et al. 2023</a>,,5718,58,-78,0,1.5566,0.0297,-0.0266,0,1.1578,0.0638,-0.0508,0,0.283,0.06,-0.059,0,[Fe/H],4.119,0.022,-0.03,0,6.2,1.4,-1.4,0,0.4318,0.0295,-0.0329,0,,,,,0.000165705,1.4191839220290542e-05,-1.48E-05,7.045352712818159,0.1832449030923744,-0.192753907,0.001942265,0.000116048,-0.000116808,0.197887618,0.016194553,-0.016084862,3.959056551629533e+74,3.959056551629533e+74,-3.96E+74,2.7859489859074613,0.037142928,-0.036700147,HJ,A2,0.8656435391453838,B,0.1343564608506645
TOI-1295 b,TOI-1295,1,1,1,Transit,2024,Transiting Exoplanet Survey Satellite (TESS),Published Confirmed,0,<a refstr=EHRHARDT_ET_AL__2024 href=https://ui.adsabs.harvard.edu/abs/2024A&A...692A.220E/abstract target=ref>Ehrhardt et al. 2024</a>,3.1968838,5e-07,-5.00E-07,0,0.047,0.002,-0.002,0,15.69257298,0.89671846,-0.89671846,0,1.4,0.08,-0.08,0,1.42,0.08,-0.08,0,0.65,0.05,-0.05,0,0.024,0.02,-0.02,0,2360,50,-50,0,,,,,0,,,,,158,7,-7,0,<a refstr=EHRHARDT_ET_AL__2024 href=https://ui.adsabs.harvard.edu/abs/2024A&A...692A.220E/abstract target=ref>Ehrhardt et al. 2024</a>,F,6280,50,-50,0,1.7,0.03,-0.03,0,1.38,0.08,-0.08,0,0.26,0.06,-0.06,0,[Fe/H],4.1,0.08,-0.08,0,2,0.3,-0.3,0,,,,,7.8,0.5,-0.5,0,0.000981908,7.937442348125194e-05,-7.94E-05,5.945091274974845,0.2738740878878696,-0.273874088,0.003239025,0.000269237,-0.000253804,0.3714260192949098,0.042161868,-0.037589261,1.3947588047403268e+75,1.3947588047403268e+75,-1.39E+75,3.2542193113899365,0.055336681,-0.055336681,UHJ,A1,0.9999994967446778,B,5.032071675460533e-07
TOI-1296 b,TOI-1296,1,1,1,Transit,2021,Transiting Exoplanet Survey Satellite (TESS),Published Confirmed,0,<a refstr=POLANSKI_ET_AL__2024 href=https://ui.adsabs.harvard.edu/abs/2024ApJS..272...32P/abstract target=ref>Polanski et al. 2024</a>,3.9443736,1.6e-06,-1.60E-06,0,0.051,0.001,-0.001,0,14.11645916,0.28454324,-0.26287755,0,1.2593883,0.02538529,-0.0234524,0,0.29984733,0.01478785,-0.01447322,0,0.19,0.03,-0.04,0,0,,,0,1414.84,24.69,-22.77,0,,,,,0,,,,,35,1.1,-1.1,0,<a refstr=MACDOUGALL_ET_AL__2023 href=https://ui.adsabs.harvard.edu/abs/2023AJ....166...33M/abstract target=ref>MacDougall et al. 2023</a>,,5567,78,-72,0,1.7031,0.033,-0.0303,0,1.1576,0.0277,-0.0227,0,0.405,0.059,-0.018,0,[Fe/H],4.035,0.023,-0.016,0,7.1,0.6,-0.7,0,0.3279,0.0235,-0.0198,0,,,,,0.000247174,1.3118388967444612e-05,-1.33E-05,6.439314211010948,0.1704887067546356,-0.177509551,0.002219205,9.534515752214522e-05,-9.59E-05,0.2046722098058818,0.011157548,-0.011231611,4.2351833942608487e+74,4.2351833942608487e+74,-4.24E+74,2.670767915782344,0.026839899,-0.02731244,HJ,A1,0.9999863912081252,B,1.3608789003104558e-05
TOI-1298 b,TOI-1298,1,1,1,Transit,2021,Transiting Exoplanet Survey Satellite (TESS),Published Confirmed,0,<a refstr=POLANSKI_ET_AL__2024 href=https://ui.adsabs.harvard.edu/abs/2024ApJS..272...32P/abstract target=ref>Polanski et al. 2024</a>,4.537143,3e-06,-3.00E-06,0,0.057,0.001,-0.001,0,9.65807033,0.19896656,-0.17319735,0,0.86163681,0.01775064,-0.01545166,0,0.31148883,0.01887811,-0.01887811,0,0.6,0.1,-0.13,0,0,,,0,1278,19.95,-26.28,0,,,,,0,,,,,33.6,1.6,-1.6,0,<a refstr=MACDOUGALL_ET_AL__2023 href=https://ui.adsabs.harvard.edu/abs/2023AJ....166...33M/abstract target=ref>MacDougall et al. 2023</a>,,5752,69,-99,0,1.4536,0.0275,-0.0239,0,1.2187,0.0246,-0.0568,0,0.397,0.061,-0.058,0,[Fe/H],4.194,0.02,-0.024,0,4.3,1.7,-0.6,0,0.5496,0.0349,-0.0385,0,,,,,0.000243897,1.864708204237754e-05,-1.56E-05,8.432173452632094,0.2027449979454607,-0.217559624,0.002469279,0.00013418,-0.000109129,0.2598549072115059,0.019128257,-0.015205699,6.826786315340726e+74,6.826786315340726e+74,-6.83E+74,3.0169810274473656,0.030584484,-0.031827328,HJ,A1,0.9596616566527306,B,0.040338343
TOI-132 b,TOI-132,1,1,1,Transit,2020,Transiting Exoplanet Survey Satellite (TESS),Published Confirmed,0,<a refstr=D_IACUTE_AZ_ET_AL__2020 href=https://ui.adsabs.harvard.edu/abs/2020MNRAS.493..973D/abstract target=ref>D&iacute;az et al. 2020</a>,2.1097019,1.2e-05,-1.10E-05,0,0.026,0.002,-0.003,0,3.42,0.13,-0.14,0,0.30511196,0.01159782,-0.01248996,0,0.07047793,0.00597804,-0.00604097,0,3.08,0.44,-0.46,0,0.059,0.05,-0.037,0,1395,52,-72,0,85.03,1.3,-1.84,0,0,6.362,0.413,-0.627,0,11.38,0.84,-0.85,0,<a refstr=D_IACUTE_AZ_ET_AL__2020 href=https://ui.adsabs.harvard.edu/abs/2020MNRAS.493..973D/abstract target=ref>D&iacute;az et al. 2020</a>,G8 V,5397,46,-46,0,0.9,0.02,-0.02,0,0.97,0.06,-0.06,0,0.16,0.1,-0.1,0,[Fe/H],4.48,0.23,-0.23,0,6.34,0.42,-2.35,0,1.89,0.15,-0.15,0,3,0.3,-0.3,0,6.93334531365811e-05,7.2786263676531375e-06,-7.33E-06,6.212128471723124,0.4973966709570368,-0.729956463,0.000740595,9.653897233557172e-05,-0.000117328,0.1572463396055151,0.021935222,-0.022547184,2.499859227803332e+74,2.499859227803332e+74,-2.50E+74,3.2733217148037093,0.051198128,-0.049757532,HN,B,0.999987483,A,1.2516739436867654e-05
TOI-1408 c,TOI-1408,1,1,2,Transit Timing Variations,2024,Transiting Exoplanet Survey Satellite (TESS),Published Confirmed,0,<a refstr=KORTH_ET_AL__2024 href=https://ui.adsabs.harvard.edu/abs/2024arXiv240717798K/abstract target=ref>Korth et al. 2024</a>,2.1664,0.0001,-0.0001,0,0.03587,8e-05,-8.00E-05,0,2.22,0.06,-0.06,0,0.19805548,0.00535285,-0.00535285,0,0.02391227,0.00062927,-0.00062927,0,3.8,0.3,-0.3,0,0.1353,0.0001,-0.0001,0,,,,,82.6,0.3,-0.3,0,1,5.04,0.06,-0.06,0,,,,,<a refstr=KORTH_ET_AL__2024 href=https://ui.adsabs.harvard.edu/abs/2024arXiv240717798K/abstract target=ref>Korth et al. 2024</a>,F8 V,6117,31,-31,0,1.53,0.02,-0.02,0,1.312,0.009,-0.009,0,0.25,0.06,-0.06,0,[Fe/H],4.1,0.06,-0.06,0,2.7,0.3,-0.3,0,0.52,0.02,-0.02,0,9.8,0.7,-0.7,0,1.7391954706679418e-05,4.729769022902271e-07,-4.73E-07,5.041381182821459,0.066852703,-0.066852703,0.000644378,8.549600243711129e-06,-8.58E-06,0.1148149723987682,0.003643767,-0.003527232,1.3327586670528655e+74,1.3327586670528655e+74,-1.33E+74,3.179234117346416,0.026109588,-0.026109588,HSubN,B,0.999999909,A,9.089244916833497e-08
TOI-1410.01,TOI-1410,1,1,2,Transit,2024,Transiting Exoplanet Survey Satellite (TESS),Published Confirmed,0,<a refstr=POLANSKI_ET_AL__2024 href=https://ui.adsabs.harvard.edu/abs/2024ApJS..272...32P/abstract target=ref>Polanski et al. 2024</a>,1.21687,3e-05,-3.00E-05,0,0.0207,0.0004,-0.0004,0,3.10083009,0.22026793,-0.1612362,0,0.27663801,0.01965102,-0.01438455,0,0.0393294,0.00346099,-0.00314635,0,2.3,0.53,-0.74,0,0,,,0,1236.7,24.72,-22.18,0,,,,,0,,,,,8.67,0.63,-0.63,0,<a refstr=MACDOUGALL_ET_AL__2023 href=https://ui.adsabs.harvard.edu/abs/2023AJ....166...33M/abstract target=ref>MacDougall et al. 2023</a>,,4635,52,-52,0,0.7558,0.024,-0.02,0,0.7941,0.0209,-0.0225,0,0.328,0.077,-0.092,0,[Fe/H],4.579,0.025,-0.036,0,6.6,6.6,-4.6,0,2.5679,0.2186,-0.2757,0,,,,,4.72610699990864e-05,4.369240804127038e-06,-3.98E-06,5.889427068017679,0.1929758788068639,-0.218921044,0.000518917,3.0346367729645342e-05,-2.82E-05,0.1216558767685413,0.011831565,-0.01143933,1.4963068013804552e+74,1.4963068013804552e+74,-1.50E+74,3.1050806556566055,0.059164667,-0.070809923,HN,B,0.9999991263190406,A,8.736809594564959e-07
TOI-1420 b,TOI-1420,1,1,1,Transit,2023,Transiting Exoplanet Survey Satellite (TESS),Published Confirmed,0,<a refstr=YOSHIDA_ET_AL__2023 href=https://ui.adsabs.harvard.edu/abs/2023AJ....166..181Y/abstract target=ref>Yoshida et al. 2023</a>,6.9561063,1.7e-06,-1.70E-06,0,0.071,0.0012,-0.0012,0,11.89,0.33,-0.33,0,1.06075658,0.02944068,-0.02944068,0,0.07897343,0.01195614,-0.01195614,0,0.082,0.015,-0.015,0,0.17,,,1,957,17,-17,0,88.58,0.13,-0.13,0,0,16.53,0.47,-0.47,0,8.5,1.3,-1.3,0,<a refstr=YOSHIDA_ET_AL__2023 href=https://ui.adsabs.harvard.edu/abs/2023AJ....166..181Y/abstract target=ref>Yoshida et al. 2023</a>,,5510,110,-110,0,0.923,0.024,-0.024,0,0.987,0.048,-0.048,0,0.28,0.074,-0.074,0,[Fe/H],4.502,0.029,-0.029,0,10.7,,,1,1.77,0.16,-0.16,0,2,,,1,7.635285363317904e-05,1.2141154383123816e-05,-1.21E-05,16.541170486836723,0.5129817515279453,-0.512981752,0.002088461,0.000174778,-0.000175155,0.1462466797236993,0.018294762,-0.017575522,2.1623525058451143e+74,2.1623525058451143e+74,-2.16E+74,2.2404365703516045,0.07002992,-0.07002992,HJ,A1,0.9994441142230772,B,0.000555886
TOI-1422 b,TOI-1422,1,1,1,Transit,2022,Transiting Exoplanet Survey Satellite (TESS),Published Confirmed,0,<a refstr=NAPONIELLO_ET_AL__2022 href=https://ui.adsabs.harvard.edu/abs/2022arXiv220703293N/abstract target=ref>Naponiello et al. 2022</a>,12.9972,0.0006,-0.0006,0,0.108,0.003,-0.003,0,3.96,0.13,-0.11,0,0.35328815,0.01159784,-0.00981356,0,0.02831717,0.00723661,-0.0062927,0,0.795,0.29,-0.235,0,0.04,0.05,-0.03,0,867,17,-17,0,89.52,0.26,-0.28,0,0,22.72,0.31,-0.4,0,2.47,0.5,-0.46,0,<a refstr=NAPONIELLO_ET_AL__2022 href=https://ui.adsabs.harvard.edu/abs/2022arXiv220703293N/abstract target=ref>Naponiello et al. 2022</a>,G2 V,5840,62,-62,0,1.019,0.014,-0.013,0,0.981,0.062,-0.065,0,-0.09,0.07,-0.07,0,[Fe/H],4.41,0.11,-0.11,0,5.1,3.9,-3.1,0,1.3,0.1,-0.1,0,1.7,0.4,-0.4,0,2.7544967586762875e-05,7.272021915078961e-06,-6.36E-06,22.79077857067592,0.6966531648735407,-0.706280291,0.002261504,0.000303963,-0.000280389,0.1877243228950302,0.036092187,-0.031945141,3.5628337451290745e+74,3.5628337451290745e+74,-3.56E+74,2.749978745309408,0.113578644,-0.100634033,WN,B,0.9995014821244284,A,0.000498518
TOI-1431 b,TOI-1431,1,1,1,Transit,2021,Transiting Exoplanet Survey Satellite (TESS),Published Confirmed,0,<a refstr=ADDISON_ET_AL__2021 href=https://ui.adsabs.harvard.edu/abs/2021AJ....162..292A/abstract target=ref>Addison et al. 2021</a>,2.650237,3e-06,-3.00E-06,0,0.046,0.002,-0.002,0,16.70138124,0.56044903,-0.56044903,0,1.49,0.05,-0.05,0,3.12,0.18,-0.18,0,1.17,0.18,-0.16,0,0.0022,0.003,-0.0016,0,2370,70,-70,0,80.13,0.13,-0.13,0,0,5.15,0.05,-0.05,0,294.1,1.1,-1.1,0,<a refstr=ADDISON_ET_AL__2021 href=https://ui.adsabs.harvard.edu/abs/2021AJ....162..292A/abstract target=ref>Addison et al. 2021</a>,Am C,7690,400,-250,0,1.92,0.07,-0.07,0,1.9,0.1,-0.08,0,0.09,0.03,-0.03,0,[Fe/H],4.15,0.04,-0.04,0,0.29,0.32,-0.19,0,0.37,0.01,-0.01,0,6,0.2,-0.2,0,0.001566976,0.000111918,-0.00012237,5.151885391212687,0.2923244072445871,-0.292324407,0.003704574,0.000290905,-0.00028946,0.4499549790147489,0.041341252,-0.040404509,2.046880967269629e+75,2.046880967269629e+75,-2.05E+75,3.5419690955572505,0.038436176,-0.038436176,UHJ,A1,0.999999863,B,1.300391503552442e-07
TOI-1439 b,TOI-1439,1,1,1,Transit,2024,Transiting Exoplanet Survey Satellite (TESS),Published Confirmed,0,<a refstr=POLANSKI_ET_AL__2024 href=https://ui.adsabs.harvard.edu/abs/2024ApJS..272...32P/abstract target=ref>Polanski et al. 2024</a>,27.644,0.00012,-0.00012,0,0.192,0.004,-0.004,0,4.2427861,0.23014642,-0.16769357,0,0.37851667,0.02053232,-0.01496064,0,0.12113455,0.01793421,-0.01761957,0,2.76,0.64,-0.85,0,0.157,0.083,-0.083,0,748.4,10.93,-13.14,0,,,,,0,,,,,7,1,-1,0,<a refstr=MACDOUGALL_ET_AL__2023 href=https://ui.adsabs.harvard.edu/abs/2023AJ....166...33M/abstract target=ref>MacDougall et al. 2023</a>,,5841,63,-65,0,1.6184,0.0278,-0.0283,0,1.2313,0.0351,-0.0773,0,0.226,0.058,-0.066,0,[Fe/H],4.106,0.021,-0.027,0,4.6,1.6,-0.7,0,0.4045,0.0244,-0.0279,0,,,,,9.387837765388512e-05,1.5096803088840674e-05,-1.39E-05,25.51085117,0.693877418,-0.68883686,0.00605038,0.000558239,-0.000480891,0.4464193061549169,0.062954995,-0.054257991,2.0148392393734538e+75,2.0148392393734538e+75,-2.01E+75,3.321285047,0.072889181,-0.07880589,WN,B,0.9653088886769208,A,0.034691111
TOI-1448 b,TOI-1448,1,1,1,Transit,2024,Transiting Exoplanet Survey Satellite (TESS),Published Confirmed,0,<a refstr=HORI_ET_AL__2024 href=https://ui.adsabs.harvard.edu/abs/2024arXiv240512637H/abstract target=ref>Hori et al. 2024</a>,8.112245,1.8e-05,-1.80E-05,0,0.0567,0.0015,-0.0015,0,2.749,0.067,-0.063,0,0.24524978,0.00597735,-0.00562049,0,0.06135386,,,1,9.51,0.55,-0.55,0,0.36,,,1,426,6,-6,0,89.62,0.26,-0.26,0,0,32.1,0.62,-0.62,0,12.5,,,1,<a refstr=HORI_ET_AL__2024 href=https://ui.adsabs.harvard.edu/abs/2024arXiv240512637H/abstract target=ref>Hori et al. 2024</a>,,3412,28,-32,0,0.38,0.007,-0.007,0,0.372,0.009,-0.009,0,0.37,0.14,-0.14,0,[Fe/H],4.849,0.019,-0.019,0,,,,,9.5,0.6,-0.5,0,,,,,0.000157384,,,32.08551780486144,1.0343306036362443,-1.034330604,0.002122574,,,0.3902289411530588,,,1.5395486420190427e+75,,,3.402811676429147,,,HSubN,B,0.9984623095984172,A,0.00153769
TOI-1470 b,TOI-1470,1,1,2,Transit,2023,Transiting Exoplanet Survey Satellite (TESS),Published Confirmed,0,<a refstr=GONZ_AACUTE_LEZ__AACUTE_LVAREZ_ET_AL__2023 href=https://ui.adsabs.harvard.edu/abs/2023A&A...675A.177G/abstract target=ref>Gonz&aacute;lez-&Aacute;lvarez et al. 2023</a>,2.527093,4e-06,-3.00E-06,0,0.0285,0.0004,-0.0004,0,2.18,0.04,-0.04,0,0.19448691,0.00356857,-0.00356857,0,0.0230313,0.00380709,-0.00390148,0,3.86,0.7,-0.68,0,0.3,,,1,734,,,0,87.42,0.12,-0.12,0,0,13.05,0.14,-0.15,0,5.67,0.92,-0.96,0,<a refstr=GONZ_AACUTE_LEZ__AACUTE_LVAREZ_ET_AL__2023 href=https://ui.adsabs.harvard.edu/abs/2023A&A...675A.177G/abstract target=ref>Gonz&aacute;lez-&Aacute;lvarez et al. 2023</a>,M1.5 V,3709,11,-11,0,0.469,0.003,-0.003,0,0.471,0.011,-0.011,0,0,0.03,-0.03,0,[Fe/H],4.77,0.02,-0.02,0,1.3,0.7,-0.7,0,,,,,2,,,1,4.66615294950252e-05,7.789786607275045e-06,-7.98E-06,13.067171994398732,0.2015481690919751,-0.201548169,0.000711417,5.372887152729582e-05,-5.71E-05,0.1691643320257065,0.018640687,-0.019204676,2.893157390807141e+74,2.893157390807141e+74,-2.89E+74,3.1787247380897408,0.073536985,-0.075275554,HSubN,B,0.9999995174211086,A,4.8257889123689e-07
TOI-1472 b,TOI-1472,1,1,1,Transit,2024,Transiting Exoplanet Survey Satellite (TESS),Published Confirmed,0,<a refstr=POLANSKI_ET_AL__2024 href=https://ui.adsabs.harvard.edu/abs/2024ApJS..272...32P/abstract target=ref>Polanski et al. 2024</a>,6.36381,0.00091,-0.00091,0,0.065,0.001,-0.001,0,4.15964583,0.1568226,-0.1264222,0,0.37109938,0.0139908,-0.01127865,0,0.05191481,0.01604639,-0.01604639,0,1.24,0.41,-0.51,0,0,,,0,811.14,11.22,-10.81,0,,,,,0,,,,,6,1.9,-1.9,0,<a refstr=MACDOUGALL_ET_AL__2023 href=https://ui.adsabs.harvard.edu/abs/2023AJ....166...33M/abstract target=ref>MacDougall et al. 2023</a>,,5133,54,-53,0,0.8377,0.0138,-0.0123,0,0.9154,0.0197,-0.0221,0,0.287,0.059,-0.059,0,[Fe/H],4.552,0.014,-0.019,0,2.3,2.5,-1.5,0,2.1838,0.0994,-0.1281,0,,,,,5.4118005914768505e-05,1.6778325631182247e-05,-1.68E-05,16.685315818762124,0.3548440125866293,-0.376093257,0.001704722,0.000204304,-0.000231353,0.1991748634416139,0.036896612,-0.039616842,4.010730864479605e+74,4.010730864479605e+74,-4.01E+74,2.970497849729693,0.1368075492611995,-0.138172936,HN,B,0.9996002536995372,A,0.000399746
TOI-150.01,TOI-150,1,1,1,Transit,2019,Transiting Exoplanet Survey Satellite (TESS),Published Confirmed,0,<a refstr=KOSSAKOWSKI_ET_AL__2019 href=https://ui.adsabs.harvard.edu/abs/2019MNRAS.490.1094K/abstract target=ref>Kossakowski et al. 2019</a>,5.857487,8.9e-05,-9.70E-05,0,0.07037,0.00087,-0.00088,0,14.067295,0.235389,-0.212971,0,1.255,0.021,-0.019,0,2.51,0.12,-0.12,0,1.68,0.12,-0.12,0,0.262,0.045,-0.037,0,1404.5,7.1,-6.5,0,88.09,0.98,-0.68,0,0,9.917,0.092,-0.099,0,240,11,-11,0,<a refstr=KOSSAKOWSKI_ET_AL__2019 href=https://ui.adsabs.harvard.edu/abs/2019MNRAS.490.1094K/abstract target=ref>Kossakowski et al. 2019</a>,F,6255,90,-90,0,1.526,0.012,-0.012,0,1.351,0.038,-0.026,0,0.28,0.036,-0.036,0,[Fe/H],4.13,0.009,-0.009,0,2.346,0.425,-0.901,0,0.5332,0.0144,-0.0165,0,7.96,0.279,-0.279,0,0.001772882,9.136876846100182e-05,-9.83E-05,9.916139038704523,0.1452932629184882,-0.146484221,0.005905279,0.00020626,-0.000221102,0.6450061901072885,0.030929594,-0.033266822,4.206125522555737e+75,4.206125522555737e+75,-4.21E+75,3.596573308,0.024576958,-0.025344572,HJ,A2,0.9999997009165144,B,2.713878092080693e-07
TOI-1518 b,TOI-1518,1,1,1,Transit,2021,Multiple Observatories,Published Confirmed,0,<a refstr=CABOT_ET_AL__2021 href=https://ui.adsabs.harvard.edu/abs/2021AJ....162..218C/abstract target=ref>Cabot et al. 2021</a>,1.902603,1.1e-05,-1.10E-05,0,0.0389,0.0011,-0.0011,0,21.01683881,0.59407598,-0.59407598,0,1.875,0.053,-0.053,0,2.3,,,1,,,,,0.01,,,1,2492,38,-38,0,77.84,0.23,-0.26,0,0,4.291,0.057,-0.061,0,281,,,1,<a refstr=CABOT_ET_AL__2021 href=https://ui.adsabs.harvard.edu/abs/2021AJ....162..218C/abstract target=ref>Cabot et al. 2021</a>,F0,7300,100,-100,0,1.95,0.048,-0.048,0,1.79,0.26,-0.26,0,-0.1,0.12,-0.12,0,[Fe/H],4.1,0.2,-0.2,0,,,,,,,,,85.1,6.3,-6.3,0,0.001226129,,,4.289676879586323,0.1608223718244871,-0.160822372,0.00288683,,,0.3262829279666455,,,1.0763243504437682e+75,,,3.2099123302534736,,,UHJ,A1,0.9999999996100896,B,2.328794207972332e-10
TOI-157 b,TOI-157,1,1,1,Transit,2020,Transiting Exoplanet Survey Satellite (TESS),Published Confirmed,0,<a refstr=NIELSEN_ET_AL__2020 href=https://ui.adsabs.harvard.edu/abs/2020A&A...639A..76N/abstract target=ref>Nielsen et al. 2020</a>,2.0845435,2.3e-06,-2.30E-06,0,0.03138,0.00025,-0.0002,0,14.414774,0.257807,-0.22418,0,1.286,0.023,-0.02,0,1.18,0.13,-0.12,0,0.686,0.08,-0.078,0,0,,,0,1588,21,-20,0,82.01,0.15,-0.16,0,0,5.785,0.066,-0.069,0,192,20,-20,0,<a refstr=NIELSEN_ET_AL__2020 href=https://ui.adsabs.harvard.edu/abs/2020A&A...639A..76N/abstract target=ref>Nielsen et al. 2020</a>,G9 IV,5404,70,-67,0,1.167,0.017,-0.014,0,0.948,0.023,-0.018,0,0.24,0.09,-0.09,0,[Fe/H],4.281,0.011,-0.011,0,12.82,0.73,-1.4,0,0.842,0.029,-0.03,0,2.5,,,1,0.001187778,0.000132786,-0.000124181,5.782180881234081,0.083269141,-0.091939691,0.002304221,0.000116113,-0.00011267,0.3482776489165506,0.026617396,-0.026026605,1.2263252545254119e+75,1.2263252545254119e+75,-1.23E+75,3.2475871084930747,0.049716359,-0.046817945,FHJ,A1,0.999994699,B,5.29705025088844e-06
TOI-1601 b,TOI-1601,1,1,1,Transit,2021,Transiting Exoplanet Survey Satellite (TESS),Published Confirmed,0,<a refstr=POLANSKI_ET_AL__2024 href=https://ui.adsabs.harvard.edu/abs/2024ApJS..272...32P/abstract target=ref>Polanski et al. 2024</a>,5.33175,0.00014,-0.00014,0,0.069,0.001,-0.001,0,14.19902343,0.64857111,-0.5112186,0,1.2667542,0.05786174,-0.04560795,0,1.21763817,0.05034163,-0.05348798,0,0.74,0.14,-0.18,0,0,,,0,1493.97,29.38,-27.85,0,,,,,0,,,,,107.8,1.9,-1.9,0,<a refstr=MACDOUGALL_ET_AL__2023 href=https://ui.adsabs.harvard.edu/abs/2023AJ....166...33M/abstract target=ref>MacDougall et al. 2023</a>,,5982,78,-64,0,2.195,0.0622,-0.0623,0,1.5055,0.0347,-0.0505,0,0.343,0.052,-0.058,0,[Fe/H],3.928,0.022,-0.025,0,2.4,0.4,-0.2,0,0.1975,0.0162,-0.0161,0,,,,,0.00077179,4.108992878885615e-05,-3.83E-05,6.759649169336009,0.2154215328751419,-0.215147309,0.004388421,0.000175742,-0.000160117,0.4194497110812536,0.027205736,-0.025801576,1.7787473380105158e+75,1.7787473380105158e+75,-1.78E+75,3.2743205862913887,0.036060541,-0.044023092,HJ,A1,0.9999970122482892,B,2.9877488122915295e-06
TOI-163 b,TOI-163,1,1,1,Transit,2019,Transiting Exoplanet Survey Satellite (TESS),Published Confirmed,0,<a refstr=KOSSAKOWSKI_ET_AL__2019 href=https://ui.adsabs.harvard.edu/abs/2019MNRAS.490.1094K/abstract target=ref>Kossakowski et al. 2019</a>,4.231306,6.3e-05,-5.70E-05,0,0.058,0.0014,-0.0014,0,16.690201,0.381106,-0.381106,0,1.489,0.034,-0.034,0,1.22,0.12,-0.12,0,0.49,0.059,-0.055,0,0,,,0,1669,16,-14,0,87.24,0.47,-0.45,0,0,7.57,0.13,-0.14,0,120,12,-11,0,<a refstr=KOSSAKOWSKI_ET_AL__2019 href=https://ui.adsabs.harvard.edu/abs/2019MNRAS.490.1094K/abstract target=ref>Kossakowski et al. 2019</a>,F,6495,90,-90,0,1.648,0.023,-0.025,0,1.4352,0.029,-0.028,0,0.22,0.041,-0.041,0,[Fe/H],4.187,0.011,-0.011,0,1.823,0.3,-0.331,0,0.4518,0.0189,-0.0194,0,14.08,0.266,-0.266,0,0.000811164,8.134096710875273e-05,-8.15E-05,7.567986982448355,0.2157560843875398,-0.211012296,0.003750512,0.000238661,-0.000238193,0.3636412434382385,0.030379418,-0.029725274,1.3369055684998088e+75,1.3369055684998088e+75,-1.34E+75,3.134757473533752,0.047097242,-0.047097242,HJ,A1,0.999999914,B,8.616666162814549e-08
TOI-1669 c,TOI-1669,1,1,2,Transit,2024,Transiting Exoplanet Survey Satellite (TESS),Published Confirmed,0,<a refstr=POLANSKI_ET_AL__2024 href=https://ui.adsabs.harvard.edu/abs/2024ApJS..272...32P/abstract target=ref>Polanski et al. 2024</a>,2.6800535,6.2e-06,-6.20E-06,0,0.0376,0.0007,-0.0007,0,2.2963977,0.10169388,-0.09022874,0,0.20487123,0.00907254,-0.00804968,0,0.04090257,,,1,6,,,1,0,,,0,1285.16,21.75,-21.31,0,,,,,0,,,,,,,,,<a refstr=MACDOUGALL_ET_AL__2023 href=https://ui.adsabs.harvard.edu/abs/2023AJ....166...33M/abstract target=ref>MacDougall et al. 2023</a>,,5497,73,-72,0,1.0561,0.0188,-0.0183,0,0.9867,0.0322,-0.0309,0,0.274,0.059,-0.06,0,[Fe/H],4.382,0.024,-0.023,0,7.7,2.2,-2.1,0,1.1688,0.0844,-0.0751,0,,,,,3.9557322983921456e-05,,,7.655831961,0.1947126207782442,-0.197199928,0.000888293,,,0.1743086554616566,,,3.0717959953074356e+74,,,3.382975685220882,,,HSubN,B,0.9999997449792848,A,2.5502071513476936e-07
TOI-1670 c,TOI-1670,1,1,2,Transit,2022,Transiting Exoplanet Survey Satellite (TESS),Published Confirmed,0,<a refstr=TRAN_ET_AL__2022 href=https://ui.adsabs.harvard.edu/abs/2022arXiv220304334T/abstract target=ref>Tran et al. 2022</a>,40.74976,2.2e-05,-0.00021,0,0.249,0.005,-0.005,0,11.06326395,0.28022452,-0.28022452,0,0.987,0.025,-0.025,0,0.63,0.09,-0.08,0,0.81,0.13,-0.11,0,0.09,0.05,-0.04,0,684,9,-9,0,88.84,0.04,-0.04,0,0,40.68,0.66,-0.66,0,32.7,4.7,-4.3,0,<a refstr=TRAN_ET_AL__2022 href=https://ui.adsabs.harvard.edu/abs/2022arXiv220304334T/abstract target=ref>Tran et al. 2022</a>,F7 V,6170,61,-61,0,1.316,0.019,-0.019,0,1.21,0.02,-0.02,0,0.09,0.07,-0.07,0,[Fe/H],4.29,0.11,-0.11,0,2.53,0.43,-0.43,0,0.752,0.036,-0.036,0,9.2,0.6,-0.6,0,0.00049684,7.145065956087335e-05,-6.36E-05,40.68675445736358,1.0062601807275229,-1.006260181,0.01367407,0.000990712,-0.000937404,0.7242716241027748,0.074467345,-0.068101837,5.3034368877102926e+75,5.3034368877102926e+75,-5.30E+75,3.204893282477664,0.06582743,-0.059374994,WJ,A2,0.9990496937116824,B,0.000950259
TOI-169 b,TOI-169,1,1,1,Transit,2020,Transiting Exoplanet Survey Satellite (TESS),Published Confirmed,0,<a refstr=NIELSEN_ET_AL__2020 href=https://ui.adsabs.harvard.edu/abs/2020A&A...639A..76N/abstract target=ref>Nielsen et al. 2020</a>,2.2554477,6.3e-06,-6.30E-06,0,0.03524,0.00069,-0.00079,0,12.172974,0.907929,-0.538032,0,1.086,0.081,-0.048,0,0.791,0.064,-0.06,0,0.76,0.14,-0.17,0,0,,,0,1715,22,-20,0,80.98,0.31,-0.38,0,0,5.88,0.15,-0.16,0,110.5,7.6,-6.9,0,<a refstr=NIELSEN_ET_AL__2020 href=https://ui.adsabs.harvard.edu/abs/2020A&A...639A..76N/abstract target=ref>Nielsen et al. 2020</a>,G1 V,5880,54,-49,0,1.288,0.02,-0.019,0,1.147,0.069,-0.075,0,0.24,0.09,-0.09,0,[Fe/H],4.278,0.029,-0.033,0,4.7,2.7,-2,0,0.756,0.06,-0.061,0,2.5,,,1,0.000658074,6.84588070648307e-05,-6.37E-05,5.883416943656552,0.1442320112349241,-0.160442715,0.0021253,0.000149244,-0.00014059,0.2989457294715949,0.033100368,-0.032729903,9.035229149553236e+74,9.035229149553236e+74,-9.04E+74,3.220703871355376,0.052044058,-0.072678891,FHJ,A1,0.9994947737698971,B,0.000505226
TOI-1694 b,TOI-1694,1,1,2,Transit,2023,Transiting Exoplanet Survey Satellite (TESS),Published Confirmed,0,<a refstr=POLANSKI_ET_AL__2024 href=https://ui.adsabs.harvard.edu/abs/2024ApJS..272...32P/abstract target=ref>Polanski et al. 2024</a>,3.770107,8.5e-05,-8.50E-05,0,0.045,0.0008,-0.0008,0,5.3422266,0.14825442,-0.11897869,0,0.47660235,0.0132264,-0.01061459,0,0.09848081,0.00849515,-0.00786588,0,1.13,0.21,-0.26,0,0,,,0,943.19,14.16,-13.41,0,,,,,0,,,,,14.3,1.1,-1.1,0,<a refstr=MACDOUGALL_ET_AL__2023 href=https://ui.adsabs.harvard.edu/abs/2023AJ....166...33M/abstract target=ref>MacDougall et al. 2023</a>,,5058,60,-56,0,0.8036,0.0129,-0.012,0,0.853,0.0227,-0.0249,0,0.131,0.054,-0.055,0,[Fe/H],4.558,0.019,-0.023,0,4.3,3.5,-2.6,0,2.3008,0.1365,-0.1459,0,,,,,0.00011017,1.0032897430189984e-05,-9.28E-06,12.041543970631512,0.2795708294082457,-0.288429685,0.001495754,8.469350593000302e-05,-7.93E-05,0.2086470464452137,0.016533035,-0.015541838,4.401279476071655e+74,4.401279476071655e+74,-4.40E+74,3.031226291539218,0.042162785,-0.042240891,HS,B,0.9993142407450832,A,0.000685759
TOI-1696 b,TOI-1696,1,1,1,Transit,2022,Transiting Exoplanet Survey Satellite (TESS),Published Confirmed,0,<a refstr=MORI_ET_AL__2022 href=https://ui.adsabs.harvard.edu/abs/2022AJ....163..298M/abstract target=ref>Mori et al. 2022</a>,2.500311,4e-06,-4.00E-06,0,0.0229,0.0002,-0.0002,0,3.09,0.11,-0.11,0,0.27567181,0.00981356,-0.00981356,0,0.15354197,,,1,,,,,,,,,489,13,-13,0,,,,,0,,,,,,,,,<a refstr=MORI_ET_AL__2022 href=https://ui.adsabs.harvard.edu/abs/2022AJ....163..298M/abstract target=ref>Mori et al. 2022</a>,M5V,3185,76,-76,0,0.2775,0.008,-0.008,0,0.255,0.0066,-0.0066,0,0.336,0.06,-0.06,0,[Fe/H],4.959,0.026,-0.026,0,,,,,16.8,1.5,-1.4,0,,,,,0.000574577,,,17.745248482635283,0.5345349474120741,-0.534534947,0.001320012,,,0.4469385442050567,,,2.01952895417444e+75,,,3.6996294313548903,,,HSubN,B,0.9900565515416534,A,0.009943448
TOI-172 b,TOI-172,1,1,1,Transit,2019,Transiting Exoplanet Survey Satellite (TESS),Published Confirmed,0,<a refstr=RODRIGUEZ_ET_AL__2019 href=https://ui.adsabs.harvard.edu/abs/2019AJ....157..191R/abstract target=ref>Rodriguez et al. 2019</a>,9.47725,0.00064,-0.00079,0,0.0914,0.0017,-0.0017,0,10.816685,0.358688,-0.325061,0,0.965,0.032,-0.029,0,5.42,0.22,-0.2,0,7.53,0.65,-0.72,0,0.3806,0.0093,-0.009,0,1198,18,-17,0,88.2,1.1,-1,0,0,11.09,0.28,-0.3,0,517.6,6.2,-6.2,0,<a refstr=RODRIGUEZ_ET_AL__2019 href=https://ui.adsabs.harvard.edu/abs/2019AJ....157..191R/abstract target=ref>Rodriguez et al. 2019</a>,,5645,50,-50,0,1.777,0.047,-0.044,0,1.128,0.065,-0.061,0,0.148,0.079,-0.08,0,[Fe/H],3.993,0.027,-0.028,0,7.4,1.6,-1.5,0,0.286,0.022,-0.023,0,5.1,0.5,-0.5,0,0.00458513,0.000310031,-0.000313744,11.060336956927063,0.3425210757481417,-0.357626568,0.010528253,0.000542266,-0.000513294,1.348147213415458,0.1008816693596097,-0.094294697,1.8375074167967908e+76,1.8375074167967908e+76,-1.84E+76,4.159131698214158,0.031497661,-0.032961047,HJ,C,0.999629497,A,0.000370503
TOI-1728 b,TOI-1728,1,1,1,Transit,2020,Transiting Exoplanet Survey Satellite (TESS),Published Confirmed,0,<a refstr=KANODIA_ET_AL__2020 href=https://ui.adsabs.harvard.edu/abs/2020ApJ...899...29K/abstract target=ref>Kanodia et al. 2020</a>,3.49151,6.2e-05,-5.70E-05,0,0.0391,0.0009,-0.0009,0,5.05,0.16,-0.17,0,0.45053082,0.01427424,-0.01516638,0,0.08425888,0.0170846,-0.0161407,0,1.14,0.26,-0.24,0,0.057,0.054,-0.039,0,767,8,-8,0,88.31,0.58,-0.4,0,0,13.48,0.2,-0.2,0,15.12,3.04,-2.87,0,<a refstr=KANODIA_ET_AL__2020 href=https://ui.adsabs.harvard.edu/abs/2020ApJ...899...29K/abstract target=ref>Kanodia et al. 2020</a>,M0,3980,31,-32,0,0.6243,0.01,-0.0097,0,0.646,0.023,-0.022,0,0.25,0.1,-0.1,0,[Fe/H],4.657,0.017,-0.017,0,7.1,4.6,-4.6,0,3.78,0.19,-0.19,0,2,,,1,0.000124464,2.559025536433518e-05,-2.43E-05,13.46768694291063,0.3740126535539182,-0.377671561,0.001353582,0.000136158,-0.000135932,0.212618227,0.031495339,-0.029809257,4.570413009247851e+74,4.570413009247851e+74,-4.57E+74,3.012353709125221,0.092786486,-0.08762728,HN,B,0.9965783636663887,A,0.003421636
TOI-1736 b,TOI-1736,1,1,2,Transit,2023,Transiting Exoplanet Survey Satellite (TESS),Published Confirmed,0,<a refstr=POLANSKI_ET_AL__2024 href=https://ui.adsabs.harvard.edu/abs/2024ApJS..272...32P/abstract target=ref>Polanski et al. 2024</a>,7.073076,1.7e-05,-1.70E-05,0,0.073,0.001,-0.001,0,3.18175535,0.12195694,-0.09508409,0,0.28385769,0.01088029,-0.00848285,0,0.03870013,0.00471953,-0.00440489,0,2.09,0.43,-0.56,0,0,,,0,1099.79,20.73,-19.21,0,,,,,0,,,,,4.01,0.44,-0.44,0,<a refstr=MACDOUGALL_ET_AL__2023 href=https://ui.adsabs.harvard.edu/abs/2023AJ....166...33M/abstract target=ref>MacDougall et al. 2023</a>,,5636,86,-80,0,1.4286,0.0267,-0.0249,0,1.0373,0.0368,-0.0331,0,0.148,0.061,-0.058,0,[Fe/H],4.142,0.024,-0.024,0,9.2,1.3,-1.4,0,0.4967,0.0365,-0.0321,0,,,,,3.5601596275902304e-05,4.487827334605145e-06,-4.24E-06,10.988079792809778,0.2435899466485408,-0.25461887,0.001665095,0.000107872,-0.000105869,0.1957482574609078,0.019663605,-0.019256046,3.8739166589356637e+74,3.8739166589356637e+74,-3.87E+74,3.0756981338303033,0.058981549,-0.059598143,HN,B,0.9999896606004746,A,1.0339399524855946e-05
TOI-1749 c,TOI-1749,1,1,3,Transit,2021,Transiting Exoplanet Survey Satellite (TESS),Published Confirmed,0,<a refstr=FUKUI_ET_AL__2021 href=https://ui.adsabs.harvard.edu/abs/2021AJ....162..167F/abstract target=ref>Fukui et al. 2021</a>,4.4929,0.0038,-0.0027,0,0.0443,0.0008,-0.0008,0,2.12,0.12,-0.12,0,0.18913406,0.0107057,-0.0107057,0,0.04404893,,,1,,,,,0.019,,,1,673,15,-15,0,88.8,1,-0.3,0,0,,,,,,,,,<a refstr=FUKUI_ET_AL__2021 href=https://ui.adsabs.harvard.edu/abs/2021AJ....162..167F/abstract target=ref>Fukui et al. 2021</a>,M0 V,3985,55,-55,0,0.55,0.03,-0.03,0,0.58,0.03,-0.03,0,-0.26,0.08,-0.08,0,[Fe/H],4.7,0.05,-0.05,0,0.8,,,-1,5.02,0.59,-0.46,0,,,,,7.247175771917963e-05,,,17.320109242489576,0.9951639394526192,-0.995163939,0.001280618,,,0.2665345167931398,,,7.182264290749082e+74,,,3.484582911050877,,,HSubN,B,0.9999996831202712,A,3.16879728673867e-07
TOI-1749 d,TOI-1749,1,1,3,Transit,2021,Transiting Exoplanet Survey Satellite (TESS),Published Confirmed,0,<a refstr=FUKUI_ET_AL__2021 href=https://ui.adsabs.harvard.edu/abs/2021AJ....162..167F/abstract target=ref>Fukui et al. 2021</a>,9.0497,0.0049,-0.0032,0,0.0707,0.0012,-0.0012,0,2.52,0.15,-0.15,0,0.22481973,0.01338213,-0.01338213,0,0.04719528,,,1,,,,,0.062,,,1,533,12,-12,0,88.53,0.11,-0.09,0,0,,,,,,,,,<a refstr=FUKUI_ET_AL__2021 href=https://ui.adsabs.harvard.edu/abs/2021AJ....162..167F/abstract target=ref>Fukui et al. 2021</a>,M0 V,3985,55,-55,0,0.55,0.03,-0.03,0,0.58,0.03,-0.03,0,-0.26,0.08,-0.08,0,[Fe/H],4.7,0.05,-0.05,0,0.8,,,-1,5.02,0.59,-0.46,0,,,,,7.764830831643003e-05,,,27.641799626275688,1.579044575295502,-1.579044575,0.002091332,,,0.3196763930729968,,,1.0331790630211147e+75,,,3.364416761564649,,,HSubN,B,0.999996543,A,3.4565556621728955e-06
TOI-1753 b,TOI-1753,1,1,1,Transit,2024,Transiting Exoplanet Survey Satellite (TESS),Published Confirmed,0,<a refstr=POLANSKI_ET_AL__2024 href=https://ui.adsabs.harvard.edu/abs/2024ApJS..272...32P/abstract target=ref>Polanski et al. 2024</a>,5.3846104,9.9e-06,-9.90E-06,0,0.059,0.001,-0.001,0,2.47852533,0.09834485,-0.07935468,0,0.2211196,0.00877376,-0.00707956,0,0.05222944,0.01636103,-0.01636103,0,5.95,2.06,-2.49,0,0,,,0,1005.43,18.31,-17.59,0,,,,,0,,,,,6,2,-2,0,<a refstr=MACDOUGALL_ET_AL__2023 href=https://ui.adsabs.harvard.edu/abs/2023AJ....166...33M/abstract target=ref>MacDougall et al. 2023</a>,,5621,76,-72,0,0.9715,0.0207,-0.0203,0,0.9483,0.0343,-0.033,0,0.026,0.059,-0.059,0,[Fe/H],4.438,0.026,-0.026,0,5.9,2.4,-2.3,0,1.4446,0.1176,-0.1103,0,,,,,5.255705765873435e-05,1.6564933660725328e-05,-1.66E-05,13.05926686917526,0.351363847,-0.35555589,0.00153234,0.000194417,-0.000218972,0.2422590327630447,0.047382646,-0.050479945,5.93354747893637e+74,5.93354747893637e+74,-5.93E+74,3.422847927620366,0.1388573187952816,-0.140341699,HSubN,B,0.9999874859885588,A,1.2514011441272526e-05
TOI-1759 b,TOI-1759,1,1,1,Transit,2022,Transiting Exoplanet Survey Satellite (TESS),Published Confirmed,0,<a refstr=ESPINOZA_ET_AL__2022 href=https://ui.adsabs.harvard.edu/abs/2022AJ....163..133E/abstract target=ref>Espinoza et al. 2022</a>,18.85019,0.00013,-0.00013,0,0.1177,0.0038,-0.0038,0,3.14,0.1,-0.1,0,0.28013252,0.00892142,-0.00892142,0,0.0339806,0.00471953,-0.00471953,0,1.91,0.32,-0.32,0,0,,,0,443,7,-7,0,89.72,0.13,-0.13,0,0,,,,,3.64,0.5,-0.51,0,<a refstr=ESPINOZA_ET_AL__2022 href=https://ui.adsabs.harvard.edu/abs/2022AJ....163..133E/abstract target=ref>Espinoza et al. 2022</a>,M0.0 V,4065,51,-51,0,0.597,0.015,-0.015,0,0.606,0.02,-0.02,0,0.05,0.16,-0.16,0,[Fe/H],4.65,0.04,-0.04,0,5,3,-4,0,3.949,0.323,-0.323,0,2,,,1,5.350813865700296e-05,7.638623569506876e-06,-7.64E-06,42.39471517907683,1.734378556,-1.734378556,0.003075219,0.000277223,-0.00027446,0.3067386208108434,0.036997045,-0.035523978,9.512428053081186e+74,9.512428053081186e+74,-9.51E+74,3.030691025178261,0.06635915,-0.06635915,WN,B,0.9994791752106736,A,0.000520825
TOI-1789 b,TOI-1789,1,1,1,Transit,2021,Transiting Exoplanet Survey Satellite (TESS),Published Confirmed,0,<a refstr=KHANDELWAL_ET_AL__2022 href=https://ui.adsabs.harvard.edu/abs/2022MNRAS.509.3339K/abstract target=ref>Khandelwal et al. 2022</a>,3.208664,1.5e-05,-1.50E-05,0,0.04882,0.00063,-0.0016,0,16.14093221,2.69015537,-1.5692573,0,1.44,0.24,-0.14,0,0.7,0.16,-0.16,0,0.28,0.14,-0.12,0,,,,,1927,27,-17,0,78.41,0.36,-0.58,0,0,4.83,0.11,-0.16,0,72,17,-16,0,<a refstr=KHANDELWAL_ET_AL__2022 href=https://ui.adsabs.harvard.edu/abs/2022MNRAS.509.3339K/abstract target=ref>Khandelwal et al. 2022</a>,F,5991,55,-55,0,2.168,0.036,-0.034,0,1.507,0.059,-0.14,0,0.373,0.071,-0.086,0,[Fe/H],3.943,0.023,-0.043,0,2.73,1.3,-0.51,0,0.208,0.014,-0.02,0,7,0.5,-0.5,0,0.000443247,0.000109362,-0.000102789,4.842259806815403,0.098343551,-0.177904836,0.002580909,0.000311477,-0.000320571,0.2507799544005837,0.058362908,-0.054040195,6.358286633131346e+74,6.358286633131346e+74,-6.36E+74,2.9225600941871135,0.1303270923060425,-0.175530208,HJ,A1,0.9999993912493692,B,6.08749833111997e-07
TOI-1794 b,TOI-1794,1,1,1,Transit,2024,Transiting Exoplanet Survey Satellite (TESS),Published Confirmed,0,<a refstr=POLANSKI_ET_AL__2024 href=https://ui.adsabs.harvard.edu/abs/2024ApJS..272...32P/abstract target=ref>Polanski et al. 2024</a>,8.765528,3.5e-05,-3.50E-05,0,0.082,0.002,-0.002,0,3.29701268,0.16656615,-0.13651409,0,0.29414028,0.01486006,-0.01217899,0,0.02737326,0.01290004,-0.01258541,0,1.31,0.62,-0.76,0,0,,,0,992.91,17.18,-16.51,0,,,,,0,,,,,2.8,1.3,-1.3,0,<a refstr=MACDOUGALL_ET_AL__2023 href=https://ui.adsabs.harvard.edu/abs/2023AJ....166...33M/abstract target=ref>MacDougall et al. 2023</a>,,5631,78,-74,0,1.3162,0.023,-0.023,0,0.9698,0.0328,-0.0308,0,0.035,0.052,-0.061,0,[Fe/H],4.184,0.023,-0.022,0,10.8,1.5,-1.5,0,0.5941,0.041,-0.0365,0,,,,,2.6934304627192185e-05,1.2721966960653223e-05,-1.24E-05,13.396814875374522,0.401958884,-0.401958884,0.001704284,0.000302851,-0.000365032,0.1772697493109097,0.048623626,-0.053778277,3.1770476246002417e+74,3.1770476246002417e+74,-3.18E+74,2.894404557861181,0.2078032861676472,-0.20444058,HN,B,0.9998946815671512,A,0.000105318
TOI-1803 b,TOI-1803,1,1,2,Transit,2025,Transiting Exoplanet Survey Satellite (TESS),Published Confirmed,0,<a refstr=ZINGALES_ET_AL__2025 href=https://ui.adsabs.harvard.edu/abs/2025A&A...695A.273Z/abstract target=ref>Zingales et al. 2025</a>,6.293287,2.8e-05,-2.80E-05,0,0.06,0.001,-0.001,0,2.99,0.08,-0.08,0,0.26675039,0.00713713,-0.00713713,0,0.03247035,0.00522294,-0.00151025,0,2.15031,0.551362,-0.551362,0,0,,,0,747,11,-11,0,88.9,0.5,-0.5,0,1,18.2,0.4,-0.4,0,4.4,1,-1,0,<a refstr=ZINGALES_ET_AL__2025 href=https://ui.adsabs.harvard.edu/abs/2025A&A...695A.273Z/abstract target=ref>Zingales et al. 2025</a>,,4687,65,-65,0,0.715,0.005,-0.005,0,0.756,0.05,-0.042,0,0.014,0.06,-0.06,0,[Fe/H],4.62,0.1,-0.1,0,1.4,0.12,-0.16,0,2.861947,0.183277,-0.183277,0,1,0.5,-0.5,1,4.0985156655254695e-05,6.974702725673706e-06,-3.31E-06,18.044913258367338,0.3261489780735106,-0.326148978,0.001434343,0.00012772,-7.54E-05,0.1964212473347197,0.026149038,-0.014636967,3.900599791472962e+74,3.900599791472962e+74,-3.90E+74,3.0534638821962625,0.073621633,-0.030791553,HSubN,B,0.9999939703040072,A,6.029695992330311e-06
TOI-1803 c,TOI-1803,1,1,2,Transit,2025,Transiting Exoplanet Survey Satellite (TESS),Published Confirmed,0,<a refstr=ZINGALES_ET_AL__2025 href=https://ui.adsabs.harvard.edu/abs/2025A&A...695A.273Z/abstract target=ref>Zingales et al. 2025</a>,12.885779,3.6e-05,-3.60E-05,0,0.097,0.002,-0.002,0,4.29,0.08,-0.08,0,0.38272882,0.00713713,-0.00713713,0,0.02517081,0.00314635,-0.0062927,0,0.419035,0.209517,-0.209517,0,0,,,0,588,10,-10,0,88.48,0.06,-0.06,0,1,29.3,0.6,-0.6,0,2.1,1.1,-1,0,<a refstr=ZINGALES_ET_AL__2025 href=https://ui.adsabs.harvard.edu/abs/2025A&A...695A.273Z/abstract target=ref>Zingales et al. 2025</a>,,4687,65,-65,0,0.715,0.005,-0.005,0,0.756,0.05,-0.042,0,0.014,0.06,-0.06,0,[Fe/H],4.62,0.1,-0.1,0,1.4,0.12,-0.16,0,2.861947,0.183277,-0.183277,0,1,0.5,-0.5,1,3.177143427741467e-05,4.346003257603737e-06,-8.22E-06,29.172609767693856,0.635150779,-0.635150779,0.00213015,0.000174468,-0.000274719,0.1835738286000161,0.020749585,-0.032601043,3.4070302943516664e+74,3.4070302943516664e+74,-3.41E+74,2.6293018969500843,0.056651681,-0.10977513,WN,B,0.9998165438060752,A,0.000183456
TOI-1811 b,TOI-1811,1,1,1,Transit,2023,Transiting Exoplanet Survey Satellite (TESS),Published Confirmed,0,<a refstr=RODRIGUEZ_ET_AL__2023 href=https://ui.adsabs.harvard.edu/abs/2023MNRAS.tmp..609R/abstract target=ref>Rodriguez et al. 2023</a>,3.7130765,1.7e-06,-1.70E-06,0,0.04389,0.00058,-0.00055,0,11.14172682,0.28022452,-0.25780656,0,0.994,0.025,-0.023,0,0.972,0.076,-0.078,0,1.23,0.13,-0.12,0,0.052,0.062,-0.037,0,962.2,8,-7.9,0,86.48,0.15,-0.2,0,0,12.28,0.27,-0.31,0,146,11,-11,0,<a refstr=RODRIGUEZ_ET_AL__2023 href=https://ui.adsabs.harvard.edu/abs/2023MNRAS.tmp..609R/abstract target=ref>Rodriguez et al. 2023</a>,,4766,52,-54,0,0.769,0.019,-0.017,0,0.817,0.033,-0.03,0,0.306,0.076,-0.077,0,[Fe/H],4.579,0.022,-0.025,0,5.9,4.9,-4,0,2.54,0.17,-0.19,0,,,,,0.001135287,9.806870675608212e-05,-0.000101993,12.27294622194334,0.3160934358860288,-0.340005005,0.003174634,0.00016508,-0.00016596,0.458030593,0.035484011,-0.035362522,2.1210135171917736e+75,2.1210135171917736e+75,-2.12E+75,3.387080534495004,0.039459159,-0.041131698,HJ,A1,0.9998272831550185,B,0.000172716
TOI-1820 b,TOI-1820,1,1,1,Transit,2022,Transiting Exoplanet Survey Satellite (TESS),Published Confirmed,0,<a refstr=KNUDSTRUP_ET_AL__2022 href=https://ui.adsabs.harvard.edu/abs/2022arXiv220413956K/abstract target=ref>Knudstrup et al. 2022</a>,4.860674,5e-06,-5.00E-06,0,0.061,0.003,-0.003,0,12.778238,0.22417961,-0.22417961,0,1.14,0.02,-0.02,0,2.3,0.2,-0.2,0,2,0.2,-0.2,0,0.043,0.008,-0.008,0,1375,12,-12,0,84.4,0.3,-0.3,0,0,8.7,0.3,-0.3,0,273,4,-4,0,<a refstr=KNUDSTRUP_ET_AL__2022 href=https://ui.adsabs.harvard.edu/abs/2022arXiv220413956K/abstract target=ref>Knudstrup et al. 2022</a>,,5734,50,-50,0,1.51,0.06,-0.06,0,1.04,0.13,-0.13,0,0.14,0.15,-0.15,0,[Fe/H],4.24,0.05,-0.05,0,11,2,-2,0,0.43,0.07,-0.07,0,4.5,0.8,-0.8,0,0.002110357,0.000321346,-0.000321346,8.686853109974518,0.5492388006283958,-0.549238801,0.005425104,0.000693602,-0.000613544,0.687452228,0.1043433417834878,-0.088786354,4.7779270195167766e+75,4.7779270195167766e+75,-4.78E+75,3.642105171708004,0.040723265,-0.040723265,HJ,A2,0.9999968175793112,C,2.521747189665311e-06
TOI-1836 c,TOI-1836,1,1,2,Transit,2024,Transiting Exoplanet Survey Satellite (TESS),Published Confirmed,0,<a refstr=POLANSKI_ET_AL__2024 href=https://ui.adsabs.harvard.edu/abs/2024ApJS..272...32P/abstract target=ref>Polanski et al. 2024</a>,1.7727471,7.9e-06,-7.90E-06,0,0.03089,0.0005,-0.0005,0,2.59987579,0.22132646,-0.14409651,0,0.23194578,0.01974546,-0.01285545,0,0.02517081,,,1,3,,,1,0,,,0,2007.6,35.86,-29.1,0,,,,,0,,,,,,,,,<a refstr=MACDOUGALL_ET_AL__2023 href=https://ui.adsabs.harvard.edu/abs/2023AJ....166...33M/abstract target=ref>MacDougall et al. 2023</a>,,6237,91,-69,0,1.6454,0.032,-0.0253,0,1.2518,0.0243,-0.0404,0,-0.136,0.073,-0.034,0,[Fe/H],4.098,0.018,-0.022,0,3.2,0.7,-0.3,0,0.3897,0.0229,-0.0241,0,,,,,1.9187733115294367e-05,,,4.0369744939826315,0.090127595,-0.102146833,0.000573393,,,0.1034140679936333,,,1.0812190988110927e+74,,,3.064311278964248,,,HSubN,B,0.9999997528274344,A,2.471725654622046e-07
TOI-1842 b,TOI-1842,1,1,1,Transit,2021,Transiting Exoplanet Survey Satellite (TESS),Published Confirmed,0,<a refstr=POLANSKI_ET_AL__2024 href=https://ui.adsabs.harvard.edu/abs/2024ApJS..272...32P/abstract target=ref>Polanski et al. 2024</a>,9.5739181,9.9e-06,-9.90E-06,0,0.1,0.002,-0.002,0,12.3485023,0.27917829,-0.2943366,0,1.10166148,0.02490666,-0.026259,0,0.28128386,0.02454154,-0.02454154,0,0.26,0.05,-0.06,0,0.276,0.064,-0.064,0,1199.55,21.83,-21.83,0,,,,,0,,,,,21.7,1.9,-1.9,0,<a refstr=MACDOUGALL_ET_AL__2023 href=https://ui.adsabs.harvard.edu/abs/2023AJ....166...33M/abstract target=ref>MacDougall et al. 2023</a>,,6039,93,-89,0,2.032,0.037,-0.0401,0,1.4643,0.0292,-0.0362,0,0.332,0.06,-0.06,0,[Fe/H],3.986,0.018,-0.021,0,2.5,0.4,-0.3,0,0.2432,0.0157,-0.015,0,,,,,0.000183306,1.6622742101176785e-05,-1.64E-05,10.582441748468376,0.2973347324304069,-0.286226264,0.003938689,0.000226985,-0.000219026,0.2638858339980464,0.020923894,-0.019507215,7.040226276218555e+74,7.040226276218555e+74,-7.04E+74,2.7592355226691603,0.043178682,-0.042677697,HJ,A1,0.9997180714968474,B,0.000281929
TOI-1853 b,TOI-1853,1,1,1,Transit,2023,Transiting Exoplanet Survey Satellite (TESS),Published Confirmed,0,<a refstr=NAPONIELLO_ET_AL__2023 href=https://ui.adsabs.harvard.edu/abs/2023arXiv230901464N/abstract target=ref>Naponiello et al. 2023</a>,1.2436258,1.5e-06,-1.50E-06,0,0.0213,0.0005,-0.0005,0,3.46,0.08,-0.08,0,0.30868106,0.00713713,-0.00713713,0,0.23031296,0.00849515,-0.00849515,0,9.74,0.82,-0.76,0,0.03,,,1,1479,25,-25,0,84.7,0.4,-0.4,0,0,,,,,48.8,1.1,-1,0,<a refstr=NAPONIELLO_ET_AL__2023 href=https://ui.adsabs.harvard.edu/abs/2023arXiv230901464N/abstract target=ref>Naponiello et al. 2023</a>,K2.5 V,4985,70,-70,0,0.808,0.013,-0.013,0,0.837,0.039,-0.039,0,0.11,0.08,-0.08,0,[Fe/H],4.49,0.11,-0.11,0,,,,,,,,,1.3,0.9,-0.9,0,0.000262576,1.5604179531446853e-05,-1.56E-05,5.668626371045901,0.1613216249226699,-0.161321625,0.000945709,4.966315684857734e-05,-4.74E-05,0.2753683697576399,0.018571722,-0.017295688,7.66624281914469e+74,7.66624281914469e+74,-7.67E+74,3.7774854494468744,0.025689218,-0.025689218,HN,B,0.9999480346737696,A,5.196532623048348e-05
TOI-1855 b,TOI-1855,1,1,1,Transit,2024,Transiting Exoplanet Survey Satellite (TESS),Published Confirmed,0,<a refstr=SCHULTE_ET_AL__2024 href=https://ui.adsabs.harvard.edu/abs/2024AJ....168...32S/abstract target=ref>Schulte et al. 2024</a>,1.36414864,5.1e-07,-5.10E-07,0,0.02398,0.00046,-0.00037,0,18.49481816,5.82866996,-4.14732286,0,1.65,0.52,-0.37,0,1.133,0.096,-0.091,0,0.31,0.37,-0.18,0,0.033,0.038,-0.023,0,1701,20,-20,0,78.1,1,-1,0,0,4.95,0.2,-0.15,0,204,16,-15,0,<a refstr=SCHULTE_ET_AL__2024 href=https://ui.adsabs.harvard.edu/abs/2024AJ....168...32S/abstract target=ref>Schulte et al. 2024</a>,,5359,89,-83,0,1.041,0.031,-0.033,0,0.987,0.058,-0.045,0,0.399,0.069,-0.079,0,[Fe/H],4.397,0.04,-0.031,0,8.2,3.5,-4,0,1.23,0.15,-0.11,0,5.74,0.15,-0.15,0,0.001095404,0.000105398,-0.000109014,4.953452917931297,0.1835374573321996,-0.166133713,0.001713958,0.000109021,-0.000103832,0.258120073,0.057292419,-0.049969973,6.735937101541276e+74,6.735937101541276e+74,-6.74E+74,3.0134490597989405,0.198220094,-0.275950608,FHJ,A1,0.9999999819415124,B,1.6674569360255643e-08
TOI-1898 b,TOI-1898,1,1,1,Transit,2024,Transiting Exoplanet Survey Satellite (TESS),Published Confirmed,0,<a refstr=POLANSKI_ET_AL__2024 href=https://ui.adsabs.harvard.edu/abs/2024ApJS..272...32P/abstract target=ref>Polanski et al. 2024</a>,45.52234,6.1e-05,-6.10E-05,0,0.269,0.005,-0.005,0,9.39553231,0.2342915,-0.30913881,0,0.83821469,0.02090212,-0.02757956,0,0.40587939,0.02202446,-0.02517081,0,0.85,0.15,-0.2,0,0.485,0.039,-0.039,0,674.54,11.56,-11.76,0,,,,,0,,,,,22.9,1.1,-1.1,0,<a refstr=MACDOUGALL_ET_AL__2023 href=https://ui.adsabs.harvard.edu/abs/2023AJ....166...33M/abstract target=ref>MacDougall et al. 2023</a>,,6241,88,-85,0,1.6131,0.0292,-0.0312,0,1.2484,0.0261,-0.0375,0,-0.095,0.059,-0.071,0,[Fe/H],4.116,0.019,-0.022,0,3.1,0.6,-0.3,0,0.4128,0.0267,-0.0228,0,,,,,0.000310245,1.924229418829153e-05,-2.03E-05,35.859198557106204,0.961928615,-0.930381977,0.012626416,0.000596988,-0.000579711,0.6455099030784653,0.04515011,-0.040050468,4.212697575043317e+75,4.212697575043317e+75,-4.21E+75,3.155873501912438,0.037042277,-0.034561854,WJ,A2,0.9979673894212736,B,0.002032577
TOI-1899 b,TOI-1899,1,1,1,Transit,2020,Transiting Exoplanet Survey Satellite (TESS),Published Confirmed,0,<a refstr=LIN_ET_AL__2023 href=https://ui.adsabs.harvard.edu/abs/2023AJ....166...90L/abstract target=ref>Lin et al. 2023</a>,29.090312,3.6e-05,-3.50E-05,0,0.1525,0.0065,-0.006,0,11.09689089,0.33626942,-0.33626942,0,0.99,0.03,-0.03,0,0.67,0.04,-0.04,0,0.85,0.1,-0.1,0,0.044,0.029,-0.027,0,378,8,-7,0,89.64,0.07,-0.08,0,0,54.01,1.78,-1.52,0,59.82,3.52,-3.49,0,<a refstr=LIN_ET_AL__2023 href=https://ui.adsabs.harvard.edu/abs/2023AJ....166...90L/abstract target=ref>Lin et al. 2023</a>,,3926,45,-47,0,0.607,0.017,-0.016,0,0.632,0.026,-0.025,0,0.28,0.11,-0.11,0,[Fe/H],4.672,0.021,-0.02,0,7.1,4.5,-4.8,0,3.98,0.29,-0.27,0,,,,,0.001011624,7.244966927369957e-05,-7.33E-05,54.02449833633246,2.7074415872307926,-2.609075685,0.010614572,0.000821242,-0.000758075,0.8075677561363496,0.072022801,-0.066498429,6.5934452599175436e+75,6.5934452599175436e+75,-6.59E+75,3.2289914518690828,0.0369466,-0.0369466,WJ,A2,0.999996647,B,3.3534028986486245e-06
TOI-199 b,TOI-199,1,1,2,Transit,2023,Transiting Exoplanet Survey Satellite (TESS),Published Confirmed,0,<a refstr=HOBSON_ET_AL__2023 href=https://ui.adsabs.harvard.edu/abs/2023arXiv230914915H/abstract target=ref>Hobson et al. 2023</a>,104.854,0.001,-0.002,0,0.4254,0.002,-0.002,0,9.07927437,0.0560449,-0.0560449,0,0.81,0.005,-0.005,0,0.17,0.02,-0.02,0,,,,,0.09,0.01,-0.02,0,,,,,90,,,0,1,,,,,7.7,1.1,-1.1,0,<a refstr=HOBSON_ET_AL__2023 href=https://ui.adsabs.harvard.edu/abs/2023arXiv230914915H/abstract target=ref>Hobson et al. 2023</a>,G9 V,5255,12,-10,0,0.82,0.003,-0.003,0,0.936,0.003,-0.005,0,0.22,0.03,-0.03,0,[Fe/H],4.582,0.003,-0.006,0,0.8,1.2,-0.6,0,2.39,0.02,-0.04,0,0.5,0.6,-0.6,0,0.000173314,2.0410930513064692e-05,-2.04E-05,111.5560744223225,0.66456522,-0.66456522,0.016445051,0.000732024,-0.000762882,0.6171994827084409,0.040615957,-0.041504772,3.851284225015105e+75,3.851284225015105e+75,-3.85E+75,2.8076659219843303,0.05137402,-0.05137402,CJ,D,0.9999999999980532,A,1.7058425946805717e-12
TOI-2000 b,TOI-2000,1,1,2,Transit,2023,Transiting Exoplanet Survey Satellite (TESS),Published Confirmed,0,<a refstr=SHA_ET_AL__2023 href=https://ui.adsabs.harvard.edu/abs/2023MNRAS.tmp.1632S/abstract target=ref>Sha et al. 2023</a>,3.09833,2.1e-05,-1.90E-05,0,0.04271,0.00076,-0.00067,0,2.7,0.15,-0.15,0,0.241,0.014,-0.014,0,0.0347,0.0077,-0.0075,0,3.07,0.94,-0.78,0,0,,,0,1488,122,-160,0,84.59,0.54,-0.43,0,0,8.1,0.28,-0.27,0,4.59,1,-0.99,0,<a refstr=SHA_ET_AL__2023 href=https://ui.adsabs.harvard.edu/abs/2023MNRAS.tmp.1632S/abstract target=ref>Sha et al. 2023</a>,,5611,85,-82,0,1.134,0.037,-0.036,0,1.082,0.059,-0.05,0,0.439,0.041,-0.043,0,[Fe/H],4.363,0.034,-0.032,0,5.3,2.7,-2.7,0,1.047,0.114,-0.1,0,2.99,0.2,-0.2,0,3.0602974399864685e-05,6.936549864290723e-06,-6.82E-06,8.098901313409485,0.2947435084301842,-0.293205469,0.000926283,9.763476474960824e-05,-0.000100365,0.1506572913960712,0.026601488,-0.025376157,2.294746807390051e+74,2.294746807390051e+74,-2.29E+74,3.170482428004493,0.108780925,-0.106569678,HSubN,B,0.9999993317903207,A,6.68209679124046e-07
TOI-2000 c,TOI-2000,1,1,2,Transit,2023,Transiting Exoplanet Survey Satellite (TESS),Published Confirmed,0,<a refstr=SHA_ET_AL__2023 href=https://ui.adsabs.harvard.edu/abs/2023MNRAS.tmp.1632S/abstract target=ref>Sha et al. 2023</a>,9.127055,7.3e-06,-7.20E-06,0,0.0878,0.0016,-0.0014,0,8.14,0.31,-0.3,0,0.727,0.028,-0.027,0,0.257,0.015,-0.014,0,0.829,0.111,-0.096,0,0.063,0.023,-0.022,0,1038,84,-111,0,87.86,0.19,-0.18,0,0,16.64,0.59,-0.55,0,23.7,1,-0.99,0,<a refstr=SHA_ET_AL__2023 href=https://ui.adsabs.harvard.edu/abs/2023MNRAS.tmp.1632S/abstract target=ref>Sha et al. 2023</a>,,5611,85,-82,0,1.134,0.037,-0.036,0,1.082,0.059,-0.05,0,0.439,0.041,-0.043,0,[Fe/H],4.363,0.034,-0.032,0,5.3,2.7,-2.7,0,1.047,0.114,-0.1,0,2.99,0.2,-0.2,0,0.000226656,1.687330882003715e-05,-1.75E-05,16.649111105533894,0.6094340684354339,-0.604624383,0.003711731,0.000201006,-0.000189639,0.3384665600426333,0.028179588,-0.026486747,1.1582065030017102e+75,1.1582065030017102e+75,-1.16E+75,3.081051339976575,0.041025916,-0.04097343,HS,B,0.5239614834074183,A,0.4760385165921891
TOI-201 b,TOI-201,1,1,1,Transit,2021,Transiting Exoplanet Survey Satellite (TESS),Published Confirmed,0,<a refstr=HOBSON_ET_AL__2021 href=https://ui.adsabs.harvard.edu/abs/2021AJ....161..235H/abstract target=ref>Hobson et al. 2021</a>,52.97818,4e-05,-4.00E-05,0,0.3,0.02,-0.03,0,11.298672,0.134508,-0.168135,0,1.008,0.012,-0.015,0,0.42,0.05,-0.03,0,,,,,0.28,0.06,-0.09,0,759,37,-26,0,,,,,0,,,,,19,1,-2,0,<a refstr=HOBSON_ET_AL__2021 href=https://ui.adsabs.harvard.edu/abs/2021AJ....161..235H/abstract target=ref>Hobson et al. 2021</a>,F6 V,6394,75,-75,0,1.317,0.011,-0.011,0,1.316,0.027,-0.027,0,0.24,0.036,-0.036,0,[Fe/H],4.318,0.014,-0.014,0,0.87,0.46,-0.49,0,0.81,0.03,-0.03,0,9.52,0.278,-0.278,0,0.000304547,3.6790115744215554e-05,-2.26E-05,48.982964995188475,3.291059534977698,-4.915352353,0.01399477,0.001610753,-0.001789708,0.6158994916004454,0.069124243,-0.061836839,3.835077592590273e+75,3.835077592590273e+75,-3.84E+75,3.0105152645422435,0.053292917,-0.032699041,WJ,A2,0.988649836,D,0.010615751
TOI-2010 b,TOI-2010,1,1,1,Transit,2023,Transiting Exoplanet Survey Satellite (TESS),Published Confirmed,0,<a refstr=MANN_ET_AL__2023 href=https://ui.adsabs.harvard.edu/abs/2023arXiv231110232M/abstract target=ref>Mann et al. 2023</a>,141.834025,6.5e-05,-6.60E-05,0,0.5516,0.0078,-0.0093,0,11.81426566,0.30264248,-0.30264248,0,1.054,0.027,-0.027,0,1.286,0.055,-0.057,0,1.36,0.11,-0.1,0,0.212,0.022,-0.021,0,400.2,5.6,-5.7,0,89.903,0.064,-0.059,0,0,109.8,2.5,-2.6,0,47.8,1.5,-1.5,0,<a refstr=MANN_ET_AL__2023 href=https://ui.adsabs.harvard.edu/abs/2023arXiv231110232M/abstract target=ref>Mann et al. 2023</a>,F0,5929,74,-74,0,1.079,0.027,-0.026,0,1.112,0.048,-0.055,0,0.168,0.055,-0.055,0,[Fe/H],4.417,0.021,-0.025,0,1.9,2.2,-1.3,0,1.243,0.087,-0.086,0,,,,,0.001103564,7.215875086845325e-05,-6.83E-05,109.92903181372454,3.0713208981238727,-3.316907176,0.039522982,0.001815429,-0.001784512,1.5546860357052212,0.10656662,-0.097762746,2.443654820247631e+76,2.443654820247631e+76,-2.44E+76,3.457746785198504,0.028984028,-0.029421431,CJ,D,1,A,6.325219981480374e-59
TOI-2015 b,TOI-2015,1,1,2,Transit,2023,Transiting Exoplanet Survey Satellite (TESS),Published Confirmed,0,<a refstr=BARKAOUI_ET_AL__2025 href=https://ui.adsabs.harvard.edu/abs/2025arXiv250207074B/abstract target=ref>Barkaoui et al. 2025</a>,3.348237,3.5e-05,-3.00E-05,0,0.029322,3e-06,-3.00E-06,0,3.309,0.013,-0.011,0,0.29520972,0.00115978,-0.00098136,0,0.02894644,0.00100683,-0.00110122,0,1.4,0.052,-0.056,0,0.0789,0.0018,-0.0016,0,530.9,2.9,-3.9,0,87.61,0.01,-0.01,0,1,19.2811,0.0061,-0.006,0,,,,,<a refstr=BARKAOUI_ET_AL__2025 href=https://ui.adsabs.harvard.edu/abs/2025arXiv250207074B/abstract target=ref>Barkaoui et al. 2025</a>,M4 +/- 0.5,3297,14,-28,0,0.3273,0.0029,-0.0051,0,0.3041,0.0353,-0.0312,0,-0.31,0.16,-0.16,0,[Fe/H],5.04,0.04,-0.04,0,5.5,0.5,-0.5,1,11.800246,1.452121,-1.38163,0,2,,,1,9.083226922688402e-05,9.8401737891086e-06,-1.11E-05,19.26447483408293,0.3001861885902834,-0.170701807,0.000913903,4.453755072759383e-05,-4.43E-05,0.1943137895642498,0.014702378,-0.014277516,3.817347594955239e+74,3.817347594955239e+74,-3.82E+74,2.915520891961239,0.015379341,-0.016870735,HN,B,0.9999730718782358,A,2.6928121762452775e-05
TOI-2025 b,TOI-2025,1,1,1,Transit,2022,Transiting Exoplanet Survey Satellite (TESS),Published Confirmed,0,<a refstr=RODRIGUEZ_ET_AL__2023 href=https://ui.adsabs.harvard.edu/abs/2023MNRAS.tmp..609R/abstract target=ref>Rodriguez et al. 2023</a>,8.8720982,7.7e-06,-7.70E-06,0,0.0892,0.0018,-0.0023,0,11.89272852,0.36989636,-0.3474784,0,1.061,0.033,-0.031,0,3.6,0.33,-0.33,0,3.74,0.51,-0.46,0,0.394,0.035,-0.038,0,1166,18,-16,0,88.65,0.9,-0.92,0,0,13.12,0.48,-0.48,0,341,28,-27,0,<a refstr=RODRIGUEZ_ET_AL__2023 href=https://ui.adsabs.harvard.edu/abs/2023MNRAS.tmp..609R/abstract target=ref>Rodriguez et al. 2023</a>,,5977,79,-78,0,1.459,0.043,-0.042,0,1.199,0.074,-0.092,0,0.15,0.11,-0.1,0,[Fe/H],4.187,0.037,-0.04,0,4.5,2.3,-1.5,0,0.542,0.062,-0.058,0,,,,,0.002865133,0.000342505,-0.000316619,13.14677265012739,0.4621776368588886,-0.514821055,0.008784277,0.000691971,-0.00066022,1.004035752543278,0.1151632960238973,-0.101335247,1.0191845220416239e+76,1.0191845220416239e+76,-1.02E+76,3.8990587713279616,0.047211382,-0.048111318,HJ,A2,0.9998542360854182,C,0.000145675
TOI-2076 c,TOI-2076,1,1,4,Transit,2021,Transiting Exoplanet Survey Satellite (TESS),Published Confirmed,0,<a refstr=POLANSKI_ET_AL__2024 href=https://ui.adsabs.harvard.edu/abs/2024ApJS..272...32P/abstract target=ref>Polanski et al. 2024</a>,21.015327,2.3e-05,-2.30E-05,0,0.142,0.003,-0.003,0,3.69441587,0.14154765,-0.11063756,0,0.32959428,0.01262806,-0.00987044,0,0.17304935,,,1,6,,,1,0,,,0,543.16,11.88,-9.82,0,,,,,1,,,,,,,,,<a refstr=MACDOUGALL_ET_AL__2023 href=https://ui.adsabs.harvard.edu/abs/2023AJ....166...33M/abstract target=ref>MacDougall et al. 2023</a>,,5192,61,-58,0,0.796,0.0286,-0.0217,0,0.8557,0.0201,-0.0212,0,0.02,0.058,-0.059,0,[Fe/H],4.566,0.021,-0.035,0,2.7,3.6,-1.9,0,2.3628,0.1885,-0.2502,0,,,,,0.000192979,,,38.360553666709286,1.323032553824822,-1.598894215,0.005689637,,,0.5898768373322901,,,3.517848645620724e+75,,,3.5963976786136027,,,WN,B,0.9992834165262506,A,0.000716583
TOI-2076 d,TOI-2076,1,1,4,Transit,2021,Transiting Exoplanet Survey Satellite (TESS),Published Confirmed,0,<a refstr=POLANSKI_ET_AL__2024 href=https://ui.adsabs.harvard.edu/abs/2024ApJS..272...32P/abstract target=ref>Polanski et al. 2024</a>,35.125686,8.6e-05,-8.60E-05,0,0.199,0.004,-0.004,0,3.43087751,0.21135529,-0.25159474,0,0.30608292,0.01885589,-0.02244582,0,0.0912442,,,1,4,,,1,0,,,0,457.68,10.01,-8.28,0,,,,,1,,,,,,,,,<a refstr=MACDOUGALL_ET_AL__2023 href=https://ui.adsabs.harvard.edu/abs/2023AJ....166...33M/abstract target=ref>MacDougall et al. 2023</a>,,5192,61,-58,0,0.796,0.0286,-0.0217,0,0.8557,0.0201,-0.0212,0,0.02,0.058,-0.059,0,[Fe/H],4.566,0.021,-0.035,0,2.7,3.6,-1.9,0,2.3628,0.1885,-0.2502,0,,,,,0.000101753,,,53.75880408221935,1.8208361966830044,-2.213250567,0.006441609,,,0.5261767351872679,,,2.7990957046964207e+75,,,3.3827141144868103,,,WN,B,0.999885395,A,0.000114605
TOI-2107 b,TOI-2107,1,1,1,Transit,2024,Transiting Exoplanet Survey Satellite (TESS),Published Confirmed,0,<a refstr=SCHULTE_ET_AL__2024 href=https://ui.adsabs.harvard.edu/abs/2024AJ....168...32S/abstract target=ref>Schulte et al. 2024</a>,2.4545467,1.3e-06,-1.30E-06,0,0.03515,0.00059,-0.00067,0,13.57407563,0.39231432,-0.35868738,0,1.211,0.035,-0.032,0,0.83,0.11,-0.11,0,0.577,0.093,-0.086,0,0.033,0.038,-0.023,0,1397,20,-18,0,89.44,0.39,-0.58,0,0,8.13,0.2,-0.27,0,128,17,-16,0,<a refstr=SCHULTE_ET_AL__2024 href=https://ui.adsabs.harvard.edu/abs/2024AJ....168...32S/abstract target=ref>Schulte et al. 2024</a>,,5627,94,-93,0,0.932,0.027,-0.024,0,0.961,0.049,-0.054,0,0.07,0.12,-0.11,0,[Fe/H],4.484,0.024,-0.034,0,4,4,-2.7,0,1.68,0.12,-0.16,0,,,,,0.000824169,0.000118639,-0.000117032,8.109965508540816,0.2492889037085929,-0.281240049,0.002285021,0.000183905,-0.000182449,0.3164103850178943,0.037801752,-0.035729426,1.0121757365126489e+75,1.0121757365126489e+75,-1.01E+75,3.1469768444533255,0.061964612,-0.062793446,FHJ,A1,0.9999738777391408,B,2.612217400809039e-05
TOI-2109 b,TOI-2109,1,1,1,Transit,2021,Transiting Exoplanet Survey Satellite (TESS),Published Confirmed,0,<a refstr=WONG_ET_AL__2021 href=https://ui.adsabs.harvard.edu/abs/2021AJ....162..256W/abstract target=ref>Wong et al. 2021</a>,0.67247414,2.8e-08,-2.80E-07,0,0.01791,0.00065,-0.00065,0,15.098497,0.52682209,-0.52682209,0,1.347,0.047,-0.047,0,5.02,0.75,-0.75,0,,,,,,,,,3646,88,-88,0,70.74,0.37,-0.37,0,0,2.268,0.021,-0.021,0,860,130,-130,0,<a refstr=WONG_ET_AL__2021 href=https://ui.adsabs.harvard.edu/abs/2021AJ....162..256W/abstract target=ref>Wong et al. 2021</a>,F,6540,160,-160,0,1.698,0.062,-0.057,0,1.453,0.074,-0.074,0,0.068,0.07,-0.062,0,[Fe/H],4.139,0.041,-0.046,0,1.77,0.88,-0.68,0,0.417,0.056,-0.053,0,81.2,1.6,-1.6,0,0.003296853,0.00052039,-0.00052039,2.2681276351296784,0.1121295477708613,-0.116767606,0.001848226,0.000193333,-0.000188319,0.4283175111009672,0.060116466,-0.056468859,1.854753180224206e+75,1.854753180224206e+75,-1.85E+75,3.836155564062404,0.071613803,-0.071613803,UHJ,C,0.9998234501721384,A,0.000176536
TOI-2120 b,TOI-2120,1,1,1,Transit,2024,Transiting Exoplanet Survey Satellite (TESS),Published Confirmed,0,<a refstr=HORI_ET_AL__2024 href=https://ui.adsabs.harvard.edu/abs/2024arXiv240512637H/abstract target=ref>Hori et al. 2024</a>,5.7998164,3.5e-06,-3.50E-06,0,0.0377,0.0013,-0.0013,0,2.122,0.065,-0.065,0,0.18931249,0.00579892,-0.00579892,0,0.02139519,,,1,20.6,1.7,-1.5,0,0.32,0.08,-0.08,0,384,6,-6,0,88.67,0.14,-0.11,0,0,33.21,0.87,-0.83,0,7.3,,,1,<a refstr=HORI_ET_AL__2024 href=https://ui.adsabs.harvard.edu/abs/2024arXiv240512637H/abstract target=ref>Hori et al. 2024</a>,,3131,30,-30,0,0.245,0.006,-0.006,0,0.211,0.005,-0.005,0,0.39,0.22,-0.22,0,[Fe/H],4.985,0.024,-0.024,0,,,,,20.3,1.7,-1.5,0,,,,,9.67598345878636e-05,,,33.089092471831336,1.3994811513362784,-1.399481151,0.00120005,,,0.283975368,,,8.152969285108461e+74,,,3.1701446504802533,,,HSubN,B,0.9999353413744824,A,6.465862551737993e-05
TOI-2134 b,TOI-2134,1,1,2,Transit,2023,Transiting Exoplanet Survey Satellite (TESS),Published Confirmed,0,<a refstr=RESCIGNO_ET_AL__2023 href=https://ui.adsabs.harvard.edu/abs/2023MNRAS.tmp.3121R/abstract target=ref>Rescigno et al. 2023</a>,9.2292005,6.3e-06,-6.30E-06,0,0.078,0.0009,-0.0009,0,2.69,0.16,-0.16,0,0.23998614,0.01427427,-0.01427427,0,0.02872619,0.00245415,-0.00239123,0,2.607,0.516,-0.516,0,0.06,0.03,-0.04,0,666,8,-8,0,89.49,0.37,-0.37,0,0,23.66,0.52,-0.52,0,3.4,0.28,-0.29,0,<a refstr=RESCIGNO_ET_AL__2023 href=https://ui.adsabs.harvard.edu/abs/2023MNRAS.tmp.3121R/abstract target=ref>Rescigno et al. 2023</a>,K5 V,4580,50,-50,0,0.709,0.017,-0.017,0,0.744,0.027,-0.027,0,0.12,0.02,-0.02,0,[Fe/H],4.8,0.3,-0.3,0,3.8,5.5,-2.7,0,2.946537,0.140983,-0.140983,0,0.78,0.09,-0.09,0,3.6843978318926134e-05,3.419887007946149e-06,-3.35E-06,23.656906732937145,0.62949308,-0.62949308,0.001799602,9.438820260050489e-05,-9.20E-05,0.2238667278235515,0.022524324,-0.020486025,5.066797723485221e+74,5.066797723485221e+74,-5.07E+74,3.092092746048918,0.063605956,-0.063055803,HSubN,B,0.9999945952172078,A,5.404782791983957e-06
TOI-2136 b,TOI-2136,1,1,1,Transit,2022,Transiting Exoplanet Survey Satellite (TESS),Published Confirmed,0,<a refstr=GAN_ET_AL__2022 href=https://ui.adsabs.harvard.edu/abs/2022MNRAS.tmp.1417G/abstract target=ref>Gan et al. 2022</a>,7.851928,1.8e-05,-1.60E-05,0,0.057,0.006,-0.006,0,2.19,0.17,-0.17,0,0.19537905,0.01516641,-0.01516641,0,0.02004226,0.00770856,-0.00720515,0,3.34,2.55,-1.63,0,0,,,0,395,24,-22,0,89.4,0.3,-0.4,0,0,35.75,1.98,-2.01,0,4.2,1.4,-1.4,0,<a refstr=GAN_ET_AL__2022 href=https://ui.adsabs.harvard.edu/abs/2022MNRAS.tmp.1417G/abstract target=ref>Gan et al. 2022</a>,M4.5 V,3342,100,-100,0,0.34,0.02,-0.02,0,0.34,0.02,-0.02,0,0.03,0.07,-0.07,0,[Fe/H],4.91,0.03,-0.03,0,4.6,1,-1,0,12.2,2.53,-2.53,0,,,,,5.625086428296808e-05,2.1886512493273968e-05,-2.05E-05,36.05002156101767,4.347061624648654,-4.347061625,0.001514296,0.000389246,-0.000368418,0.2620686684775185,0.085886551,-0.076340698,6.943599580383567e+74,6.943599580383567e+74,-6.94E+74,3.114377743,0.1801311171883446,-0.170064774,HSubN,B,0.9999722878199926,A,2.771218000727647e-05
TOI-2141 b,TOI-2141,1,1,1,Transit,2023,Transiting Exoplanet Survey Satellite (TESS),Published Confirmed,0,<a refstr=MARTIOLI_ET_AL__2023 href=https://ui.adsabs.harvard.edu/abs/2023arXiv231107011M/abstract target=ref>Martioli et al. 2023</a>,18.26157,6e-05,-6.00E-05,0,0.133,0.0009,-0.0009,0,3.05,0.23,-0.23,0,0.278,0.021,-0.021,0,0.075,0.012,-0.012,0,4.6,1.3,-1.3,0,0.21,,,1,722,23,-23,0,89,,,-1,0,39,4,-9,0,6,1,-1,0,<a refstr=MARTIOLI_ET_AL__2023 href=https://ui.adsabs.harvard.edu/abs/2023arXiv231107011M/abstract target=ref>Martioli et al. 2023</a>,,5659,48,-48,0,0.98,0.06,-0.06,0,0.94,0.02,-0.02,0,-0.12,0.013,-0.013,0,[Fe/H],4.42,0.04,-0.04,0,6.4,1.8,-1.8,0,,,,,2.7,0.6,-0.6,0,7.613683771380893e-05,1.2289130330065473e-05,-1.23E-05,29.183350787490504,1.797616076136679,-1.797616076,0.003908494,0.000255765,-0.000271249,0.3904387477129933,0.053141525,-0.05016123,1.5412045634682928e+75,1.5412045634682928e+75,-1.54E+75,3.3811587099189033,0.095569365,-0.095569365,WN,B,0.998472031,A,0.001527969
TOI-2145 b,TOI-2145,1,1,1,Transit,2023,Transiting Exoplanet Survey Satellite (TESS),Published Confirmed,0,<a refstr=POLANSKI_ET_AL__2024 href=https://ui.adsabs.harvard.edu/abs/2024ApJS..272...32P/abstract target=ref>Polanski et al. 2024</a>,10.261127,1.1e-05,-1.10E-05,0,0.111,0.002,-0.002,0,12.41899699,0.30986632,-0.25354457,0,1.10795061,0.02764447,-0.02261977,0,5.55960374,0.22339098,-0.22653733,0,5.06,0.86,-1.11,0,0.21,0.018,-0.018,0,1363.43,24.22,-22.09,0,,,,,0,,,,,370.7,6.4,-6.4,0,<a refstr=MACDOUGALL_ET_AL__2023 href=https://ui.adsabs.harvard.edu/abs/2023AJ....166...33M/abstract target=ref>MacDougall et al. 2023</a>,,6200,84,-81,0,2.7505,0.0607,-0.0481,0,1.7169,0.034,-0.0398,0,0.285,0.061,-0.051,0,[Fe/H],3.789,0.019,-0.018,0,1.6,0.2,-0.1,0,0.1142,0.0074,-0.0068,0,,,,,0.003090013,0.000143341,-0.000139991,8.678025454464784,0.2178978847922013,-0.247236495,0.011209923,0.000443578,-0.000424304,1.138239077559621,0.059157057,-0.057695949,1.3098496460262908e+76,1.3098496460262908e+76,-1.31E+76,4.050190074905137,0.02487924,-0.027979248,WJ,A2,0.9999035129203558,C,9.645077718452206e-05
TOI-2154 b,TOI-2154,1,1,1,Transit,2023,Transiting Exoplanet Survey Satellite (TESS),Published Confirmed,0,<a refstr=RODRIGUEZ_ET_AL__2023 href=https://ui.adsabs.harvard.edu/abs/2023MNRAS.tmp..609R/abstract target=ref>Rodriguez et al. 2023</a>,3.8240801,2.5e-06,-2.50E-06,0,0.0513,0.0011,-0.0013,0,16.28664896,0.59407598,-0.53803107,0,1.453,0.053,-0.048,0,0.92,0.19,-0.18,0,0.37,0.092,-0.081,0,0.117,0.1,-0.079,0,1580,27,-27,0,83.37,0.55,-0.75,0,0,7.91,0.33,-0.37,0,105,21,-21,0,<a refstr=RODRIGUEZ_ET_AL__2023 href=https://ui.adsabs.harvard.edu/abs/2023MNRAS.tmp..609R/abstract target=ref>Rodriguez et al. 2023</a>,,6280,160,-160,0,1.396,0.049,-0.043,0,1.233,0.077,-0.09,0,0.011,0.071,-0.059,0,[Fe/H],4.239,0.042,-0.051,0,2.9,2.1,-1.5,0,0.639,0.083,-0.087,0,,,,,0.00071201,0.00015596,-0.00014623,7.902082090022501,0.296571553,-0.342097463,0.003176184,0.000365993,-0.000354748,0.3243553267171984,0.055964213,-0.050680084,1.0636445839028275e+75,1.0636445839028275e+75,-1.06E+75,3.0334436371128684,0.094169325,-0.090685266,HJ,A1,0.9999998124538184,B,1.875393493216211e-07
TOI-2158 b,TOI-2158,1,1,1,Transit,2022,Transiting Exoplanet Survey Satellite (TESS),Published Confirmed,0,<a refstr=KNUDSTRUP_ET_AL__2022 href=https://ui.adsabs.harvard.edu/abs/2022arXiv220413956K/abstract target=ref>Knudstrup et al. 2022</a>,8.60077,3e-05,-3.00E-05,0,0.075,0.004,-0.004,0,10.76062147,0.13450777,-0.13450777,0,0.96,0.012,-0.012,0,0.82,0.08,-0.08,0,1.14,0.12,-0.12,0,0.07,,,1,1188,10,-10,0,85.7,0.4,-0.3,0,0,11.4,0.6,-0.5,0,75,4,-4,0,<a refstr=KNUDSTRUP_ET_AL__2022 href=https://ui.adsabs.harvard.edu/abs/2022arXiv220413956K/abstract target=ref>Knudstrup et al. 2022</a>,,5673,50,-50,0,1.41,0.03,-0.03,0,1.12,0.12,-0.12,0,0.47,0.08,-0.08,0,[Fe/H],4.19,0.05,-0.05,0,8,1,-1,0,0.56,0.07,-0.07,0,3.7,0.5,-0.5,0,0.000698646,0.000101238,-0.000101238,11.438043421748798,0.6567805776762798,-0.656780578,0.004614308,0.000592297,-0.000533855,0.4779425691484004,0.069342267,-0.060704581,2.309435787787955e+75,2.309435787787955e+75,-2.31E+75,3.3434584246679355,0.043739177,-0.043739177,HJ,A1,0.9998167563967024,B,0.000183244
TOI-2196 b,TOI-2196,1,1,1,Transit,2022,Transiting Exoplanet Survey Satellite (TESS),Published Confirmed,0,<a refstr=PERSSON_ET_AL__2022 href=https://ui.adsabs.harvard.edu/abs/2022arXiv220805797P/abstract target=ref>Persson et al. 2022</a>,1.1947268,7.9e-06,-9.30E-06,0,0.02234,0.0006,-0.0006,0,3.51,0.15,-0.15,0,0.31314176,0.01338213,-0.01338213,0,0.08180515,0.00409026,-0.00409026,0,3.31,0.51,-0.43,0,0,,,0,1860,20,-20,0,81.11,0.57,-0.55,0,0,4.61,0.01,-0.01,0,15.16,0.67,-0.69,0,<a refstr=PERSSON_ET_AL__2022 href=https://ui.adsabs.harvard.edu/abs/2022arXiv220805797P/abstract target=ref>Persson et al. 2022</a>,G V,5634,31,-31,0,1.043,0.017,-0.017,0,1.032,0.038,-0.038,0,0.14,0.05,-0.05,0,[Fe/H],4.42,0.04,-0.04,0,4.5,2,-2,0,1.25,0.09,-0.09,0,2,0.4,-0.4,0,7.564189023154482e-05,4.697014859208382e-06,-4.70E-06,4.605835793659751,0.1446991668840523,-0.144699167,0.000655084,3.722732964393761e-05,-3.59E-05,0.1502810940382996,0.012230633,-0.011312936,2.283300964204702e+74,2.283300964204702e+74,-2.28E+74,3.3154857073155823,0.043004239,-0.043004239,HN,B,0.9999908919574751,A,9.1080425247733e-06
TOI-2207 b,TOI-2207,1,1,1,Transit,2022,Transiting Exoplanet Survey Satellite (TESS),Published Confirmed,0,<a refstr=YEE_ET_AL__2022 href=https://ui.adsabs.harvard.edu/abs/2022AJ....164...70Y/abstract target=ref>Yee et al. 2022</a>,8.001968,2.4e-05,-2.50E-05,0,0.0854,0.0015,-0.0016,0,11.1529358,0.31385146,-0.30264248,0,0.995,0.028,-0.027,0,0.64,0.1,-0.12,0,0.8,0.16,-0.16,0,0.174,0.048,-0.052,0,1259,16,-15,0,88.84,0.79,-0.85,0,0,11.7,0.4,-0.4,0,55.8,8.3,-10,0,<a refstr=YEE_ET_AL__2022 href=https://ui.adsabs.harvard.edu/abs/2022AJ....164...70Y/abstract target=ref>Yee et al. 2022</a>,,6101,75,-73,0,1.564,0.041,-0.04,0,1.296,0.069,-0.072,0,0.181,0.086,-0.086,0,[Fe/H],4.161,0.034,-0.036,0,3.3,1.3,-1.1,0,0.476,0.05,-0.047,0,,,,,0.000471234,7.814596388166684e-05,-9.18E-05,11.741692758622843,0.3642975870528605,-0.378336096,0.004607828,0.000408084,-0.000461016,0.4114221457832965,0.054142662,-0.058399698,1.7113143568782676e+75,1.7113143568782676e+75,-1.71E+75,3.204720850855792,0.071835304,-0.085019561,HJ,A1,0.999556211,B,0.000443789
TOI-2236 b,TOI-2236,1,1,1,Transit,2022,Transiting Exoplanet Survey Satellite (TESS),Published Confirmed,0,<a refstr=YEE_ET_AL__2022 href=https://ui.adsabs.harvard.edu/abs/2022AJ....164...70Y/abstract target=ref>Yee et al. 2022</a>,3.5315902,2.6e-06,-2.60E-06,0,0.05009,0.0008,-0.00082,0,14.36991326,0.35868738,-0.3474784,0,1.282,0.032,-0.031,0,1.58,0.4,-0.39,0,0.93,0.25,-0.24,0,0,0.048,-0.052,0,1688,19,-21,0,83.58,0.26,-0.25,0,0,6.84,0.16,-0.15,0,172,43,-43,0,<a refstr=YEE_ET_AL__2022 href=https://ui.adsabs.harvard.edu/abs/2022AJ....164...70Y/abstract target=ref>Yee et al. 2022</a>,,6248,72,-77,0,1.573,0.033,-0.033,0,1.343,0.066,-0.065,0,0.119,0.081,-0.078,0,[Fe/H],4.172,0.024,-0.024,0,2.52,0.89,-0.82,0,0.486,0.034,-0.031,0,,,,,0.001122645,0.000289361,-0.000282547,6.847497765997119,0.1805455732551071,-0.182214691,0.003609592,0.00041008,-0.000430465,0.4284546140476235,0.073237786,-0.072827909,1.8559407703588608e+75,1.8559407703588608e+75,-1.86E+75,3.3770680749521813,0.111936123,-0.109369753,HJ,A1,0.9999976171374744,B,2.382707116707215e-06
TOI-2295 b,TOI-2295,1,1,2,Transit,2024,Transiting Exoplanet Survey Satellite (TESS),Published Confirmed,0,<a refstr=HEIDARI_ET_AL__2024 href=https://ui.adsabs.harvard.edu/abs/2024arXiv241208527H/abstract target=ref>Heidari et al. 2024</a>,30.033302,7.2e-05,-7.30E-05,0,0.1992,0.0039,-0.0041,0,16.47720163,9.52763359,-5.94075977,0,1.47,0.85,-0.53,0,0.875,0.042,-0.041,0,0.34,0.96,-0.25,0,0.334,0.012,-0.012,0,747,24,-24,0,88.16,0.14,-0.15,0,0,,,,,54.7,1.3,-1.3,0,<a refstr=HEIDARI_ET_AL__2024 href=https://ui.adsabs.harvard.edu/abs/2024arXiv241208527H/abstract target=ref>Heidari et al. 2024</a>,,5730,140,-140,0,1.459,0.056,-0.058,0,1.168,0.07,-0.071,0,0.316,0.04,-0.04,0,[Fe/H],4.176,0.042,-0.039,0,10.5,1.4,-1.4,0,0.528,0.075,-0.06,0,3.9,1,-1,0,0.000714869,5.5369572319542274e-05,-5.44E-05,29.35916044736969,1.3009890701061673,-1.278673187,0.012349739,0.000710292,-0.000674858,0.6367242470652885,0.2125641145401651,-0.161071369,4.098804846217714e+75,4.098804846217714e+75,-4.10E+75,3.001560421889317,0.3138577838661168,-0.502657413,WJ,A2,0.999999769,B,2.3100793926328417e-07
TOI-2328 b,TOI-2328,1,1,1,Transit,2025,Transiting Exoplanet Survey Satellite (TESS),Published Confirmed,0,<a refstr=TALA_PINTO_ET_AL__2025 href=https://ui.adsabs.harvard.edu/abs/2025A&A...694A.268T/abstract target=ref>Tala Pinto et al. 2025</a>,17.10197,1e-05,-1.00E-05,0,0.127,0.006,-0.007,0,9.97599282,0.33626942,-0.44835923,0,0.89,0.03,-0.04,0,0.16,0.02,-0.02,0,0.29,0.04,-0.05,0,0.057,0.046,-0.029,0,842,20,-21,0,88.66,0.08,-0.08,0,0,,,,,13.29,1.57,-1.53,0,<a refstr=TALA_PINTO_ET_AL__2025 href=https://ui.adsabs.harvard.edu/abs/2025A&A...694A.268T/abstract target=ref>Tala Pinto et al. 2025</a>,,5525,147,-144,0,0.9,0.06,-0.06,0,0.95,0.06,-0.06,0,0.09,0.03,-0.03,0,[Fe/H],4.505,0.021,-0.02,0,4,2.3,-2.7,0,1.8061,0.0421,-0.0354,0,2.61,0.25,-0.25,0,0.000160716,2.2508160246785424e-05,-2.25E-05,30.343858304186032,2.479382700414306,-2.624778914,0.004787578,0.000541587,-0.000548252,0.3098045769351268,0.045696066,-0.041095199,9.703538272053707e+74,9.703538272053707e+74,-9.70E+74,2.699527007729455,0.066865539,-0.061678809,WJ,A2,0.990228726,B,0.009771274
TOI-2338 b,TOI-2338,1,1,1,Transit,2023,Transiting Exoplanet Survey Satellite (TESS),Published Confirmed,0,<a refstr=BRAHM_ET_AL__2023 href=https://arxiv.org/abs/2304.02139 target=ref>Brahm et al. 2023</a>,22.65398,2e-05,-2.00E-05,0,0.158,0.003,-0.003,0,11.2089807,0.22417961,-0.22417961,0,1,0.02,-0.02,0,5.98,0.21,-0.2,0,,,,,0.676,0.002,-0.002,0,799,10,-11,0,89.52,0.02,-0.02,0,0,32.3,0.6,-0.6,0,584,4,-4,0,<a refstr=BRAHM_ET_AL__2023 href=https://arxiv.org/abs/2304.02139 target=ref>Brahm et al. 2023</a>,,5581,60,-60,0,1.05,0.01,-0.01,0,0.99,0.03,-0.02,0,0.22,0.04,-0.04,0,[Fe/H],4.4,0.02,-0.02,0,7,2,-2,0,1.301,0.051,-0.058,0,2.5,0.3,-0.3,0,0.005764046,0.000233521,-0.000260139,32.35768017139298,0.6873414853082426,-0.687341485,0.019642306,0.000742765,-0.000778862,1.9522899647505885,0.093882053,-0.097851699,3.853391257987248e+76,3.853391257987248e+76,-3.85E+76,4.170888222351767,0.023116576,-0.022644015,WJ,C,0.9999894812160725,A,1.051878378130433e-05
TOI-2364 b,TOI-2364,1,1,1,Transit,2023,Transiting Exoplanet Survey Satellite (TESS),Published Confirmed,0,<a refstr=YEE_ET_AL__2023 href=https://ui.adsabs.harvard.edu/abs/2023ApJS..265....1Y/abstract target=ref>Yee et al. 2023</a>,4.0197517,4.3e-06,-4.30E-06,0,0.04871,0.00069,-0.00079,0,8.60849718,0.25780656,-0.20176165,0,0.768,0.023,-0.018,0,0.225,0.043,-0.049,0,0.61,0.13,-0.14,0,0,,,0,1091,17,-14,0,88.98,0.62,-0.54,0,0,11.84,0.22,-0.33,0,29.7,5.6,-6.4,0,<a refstr=YEE_ET_AL__2023 href=https://ui.adsabs.harvard.edu/abs/2023ApJS..265....1Y/abstract target=ref>Yee et al. 2023</a>,,5306,76,-68,0,0.886,0.021,-0.017,0,0.954,0.041,-0.046,0,0.344,0.085,-0.085,0,[Fe/H],4.524,0.018,-0.029,0,3.5,4.2,-2.4,0,1.94,0.11,-0.16,0,,,,,0.000225059,4.435905986062979e-05,-5.00E-05,11.82208282999957,0.2819548803904343,-0.339527246,0.002054359,0.00019085,-0.00021813,0.2444152559100049,0.034222587,-0.037545148,6.03964043996057e+74,6.03964043996057e+74,-6.04E+74,2.9756471164116944,0.085458652,-0.098091609,HJ,A1,0.7689253522565853,B,0.2310746477397288
TOI-2368 b,TOI-2368,1,1,1,Transit,2024,Transiting Exoplanet Survey Satellite (TESS),Published Confirmed,0,<a refstr=SCHULTE_ET_AL__2024 href=https://ui.adsabs.harvard.edu/abs/2024AJ....168...32S/abstract target=ref>Schulte et al. 2024</a>,5.1750073,1.6e-06,-1.60E-06,0,0.05649,0.001,-0.001,0,10.83908434,0.40352331,-0.3474784,0,0.967,0.036,-0.031,0,0.65,0.18,-0.18,0,0.88,0.27,-0.26,0,0.061,0.066,-0.042,0,1000,44,-31,0,86.61,0.19,-0.29,0,0,14.37,0.42,-0.55,0,81,23,-23,0,<a refstr=SCHULTE_ET_AL__2024 href=https://ui.adsabs.harvard.edu/abs/2024AJ....168...32S/abstract target=ref>Schulte et al. 2024</a>,,5360,230,-170,0,0.846,0.031,-0.026,0,0.897,0.048,-0.049,0,0.1,0.18,-0.15,0,[Fe/H],4.538,0.027,-0.038,0,4.2,5.1,-3,0,2.1,0.19,-0.23,0,,,,,0.000691484,0.000195178,-0.00019503,14.358557175435324,0.5092489187051793,-0.584321117,0.00346358,0.000432846,-0.00046246,0.4111646706967515,0.078819594,-0.079672936,1.709173086931575e+75,1.709173086931575e+75,-1.71E+75,3.236247446840208,0.1234475698807957,-0.124537491,HJ,A1,0.999508524,B,0.000491476
TOI-2374 b,TOI-2374,1,1,1,Transit,2024,Transiting Exoplanet Survey Satellite (TESS),Published Confirmed,0,<a refstr=HACKER_ET_AL__2024 href=https://ui.adsabs.harvard.edu/abs/2024MNRAS.tmp.1415H/abstract target=ref>Hacker et al. 2024</a>,4.31361,1e-05,-1.00E-05,0,0.0471,0.0002,-0.0002,0,6.81,0.3,-0.3,0,0.60754855,0.02676425,-0.02676425,0,0.17820937,0.01098077,-0.01343492,0,0.98,0.15,-0.13,0,0.13,,,1,885,22,-22,0,87.5,0.3,-0.2,0,0,14.7,0.4,-0.4,0,27,2,-2,0,<a refstr=HACKER_ET_AL__2024 href=https://ui.adsabs.harvard.edu/abs/2024MNRAS.tmp.1415H/abstract target=ref>Hacker et al. 2024</a>,,4802,97,-97,0,0.69,0.02,-0.02,0,0.75,0.01,-0.01,0,0.15,0.04,-0.04,0,[Fe/H],4.14,0.24,-0.24,0,4.1,0.63,-0.63,0,,,,,0.5,,,1,0.000226741,1.4294530360866502e-05,-1.74E-05,14.678490853753804,0.4300047704877397,-0.43000477,0.001991395,5.786382674353085e-05,-6.81E-05,0.2712297843744447,0.017133066,-0.018209344,7.437538406359485e+74,7.437538406359485e+74,-7.44E+74,3.077955596,0.046692821,-0.050359491,HS,B,0.8206250985726953,A,0.1793749014265242
TOI-2384 b,TOI-2384,1,1,1,Transit,2024,Transiting Exoplanet Survey Satellite (TESS),Published Confirmed,0,<a refstr=BRYANT_ET_AL__2024 href=https://ui.adsabs.harvard.edu/abs/2024MNRAS.533.3893B/abstract target=ref>Bryant et al. 2024</a>,2.13570304,3.8e-07,-3.80E-07,0,0.02793,0.00023,-0.00023,0,11.48920522,0.23538859,-0.23538859,0,1.025,0.021,-0.021,0,1.966,0.059,-0.059,0,2.26,0.15,-0.15,0,0,,,0,889.7,5,-5,0,88.37,0.34,-0.34,0,0,9.82,0.12,-0.12,0,419,10,-10,0,<a refstr=BRYANT_ET_AL__2024 href=https://ui.adsabs.harvard.edu/abs/2024MNRAS.533.3893B/abstract target=ref>Bryant et al. 2024</a>,,3943,14,-14,0,0.6113,0.008,-0.008,0,0.635,0.016,-0.016,0,0.332,0.063,-0.063,0,[Fe/H],4.66,0.013,-0.013,0,9.4,5.8,-5.8,0,3.91,0.15,-0.15,0,,,,,0.002954413,0.00011577,-0.00011577,9.824854559,0.1519137116694745,-0.151913712,0.002778781,7.48045503335573e-05,-7.33E-05,0.580445185,0.024894912,-0.023847138,3.4062529045634896e+75,3.4062529045634896e+75,-3.41E+75,3.6663228210759264,0.022057761,-0.022057761,FHJ,C,0.9651763930022994,A,0.034820612
TOI-2406 b,TOI-2406,1,1,1,Transit,2021,Transiting Exoplanet Survey Satellite (TESS),Published Confirmed,0,<a refstr=HORI_ET_AL__2024 href=https://ui.adsabs.harvard.edu/abs/2024arXiv240512637H/abstract target=ref>Hori et al. 2024</a>,3.0766891,2.4e-06,-2.40E-06,0,0.02267,0.00071,-0.00071,0,2.86,0.063,-0.069,0,0.25515255,0.00562049,-0.00615578,0,0.04908309,,,1,27.4,1.9,-1.9,0,0.17,0.11,-0.05,0,449,7,-7,0,89.8,0.14,-0.19,0,0,23.95,0.54,-0.54,0,23.7,,,1,<a refstr=HORI_ET_AL__2024 href=https://ui.adsabs.harvard.edu/abs/2024arXiv240512637H/abstract target=ref>Hori et al. 2024</a>,,3100,31,-24,0,0.204,0.004,-0.004,0,0.166,0.004,-0.004,0,-0.26,0.24,-0.24,0,[Fe/H],5.041,0.022,-0.02,0,,,,,27.7,2.1,-1.7,0,,,,,0.000282153,,,23.896315461645344,0.8829817885015226,-0.882981789,0.001030955,,,0.323907117,,,1.060707027473182e+75,,,3.271519107982221,,,HSubN,B,0.9990682631658192,A,0.000931737
TOI-2416 b,TOI-2416,1,1,1,Transit,2023,Transiting Exoplanet Survey Satellite (TESS),Published Confirmed,0,<a refstr=EBERHARDT_ET_AL__2023 href=https://ui.adsabs.harvard.edu/abs/2023AJ....166..271E/abstract target=ref>Eberhardt et al. 2023</a>,8.275479,9e-06,-9.00E-06,0,0.0831,0.0007,-0.0007,0,9.86390302,0.22417961,-0.22417961,0,0.88,0.02,-0.02,0,3,0.1,-0.09,0,5.4,0.3,-0.3,0,0.32,0.02,-0.02,0,1080,10,-10,0,90,0.6,-0.6,0,0,14.4,0.4,-0.5,0,296,8,-8,0,<a refstr=EBERHARDT_ET_AL__2023 href=https://ui.adsabs.harvard.edu/abs/2023AJ....166..271E/abstract target=ref>Eberhardt et al. 2023</a>,,5808,80,-80,0,1.236,0.018,-0.018,0,1.118,0.029,-0.027,0,0.32,0.05,-0.05,0,[Fe/H],4.303,0.019,-0.02,0,4.9,1.2,-1.1,0,0.835,0.049,-0.048,0,2.4,0.5,-0.5,0,0.002560595,0.0001054,-0.000101551,14.457464787159958,0.2432297688870744,-0.243229769,0.007882686,0.000219516,-0.000211124,1.0059622536050103,0.045573488,-0.042821144,1.0230994100535904e+76,1.0230994100535904e+76,-1.02E+76,3.982342948782681,0.024479831,-0.023652571,HJ,A2,0.999998428,B,8.100694945361042e-07
TOI-2421 b,TOI-2421,1,1,1,Transit,2022,Transiting Exoplanet Survey Satellite (TESS),Published Confirmed,0,<a refstr=YEE_ET_AL__2022 href=https://ui.adsabs.harvard.edu/abs/2022AJ....164...70Y/abstract target=ref>Yee et al. 2022</a>,4.3474032,7.9e-06,-7.80E-06,0,0.0543,0.0021,-0.001,0,10.36830715,0.39231432,-0.38110534,0,0.925,0.035,-0.034,0,0.333,0.079,-0.079,0,0.52,0.15,-0.13,0,0,0.048,-0.052,0,1534,20,-28,0,86.49,1.3,-0.76,0,0,6.67,0.34,-0.24,0,37.8,8.6,-8.9,0,<a refstr=YEE_ET_AL__2022 href=https://ui.adsabs.harvard.edu/abs/2022AJ....164...70Y/abstract target=ref>Yee et al. 2022</a>,,5607,68,-68,0,1.75,0.051,-0.049,0,1.131,0.13,-0.064,0,0.19,0.083,-0.085,0,[Fe/H],4.005,0.059,-0.037,0,7.5,1.7,-2.8,0,0.297,0.048,-0.031,0,,,,,0.000280959,6.852384061972595e-05,-7.41E-05,6.6722355695188815,0.3185725821424595,-0.230019239,0.00246589,0.000337628,-0.000333107,0.2627257536068347,0.049702198,-0.051391406,6.978462625104888e+74,6.978462625104888e+74,-6.98E+74,2.984347806391611,0.1078640475056292,-0.108145705,HJ,A1,0.9919079165310758,B,0.008092083
TOI-2447 b,TOI-2447,1,1,1,Transit,2024,Transiting Exoplanet Survey Satellite (TESS),Published Confirmed,0,<a refstr=GILL_ET_AL__2024 href=https://ui.adsabs.harvard.edu/abs/2024arXiv240507367G/abstract target=ref>Gill et al. 2024</a>,69.33684,9e-05,-0.00011,0,0.347,0.029,-0.026,0,9.60609646,0.13450777,-0.12329879,0,0.857,0.012,-0.011,0,0.393,0.031,-0.027,0,,,,,0.17,0.02,-0.1,0,414,28,-7,0,,,,,1,77.82101,6.085,-6.85299,0,18.8,0.14,-0.14,0,<a refstr=GILL_ET_AL__2024 href=https://ui.adsabs.harvard.edu/abs/2024arXiv240507367G/abstract target=ref>Gill et al. 2024</a>,,5730,80,-80,0,1.006,0.009,-0.009,0,1.034,0.032,-0.032,0,0.18,0.08,-0.08,0,[Fe/H],4.3,0.1,-0.1,0,2.1,1,-1,0,,,,,3.5,0.6,-0.6,0,0.000362688,3.0732092638356265e-05,-2.73E-05,74.17218694445373,6.234243754593683,-5.597044704,0.017158008,0.002111351,-0.001814439,0.7839585770829299,0.082685139,-0.072274331,6.213562855040029e+75,6.213562855040029e+75,-6.21E+75,3.122617944892386,0.03602581,-0.032220629,WJ,D,0.9999898083248394,A,1.0146035252089646e-05
TOI-2458 b,TOI-2458,1,1,2,Transit,2024,Transiting Exoplanet Survey Satellite (TESS),Published Confirmed,0,<a refstr=_AMP_SCARON_UBJAK_ET_AL__2024 href=https://ui.adsabs.harvard.edu/abs/2024arXiv240917532S/abstract target=ref>&Scaron;ubjak et al. 2024</a>,3.73659,0.00044,-0.00047,0,0.0482,0.0025,-0.0027,0,2.83,0.2,-0.18,0,0.25247612,0.01784284,-0.01605855,0,0.04187794,0.00311489,-0.0030205,0,3.23,0.76,-0.64,0,0.087,0.062,-0.056,0,1509.4,41.4,-35.2,0,84.03,0.45,-0.52,0,0,,,,,5.31,0.38,-0.37,0,<a refstr=_AMP_SCARON_UBJAK_ET_AL__2024 href=https://ui.adsabs.harvard.edu/abs/2024arXiv240917532S/abstract target=ref>&Scaron;ubjak et al. 2024</a>,F9-F9.5,6005,50,-50,0,1.31,0.03,-0.03,0,1.05,0.03,-0.03,0,-0.1,0.05,-0.05,0,[Fe/H],4.2,0.05,-0.05,0,5.7,0.9,-0.8,0,0.659,0.051,-0.047,0,2.5,2.5,-2.5,0,3.805900553999377e-05,3.0325033185853795e-06,-2.95E-06,7.911982768741901,0.4485929194556189,-0.478809257,0.001124154,9.868449958817436e-05,-9.88E-05,0.1743789887391662,0.019986188,-0.018862858,3.0742754254589307e+74,3.0742754254589307e+74,-3.07E+74,3.211731733831359,0.06399681,-0.068914728,HSubN,B,0.9999984331932672,A,1.5668067327989942e-06
TOI-2497 b,TOI-2497,1,1,1,Transit,2023,Transiting Exoplanet Survey Satellite (TESS),Published Confirmed,0,<a refstr=RODRIGUEZ_ET_AL__2023 href=https://ui.adsabs.harvard.edu/abs/2023MNRAS.tmp..609R/abstract target=ref>Rodriguez et al. 2023</a>,10.655669,3.8e-05,-3.80E-05,0,0.1166,0.0018,-0.0018,0,11.14172682,0.61649394,-0.54924005,0,0.994,0.055,-0.049,0,4.82,0.41,-0.41,0,6.1,1.2,-1.1,0,0.195,0.043,-0.04,0,1595,45,-42,0,88.16,1.1,-0.8,0,0,10.63,0.58,-0.55,0,300,23,-24,0,<a refstr=RODRIGUEZ_ET_AL__2023 href=https://ui.adsabs.harvard.edu/abs/2023MNRAS.tmp..609R/abstract target=ref>Rodriguez et al. 2023</a>,,7360,320,-300,0,2.36,0.12,-0.11,0,1.859,0.087,-0.083,0,0.094,0.076,-0.072,0,[Fe/H],3.962,0.05,-0.049,0,1,0.22,-0.19,0,0.2,0.034,-0.029,0,,,,,0.002474167,0.000237688,-0.000240208,10.62419755251996,0.5216492895171304,-0.564561605,0.010934556,0.000650141,-0.000641274,1.1021042851055989,0.1117654804863177,-0.106896281,1.2280041823417612e+76,1.2280041823417612e+76,-1.23E+76,4.082461307807579,0.056551543,-0.060618086,WJ,A2,0.999999698,B,2.852560643762502e-07
TOI-2498 b,TOI-2498,1,1,1,Transit,2023,Transiting Exoplanet Survey Satellite (TESS),Published Confirmed,0,<a refstr=FRAME_ET_AL__2023 href=https://ui.adsabs.harvard.edu/abs/2023MNRAS.tmp.1428F/abstract target=ref>Frame et al. 2023</a>,3.738252,4e-06,-4.00E-06,0,0.0491,0.003,-0.003,0,6.06,0.29,-0.27,0,0.54063792,0.02587211,-0.02408783,0,0.1089267,0.01290004,-0.01286858,0,0.86,0.25,-0.2,0,0.089,0.075,-0.075,0,1443,15,-28,0,87.12,1.7,-1.7,0,0,,,,,13.25,1.36,-1.36,0,<a refstr=FRAME_ET_AL__2023 href=https://ui.adsabs.harvard.edu/abs/2023MNRAS.tmp.1428F/abstract target=ref>Frame et al. 2023</a>,,5905,12,-12,0,1.26,0.04,-0.04,0,1.12,0.02,-0.02,0,0.167,0.01,-0.041,0,[Fe/H],4.297,0.021,-0.021,0,3.6,1.1,-1.1,0,0.79,0.1,-0.08,0,,,,,9.280636204481792e-05,1.1115172104044884e-05,-1.11E-05,8.379546922022127,0.5769727673735244,-0.576972767,0.001541347,0.000166574,-0.000161733,0.1878142066025613,0.023398671,-0.02233476,3.566246380935927e+74,3.566246380935927e+74,-3.57E+74,2.965508378,0.064366105,-0.066031811,HS,B,0.988831809,A,0.011168191
TOI-251 b,TOI-251,1,1,1,Transit,2021,Transiting Exoplanet Survey Satellite (TESS),Published Confirmed,0,<a refstr=ZHOU_ET_AL__2021 href=https://ui.adsabs.harvard.edu/abs/2021AJ....161....2Z/abstract target=ref>Zhou et al. 2021</a>,4.93777,2.8e-05,-2.90E-05,0,0.05741,0.00023,-0.00017,0,2.74,0.18,-0.18,0,0.24444643,0.01605852,-0.01605852,0,1,,,1,,,,,0,,,0,,,,,87.52,0.4,-0.31,0,0,14.02,0.82,-0.61,0,120,,,1,<a refstr=ZHOU_ET_AL__2021 href=https://ui.adsabs.harvard.edu/abs/2021AJ....161....2Z/abstract target=ref>Zhou et al. 2021</a>,,5875,100,-190,0,0.881,0.038,-0.047,0,1.036,0.013,-0.009,0,-0.106,0.079,-0.07,0,[Fe/H],4.56,0.046,-0.046,0,0.18,0.14,-0.14,0,,,,,11.5,1,-1,0,0.000921089,,,14.012680782566232,0.7496599832370079,-0.60582885,0.003873002,,,0.9514913181814478,,,9.153013941687075e+75,,,4.617819640314982,,,HSubN,A2,0.990678134,B,0.009321866
TOI-2524 b,TOI-2524,1,1,1,Transit,2023,Transiting Exoplanet Survey Satellite (TESS),Published Confirmed,0,<a refstr=EBERHARDT_ET_AL__2023 href=https://ui.adsabs.harvard.edu/abs/2023AJ....166..271E/abstract target=ref>Eberhardt et al. 2023</a>,7.18585,1e-05,-1.00E-05,0,0.073,0.0007,-0.0007,0,11.2089807,0.22417961,-0.33626942,0,1,0.02,-0.03,0,0.64,0.04,-0.04,0,0.79,0.08,-0.08,0,0,,,0,1100,20,-20,0,89.4,0.4,-0.4,0,0,14.3,0.2,-0.3,0,67,4,-4,0,<a refstr=EBERHARDT_ET_AL__2023 href=https://ui.adsabs.harvard.edu/abs/2023AJ....166..271E/abstract target=ref>Eberhardt et al. 2023</a>,,5831,80,-80,0,1.119,0.024,-0.023,0,1.007,0.032,-0.029,0,0.06,0.05,-0.05,0,[Fe/H],4.344,0.026,-0.025,0,6.7,1.7,-1.6,0,1.013,0.083,-0.075,0,2.2,0.5,-0.5,0,0.000606474,4.173489880377389e-05,-4.25E-05,14.02821339768369,0.3181713049891883,-0.32957479,0.004284365,0.000172583,-0.000174474,0.4304467821068304,0.02887357,-0.026131927,1.873239879766244e+75,1.873239879766244e+75,-1.87E+75,3.200367012347243,0.037626673,-0.032226436,HJ,A1,0.999808916,B,0.000191084
TOI-2525 b,TOI-2525,1,1,2,Transit,2023,Transiting Exoplanet Survey Satellite (TESS),Published Confirmed,0,<a refstr=TRIFONOV_ET_AL__2023 href=https://ui.adsabs.harvard.edu/abs/2023arXiv230205694T/abstract target=ref>Trifonov et al. 2023</a>,23.2856,0.0017,-0.0017,0,0.1511,0.002,-0.002,0,8.67575106,0.11208981,-0.11208981,0,0.774,0.01,-0.01,0,0.084,0.005,-0.005,0,0.225,0.015,-0.014,0,0.17,0.011,-0.01,0,,,,,89.5,0.07,-0.07,0,1,,,,,6.7,0.4,-0.4,0,<a refstr=TRIFONOV_ET_AL__2023 href=https://ui.adsabs.harvard.edu/abs/2023arXiv230205694T/abstract target=ref>Trifonov et al. 2023</a>,K8 V,5096,102,-102,0,0.785,0.031,-0.031,0,0.849,0.042,-0.042,0,0.14,0.05,-0.05,0,[Fe/H],4.58,0.2,-0.2,0,3.99,4.3,-2.6,0,,,,,1.5,0.3,-0.3,0,9.441326589528628e-05,7.307343609707833e-06,-7.31E-06,41.39085501566035,1.7239149938184557,-1.723914994,0.004770549,0.000241255,-0.0002321,0.2777348214097296,0.019351007,-0.01823428,7.798572804415556e+74,7.798572804415556e+74,-7.80E+74,2.5409844030594524,0.028181592,-0.028181592,WJ,A2,0.5715022819386861,B,0.4284977179733092
TOI-2525 c,TOI-2525,1,1,2,Transit,2023,Transiting Exoplanet Survey Satellite (TESS),Published Confirmed,0,<a refstr=TRIFONOV_ET_AL__2023 href=https://ui.adsabs.harvard.edu/abs/2023arXiv230205694T/abstract target=ref>Trifonov et al. 2023</a>,49.2519,0.0004,-0.0004,0,0.249,0.004,-0.004,0,10.13291855,0.11208981,-0.11208981,0,0.904,0.01,-0.01,0,0.657,0.031,-0.032,0,1.11,0.07,-0.07,0,0.157,0.008,-0.007,0,,,,,89.97,0.09,-0.09,0,1,,,,,41.2,2.2,-2.2,0,<a refstr=TRIFONOV_ET_AL__2023 href=https://ui.adsabs.harvard.edu/abs/2023arXiv230205694T/abstract target=ref>Trifonov et al. 2023</a>,K8 V,5096,102,-102,0,0.785,0.031,-0.031,0,0.849,0.042,-0.042,0,0.14,0.05,-0.05,0,[Fe/H],4.58,0.2,-0.2,0,3.99,4.3,-2.6,0,,,,,1.5,0.3,-0.3,0,0.000738447,5.04830933991548e-05,-5.13E-05,68.20862275909614,2.907924598151968,-2.907924598,0.015605055,0.000770859,-0.000745234,0.9226289585853636,0.058964683,-0.056078444,8.606144373533474e+75,8.606144373533474e+75,-8.61E+75,3.2994155469724102,0.022632588,-0.023232784,WJ,A2,0.9994968219948628,B,0.000499618
TOI-2529 b,TOI-2529,1,1,1,Transit,2024,Transiting Exoplanet Survey Satellite (TESS),Published Confirmed,0,<a refstr=JONES_ET_AL__2024 href=https://ui.adsabs.harvard.edu/abs/2024A&A...683A.192J/abstract target=ref>Jones et al. 2024</a>,64.5949,0.0003,-0.0003,0,0.327,0.02,-0.02,0,11.54525012,0.56044903,-0.56044903,0,1.03,0.05,-0.05,0,2.34,0.197,-0.195,0,,,,,0.021,0.024,-0.015,0,636,15.6,-15.7,0,,,,,0,,,,,110.5,3.1,-3.2,0,<a refstr=JONES_ET_AL__2024 href=https://ui.adsabs.harvard.edu/abs/2024A&A...683A.192J/abstract target=ref>Jones et al. 2024</a>,,5802,60,-52,0,1.7,0.02,-0.03,0,1.11,0.01,-0.02,0,0.1,0.03,-0.03,0,[Fe/H],4.03,0.01,-0.01,0,7.23,0.41,-0.55,0,0.326,0.0407,-0.0419,0,3.7,0.3,-0.3,0,0.002011659,0.000173193,-0.000168615,41.36265631737818,2.633024239642137,-2.576202339,0.028621481,0.00276969,-0.002596634,1.6348747524412557,0.1793098136344837,-0.160374909,2.7022370112792543e+76,2.7022370112792543e+76,-2.70E+76,3.737728446363154,0.055809095,-0.055566623,WJ,D,1,A,2.2255319953327173e-16
TOI-2537 b,TOI-2537,1,1,2,Transit,2024,Transiting Exoplanet Survey Satellite (TESS),Published Confirmed,0,<a refstr=HEIDARI_ET_AL__2024 href=https://ui.adsabs.harvard.edu/abs/2024arXiv241208527H/abstract target=ref>Heidari et al. 2024</a>,94.1022,0.0011,-0.0011,0,0.3715,0.0077,-0.008,0,11.25381662,0.66132986,-0.68374782,0,1.004,0.059,-0.061,0,1.307,0.091,-0.088,0,1.6,0.35,-0.26,0,0.364,0.039,-0.039,0,338,14,-14,0,89.592,0.097,-0.075,0,1,,,,,74.7,4.1,-4.1,0,<a refstr=HEIDARI_ET_AL__2024 href=https://ui.adsabs.harvard.edu/abs/2024arXiv241208527H/abstract target=ref>Heidari et al. 2024</a>,,4870,150,-150,0,0.771,0.039,-0.04,0,0.771,0.049,-0.049,0,0.08,0.079,-0.08,0,[Fe/H],4.551,0.049,-0.048,0,1.1,0.6,-0.6,0,2.37,0.41,-0.34,0,3,1,-1,0,0.001617643,0.000152494,-0.000149773,103.61294794575608,5.788620823786779,-5.69629402,0.030237504,0.002025518,-0.001918297,1.5827267449603584,0.1806539771226574,-0.157895974,2.5325985054740726e+76,2.5325985054740726e+76,-2.53E+76,3.5069952003258993,0.060821841,-0.058824975,WJ,D,1,A,1.5957262144287267e-26
TOI-2567 b,TOI-2567,1,1,1,Transit,2022,Transiting Exoplanet Survey Satellite (TESS),Published Confirmed,0,<a refstr=YEE_ET_AL__2022 href=https://ui.adsabs.harvard.edu/abs/2022AJ....164...70Y/abstract target=ref>Yee et al. 2022</a>,5.983944,1.3e-05,-1.30E-05,0,0.0672,0.0024,-0.0012,0,10.92875618,0.3474784,-0.32506044,0,0.975,0.031,-0.029,0,0.201,0.034,-0.031,0,0.269,0.052,-0.051,0,0,0.048,-0.052,0,1352,18,-19,0,88.3,1.1,-0.82,0,0,8.64,0.24,-0.31,0,20.6,3.2,-3.1,0,<a refstr=YEE_ET_AL__2022 href=https://ui.adsabs.harvard.edu/abs/2022AJ....164...70Y/abstract target=ref>Yee et al. 2022</a>,,5611,62,-65,0,1.686,0.043,-0.044,0,1.13,0.13,-0.059,0,0.241,0.078,-0.079,0,[Fe/H],4.044,0.036,-0.037,0,7.6,1.8,-2.7,0,0.34,0.03,-0.036,0,,,,,0.000169738,3.0048555056417283e-05,-3.27E-05,8.570798657948139,0.379114026,-0.266845084,0.002579815,0.000285784,-0.00026908,0.2212707048977126,0.032640012,-0.033254644,4.949966989764583e+74,4.949966989764583e+74,-4.95E+74,2.719373864386771,0.077873103,-0.072450676,HJ,A1,0.9968591222478032,B,0.003140878
TOI-2570 b,TOI-2570,1,1,1,Transit,2022,Transiting Exoplanet Survey Satellite (TESS),Published Confirmed,0,<a refstr=YEE_ET_AL__2022 href=https://ui.adsabs.harvard.edu/abs/2022AJ....164...70Y/abstract target=ref>Yee et al. 2022</a>,2.9887615,2.2e-06,-2.20E-06,0,0.04145,0.00081,-0.00086,0,13.64132951,0.39231432,-0.38110534,0,1.217,0.035,-0.034,0,0.82,0.063,-0.065,0,0.563,0.069,-0.063,0,0,0.048,-0.052,0,1431,24,-23,0,87.73,0.75,-0.57,0,0,8.13,0.23,-0.22,0,111.2,6.9,-7.5,0,<a refstr=YEE_ET_AL__2022 href=https://ui.adsabs.harvard.edu/abs/2022AJ....164...70Y/abstract target=ref>Yee et al. 2022</a>,,5771,89,-87,0,1.095,0.026,-0.025,0,1.063,0.063,-0.065,0,0.191,0.083,-0.083,0,[Fe/H],4.385,0.03,-0.031,0,4.4,3.3,-2.6,0,1.138,0.1,-0.091,0,,,,,0.000736109,7.228040150130968e-05,-7.29E-05,8.139917549618236,0.2446220105446642,-0.256667788,0.002594965,0.000174439,-0.000169833,0.3239217096728456,0.031357864,-0.029279865,1.0608026010918009e+75,1.0608026010918009e+75,-1.06E+75,3.1374197342869428,0.041257435,-0.042533904,FHJ,A1,0.999980503,B,1.949718612266155e-05
TOI-2580 b,TOI-2580,1,1,1,Transit,2024,Transiting Exoplanet Survey Satellite (TESS),Published Confirmed,0,<a refstr=EHRHARDT_ET_AL__2024 href=https://ui.adsabs.harvard.edu/abs/2024A&A...692A.220E/abstract target=ref>Ehrhardt et al. 2024</a>,3.39775,2e-06,-2.00E-06,0,0.048,0.003,-0.003,0,17.37392009,0.56044903,-0.56044903,0,1.55,0.05,-0.05,0,0.63,0.08,-0.08,0,0.22,0.04,-0.04,0,0.08,0.04,-0.04,0,2410,60,-60,0,,,,,0,,,,,70,8,-8,0,<a refstr=EHRHARDT_ET_AL__2024 href=https://ui.adsabs.harvard.edu/abs/2024A&A...692A.220E/abstract target=ref>Ehrhardt et al. 2024</a>,F,6120,30,-30,0,1.81,0.06,-0.06,0,1.33,0.08,-0.08,0,0.26,0.06,-0.06,0,[Fe/H],4.15,0.09,-0.09,0,2,0.4,-0.4,0,,,,,7.4,0.5,-0.5,0,0.000452012,6.35122216703323e-05,-6.35E-05,5.702591372257522,0.403440407,-0.403440407,0.002554177,0.000328967,-0.000309741,0.2420371372535526,0.035675991,-0.032721903,5.922682872172988e+74,5.922682872172988e+74,-5.92E+74,2.8128641914763546,0.061858079,-0.061858079,UHJ,A1,0.9999999480046768,B,5.199427964015888e-08
TOI-2589 b,TOI-2589,1,1,1,Transit,2023,Transiting Exoplanet Survey Satellite (TESS),Published Confirmed,0,<a refstr=BRAHM_ET_AL__2023 href=https://ui.adsabs.harvard.edu/abs/2023arXiv230402139B/abstract target=ref>Brahm et al. 2023</a>,61.6277,0.0002,-0.0002,0,0.3,0.006,-0.005,0,12.10569916,0.33626942,-0.33626942,0,1.08,0.03,-0.03,0,3.5,0.1,-0.1,0,,,,,0.522,0.006,-0.006,0,592,7,-8,0,89.17,0.01,-0.01,0,0,61.2,0.9,-0.9,0,221,3,-3,0,<a refstr=BRAHM_ET_AL__2023 href=https://ui.adsabs.harvard.edu/abs/2023arXiv230402139B/abstract target=ref>Brahm et al. 2023</a>,,5579,70,-70,0,1.07,0.01,-0.01,0,0.93,0.03,-0.02,0,0.12,0.04,-0.04,0,[Fe/H],4.35,0.02,-0.01,0,11,2,-2,0,1.14,0.05,-0.05,0,2.2,0.3,-0.3,0,0.003591257,0.000128425,-0.000154754,60.29024756884413,1.3309594444306363,-1.152035495,0.031853929,0.001182152,-0.00115867,2.0432621084661724,0.1024892772487073,-0.104448121,4.220876318153116e+76,4.220876318153116e+76,-4.22E+76,3.871407571739732,0.027131229,-0.027131229,WJ,D,1,A,2.337260603233819e-20
TOI-2641 b,TOI-2641,1,1,1,Transit,2023,Transiting Exoplanet Survey Satellite (TESS),Published Confirmed,0,<a refstr=PSARIDI_ET_AL__2023 href=https://ui.adsabs.harvard.edu/abs/2023A&A...675A..39P/abstract target=ref>Psaridi et al. 2023</a>,4.880974,2.3e-05,-3.70E-05,0,0.0607,0.0042,-0.0043,0,18.10250383,5.17854908,-7.17374765,0,1.615,0.462,-0.64,0,0.386,0.022,-0.036,0,0.092,0.078,-0.109,0,0.18,,,1,1387,22,-23,0,83.75,0.71,-0.55,0,0,9.677,0.599,-0.481,0,41.6,2.6,-3.7,0,<a refstr=PSARIDI_ET_AL__2023 href=https://ui.adsabs.harvard.edu/abs/2023A&A...675A..39P/abstract target=ref>Psaridi et al. 2023</a>,F9 V,6100,100,-100,0,1.336,0.055,-0.055,0,1.16,0.07,-0.07,0,-0.15,0.08,-0.08,0,[Fe/H],4.2,0.1,-0.1,0,10.8,9,-9,0,0.482,0.059,-0.06,0,1.9,1.2,-1.2,0,0.000317534,2.63570887102318e-05,-3.53E-05,9.769938346678783,0.7866113095281668,-0.800485947,0.0028713,0.000321483,-0.000339009,0.2234886765161209,0.091953425,-0.04782355,5.049699228057638e+74,5.049699228057638e+74,-5.05E+74,2.5644292897008674,0.3450974771068728,-0.251755262,HJ,A1,0.9999999904977934,B,9.501099099957612e-09
TOI-269 b,TOI-269,1,1,1,Transit,2021,Transiting Exoplanet Survey Satellite (TESS),Published Confirmed,0,<a refstr=COINTEPAS_ET_AL__2021 href=https://ui.adsabs.harvard.edu/abs/2021A&A...650A.145C/abstract target=ref>Cointepas et al. 2021</a>,3.6977104,3.7e-06,-3.70E-06,0,0.0345,0.0015,-0.0015,0,2.77,0.12,-0.12,0,0.24712327,0.0107057,-0.0107057,0,0.0276879,0.00440489,-0.00440489,0,2.28,0.48,-0.42,0,0.425,0.082,-0.086,0,531,25,-25,0,88.14,0.78,-0.9,0,0,,,,,7.6,1.2,-1.2,0,<a refstr=COINTEPAS_ET_AL__2021 href=https://ui.adsabs.harvard.edu/abs/2021A&A...650A.145C/abstract target=ref>Cointepas et al. 2021</a>,M2 V,3514,70,-70,0,0.398,0.012,-0.012,0,0.3917,0.0095,-0.0095,0,-0.29,0.12,-0.12,0,[Fe/H],4.831,0.029,-0.029,0,,,,,8.98,0.83,-0.81,0,,,,,6.745247213003149e-05,1.0855050112610667e-05,-1.09E-05,18.639987345091132,0.986234512,-0.986234512,0.000973744,0.000102362,-0.000101603,0.1985197562843466,0.027451165,-0.026288092,3.9843908187966157e+74,3.9843908187966157e+74,-3.98E+74,3.050649772056892,0.078674239,-0.078674239,HSubN,B,0.9999658422154872,A,3.4157784511457484e-05
TOI-270 c,TOI-270,1,1,3,Transit,2019,Transiting Exoplanet Survey Satellite (TESS),Published Confirmed,0,<a refstr=VAN_EYLEN_ET_AL__2021 href=https://ui.adsabs.harvard.edu/abs/2021MNRAS.507.2154V/abstract target=ref>Van Eylen et al. 2021</a>,5.6605731,3.1e-06,-3.10E-06,0,0.04526,0.00031,-0.00031,0,2.355,0.064,-0.064,0,0.21009939,0.00570971,-0.00570971,0,0.01935006,0.00116415,-0.00116415,0,2.6,0.26,-0.26,0,0.027,0.021,-0.021,0,488,12,-12,0,89.36,0.24,-0.24,0,0,,,,,4.16,0.24,-0.24,0,<a refstr=VAN_EYLEN_ET_AL__2021 href=https://ui.adsabs.harvard.edu/abs/2021MNRAS.507.2154V/abstract target=ref>Van Eylen et al. 2021</a>,M,3506,70,-70,0,0.378,0.011,-0.011,0,0.386,0.008,-0.008,0,-0.2,0.12,-0.12,0,[Fe/H],4.872,0.026,-0.026,0,,,,,7.2,0.63,-0.63,0,,,,,4.7836173930712187e-05,3.043929930313e-06,-3.04E-06,25.747338336097854,0.7697351472435536,-0.769735147,0.001139182,3.855119525180144e-05,-3.85E-05,0.2076706721107062,0.012152927,-0.011726585,4.360183839344649e+74,4.360183839344649e+74,-4.36E+74,3.0360197714007655,0.035211962,-0.035211962,HSubN,B,0.999999552,A,4.4810951393795515e-07
TOI-2714 b,TOI-2714,1,1,1,Transit,2024,Transiting Exoplanet Survey Satellite (TESS),Published Confirmed,0,<a refstr=MANTOVAN_ET_AL__2024 href=https://ui.adsabs.harvard.edu/abs/2024arXiv240907520M/abstract target=ref>Mantovan et al. 2024</a>,2.499387,4e-06,-4.00E-06,0,0.036,0.002,-0.002,0,13.72,0.7,-0.67,0,1.22401852,0.06244992,-0.0597735,0,0.71736822,0.10382961,-0.10068326,0,0.49,0.11,-0.11,0,0.164,,,1,1603,65,-65,0,86.3,2,-1.3,0,0,6.28,0.28,-0.32,0,103,14,-14,0,<a refstr=MANTOVAN_ET_AL__2024 href=https://ui.adsabs.harvard.edu/abs/2024arXiv240907520M/abstract target=ref>Mantovan et al. 2024</a>,,5665,115,-115,0,1.25,0.054,-0.054,0,1.07,0.06,-0.06,0,0.3,0.11,-0.11,0,[Fe/H],4.25,0.27,-0.27,0,5.5,3,-3,0,0.750028,0.105737,-0.109966,0,2.9,0.5,-0.5,0,0.000639764,9.93039252692244e-05,-9.67E-05,6.193014230271669,0.4358342180922925,-0.435834218,0.00215081,0.000270252,-0.000254159,0.2806203858112392,0.044928038,-0.040618237,7.961463323118103e+74,7.961463323118103e+74,-7.96E+74,3.0743531936328643,0.075831002,-0.075360662,FHJ,A1,0.9999709572142976,B,2.9042771931942572e-05
TOI-2796 b,TOI-2796,1,1,1,Transit,2023,Transiting Exoplanet Survey Satellite (TESS),Published Confirmed,0,<a refstr=YEE_ET_AL__2023 href=https://ui.adsabs.harvard.edu/abs/2023ApJS..265....1Y/abstract target=ref>Yee et al. 2023</a>,4.8084983,5.7e-06,-5.60E-06,0,0.0569,0.001,-0.0011,0,17.26183028,,,-1,1.54,,,-1,0.44,0.1,-0.11,0,0.15,,,1,0,,,0,1205,18,-17,0,85.22,,,1,0,11.43,0.33,-0.3,0,50,11,-12,0,<a refstr=YEE_ET_AL__2023 href=https://ui.adsabs.harvard.edu/abs/2023ApJS..265....1Y/abstract target=ref>Yee et al. 2023</a>,,5764,81,-78,0,1.069,0.024,-0.024,0,1.063,0.057,-0.062,0,0.239,0.076,-0.079,0,[Fe/H],4.4,0.03,-0.03,0,4,3.3,-2.5,0,1.22,0.11,-0.09,0,,,,,0.000394985,9.267834232173126e-05,-0.000100992,11.445747248936504,0.3263367443926935,-0.339106196,0.002894668,0.000322782,-0.000360048,0.2471372799915407,,,6.174915074085671e+74,,,2.6625982731766173,,,HJ,A1,0.999999962,B,3.817307121535103e-08
TOI-2818 b,TOI-2818,1,1,1,Transit,2023,Transiting Exoplanet Survey Satellite (TESS),Published Confirmed,0,<a refstr=YEE_ET_AL__2023 href=https://ui.adsabs.harvard.edu/abs/2023ApJS..265....1Y/abstract target=ref>Yee et al. 2023</a>,4.039709,2.4e-06,-2.30E-06,0,0.0493,0.001,-0.0008,0,15.27784069,0.51561311,-0.50440413,0,1.363,0.046,-0.045,0,0.71,0.26,-0.26,0,0.34,0.14,-0.13,0,0,,,0,1376,26,-24,0,87.73,0.75,-0.55,0,0,8.63,0.28,-0.25,0,91,33,-33,0,<a refstr=YEE_ET_AL__2023 href=https://ui.adsabs.harvard.edu/abs/2023ApJS..265....1Y/abstract target=ref>Yee et al. 2023</a>,,5721,88,-83,0,1.229,0.032,-0.031,0,0.977,0.063,-0.049,0,-0.02,0.11,-0.09,0,[Fe/H],4.25,0.034,-0.03,0,9.5,2.6,-2.8,0,0.745,0.074,-0.063,0,,,,,0.000693466,0.000256316,-0.000257852,8.625904121247887,0.279201968,-0.264643678,0.003025624,0.000459001,-0.000521544,0.3239964173594159,0.075139628,-0.080109927,1.061291973954398e+75,1.061291973954398e+75,-1.06E+75,2.976453675413084,0.1616021644897562,-0.161716465,HJ,A1,0.9999993856554376,B,6.143289901554776e-07
TOI-2842 b,TOI-2842,1,1,1,Transit,2023,Transiting Exoplanet Survey Satellite (TESS),Published Confirmed,0,<a refstr=YEE_ET_AL__2023 href=https://ui.adsabs.harvard.edu/abs/2023ApJS..265....1Y/abstract target=ref>Yee et al. 2023</a>,3.5514058,7.7e-06,-7.80E-06,0,0.0475,0.001,-0.0011,0,12.84549188,0.57165802,-0.53803107,0,1.146,0.051,-0.048,0,0.37,0.052,-0.047,0,0.304,0.065,-0.056,0,0,,,0,1471,29,-27,0,84.42,0.34,-0.35,0,0,8.07,0.3,-0.3,0,45.2,5.8,-5.4,0,<a refstr=YEE_ET_AL__2023 href=https://ui.adsabs.harvard.edu/abs/2023ApJS..265....1Y/abstract target=ref>Yee et al. 2023</a>,,5910,100,-100,0,1.265,0.04,-0.037,0,1.135,0.077,-0.079,0,0.233,0.087,-0.09,0,[Fe/H],4.288,0.038,-0.04,0,4.7,3,-2.3,0,0.789,0.093,-0.084,0,,,,,0.000311077,4.8786776782617785e-05,-4.48E-05,8.074444881914369,0.2909846653943296,-0.316467511,0.002231562,0.000207023,-0.000193278,0.2322951866763603,0.033212286,-0.029178946,5.455504093348563e+74,5.455504093348563e+74,-5.46E+74,2.8440195271676085,0.071055933,-0.067361577,HJ,A1,0.9998433029512276,B,0.000156697
TOI-2977 b,TOI-2977,1,1,1,Transit,2023,Transiting Exoplanet Survey Satellite (TESS),Published Confirmed,0,<a refstr=YEE_ET_AL__2023 href=https://ui.adsabs.harvard.edu/abs/2023ApJS..265....1Y/abstract target=ref>Yee et al. 2023</a>,2.3505614,2.5e-06,-2.50E-06,0,0.03386,0.00067,-0.0005,0,13.15934334,0.3474784,-0.30264248,0,1.174,0.031,-0.027,0,1.68,0.26,-0.25,0,1.28,0.21,-0.2,0,0,,,0,1544,26,-26,0,89.19,0.57,-0.82,0,0,6.806,0.059,-0.09,0,266,39,-38,0,<a refstr=YEE_ET_AL__2023 href=https://ui.adsabs.harvard.edu/abs/2023ApJS..265....1Y/abstract target=ref>Yee et al. 2023</a>,,5691,94,-93,0,1.073,0.024,-0.02,0,0.936,0.057,-0.041,0,0.013,0.087,-0.085,0,[Fe/H],4.35,0.012,-0.013,0,9.8,2.6,-3,0,1.078,0.028,-0.042,0,,,,,0.001712753,0.000275482,-0.00027539,6.785733853584146,0.1844626818355808,-0.181871141,0.002808955,0.000241534,-0.000237365,0.4546832217947815,0.055808509,-0.055662292,2.0901252955058796e+75,2.0901252955058796e+75,-2.09E+75,3.4801601262660276,0.070117962,-0.068576276,FHJ,A1,0.9999841181104364,B,1.4994208878998453e-05
TOI-2981 b,TOI-2981,1,1,1,Transit,2024,Transiting Exoplanet Survey Satellite (TESS),Published Confirmed,0,<a refstr=MANTOVAN_ET_AL__2024 href=https://ui.adsabs.harvard.edu/abs/2024arXiv240907520M/abstract target=ref>Mantovan et al. 2024</a>,3.601501,2e-06,-2.00E-06,0,0.048,0.002,-0.002,0,13.4,0.42,-0.42,0,1.19546999,0.03746995,-0.03746995,0,2.00737249,0.10382961,-0.10382961,0,1.46,0.16,-0.16,0,0.035,,,1,1358,39,-39,0,87.98,0.79,-0.56,0,0,9.51,0.27,-0.27,0,260.6,8.7,-8.6,0,<a refstr=MANTOVAN_ET_AL__2024 href=https://ui.adsabs.harvard.edu/abs/2024arXiv240907520M/abstract target=ref>Mantovan et al. 2024</a>,,5940,75,-75,0,1.08,0.032,-0.032,0,1.03,0.06,-0.06,0,-0.11,0.1,-0.1,0,[Fe/H],4.28,0.21,-0.21,0,4.5,2.9,-2.9,0,1.254745,0.112786,-0.112786,0,3.4,0.5,-0.5,0,0.00185974,0.000144878,-0.000144878,9.557120725727884,0.4886321391699788,-0.488632139,0.004092778,0.000330417,-0.000311401,0.5590226889574464,0.053599237,-0.04891858,3.1594634361861208e+75,3.1594634361861208e+75,-3.16E+75,3.5417376495334327,0.035295589,-0.035295589,HJ,A1,0.9999972108112068,B,1.9638830016809205e-06
TOI-3023 b,TOI-3023,1,1,1,Transit,2023,Transiting Exoplanet Survey Satellite (TESS),Published Confirmed,0,<a refstr=YEE_ET_AL__2023 href=https://ui.adsabs.harvard.edu/abs/2023ApJS..265....1Y/abstract target=ref>Yee et al. 2023</a>,3.9014971,3.1e-06,-3.10E-06,0,0.0505,0.0015,-0.0009,0,16.43236571,0.48198617,-0.35868738,0,1.466,0.043,-0.032,0,0.62,0.1,-0.09,0,0.245,0.039,-0.038,0,0,,,0,1596,24,-25,0,88.9,0.8,-1,0,0,6.53,0.06,-0.13,0,74,11,-11,0,<a refstr=YEE_ET_AL__2023 href=https://ui.adsabs.harvard.edu/abs/2023ApJS..265....1Y/abstract target=ref>Yee et al. 2023</a>,,5760,85,-88,0,1.668,0.046,-0.033,0,1.12,0.11,-0.06,0,0.085,0.084,-0.083,0,[Fe/H],4.048,0.017,-0.021,0,7,1.7,-2.2,0,0.346,0.009,-0.02,0,,,,,0.000528245,8.977744967495316e-05,-9.26E-05,6.510358767750785,0.2323459330912486,-0.213769746,0.002830497,0.000289774,-0.000273175,0.2759613882590807,0.037672654,-0.038132623,7.699297589260667e+74,7.699297589260667e+74,-7.70E+74,2.8543107872513915,0.072568038,-0.067996081,HJ,A1,0.9999998614766364,B,1.3852034768664905e-07
TOI-3071 b,TOI-3071,1,1,1,Transit,2024,Transiting Exoplanet Survey Satellite (TESS),Published Confirmed,0,<a refstr=HACKER_ET_AL__2024 href=https://ui.adsabs.harvard.edu/abs/2024MNRAS.tmp.1415H/abstract target=ref>Hacker et al. 2024</a>,1.266938,2e-06,-2.00E-06,0,0.0249,0.0001,-0.0001,0,7.16,0.57,-0.51,0,0.63877351,0.05085208,-0.04549923,0,0.2145812,0.01101223,-0.01101223,0,1.02,0.26,-0.22,0,0.09,,,1,2155,40,-40,0,82.1,1.3,-1.1,0,0,4.11,0.13,-0.13,0,33.7,1.7,-1.7,0,<a refstr=HACKER_ET_AL__2024 href=https://ui.adsabs.harvard.edu/abs/2024MNRAS.tmp.1415H/abstract target=ref>Hacker et al. 2024</a>,,6177,62,-62,0,1.31,0.04,-0.04,0,1.29,0.02,-0.02,0,0.35,0.04,-0.04,0,[Fe/H],4.37,0.1,-0.1,0,0.95,0.14,-0.14,0,,,,,2,0.5,-0.5,0,0.000158732,8.509665361946857e-06,-8.51E-06,4.087310600449654,0.1258782425472882,-0.125878243,0.000934789,2.4525860390366225e-05,-2.46E-05,0.1609199867574244,0.011976589,-0.011529796,2.6180289237642335e+74,2.6180289237642335e+74,-2.62E+74,3.1150849128149805,0.065760869,-0.072650648,HS,B,0.9810509156797852,A,0.018949084
TOI-3235 b,TOI-3235,1,1,1,Transit,2023,Transiting Exoplanet Survey Satellite (TESS),Published Confirmed,0,<a refstr=HOBSON_ET_AL__2023 href=https://ui.adsabs.harvard.edu/abs/2023arXiv230210008H/abstract target=ref>Hobson et al. 2023</a>,2.59261842,4.1e-07,-4.10E-07,0,0.02709,0.00046,-0.00046,0,11.39953337,0.49319515,-0.49319515,0,1.017,0.044,-0.044,0,0.665,0.025,-0.025,0,0.78,0.11,-0.11,0,0.029,,,1,604,19,-19,0,88.14,0.046,-0.046,0,0,15.75,0.73,-0.73,0,182.9,3.3,-3.3,0,<a refstr=HOBSON_ET_AL__2023 href=https://ui.adsabs.harvard.edu/abs/2023arXiv230210008H/abstract target=ref>Hobson et al. 2023</a>,M V,3388.8,68,-68,0,0.3697,0.016,-0.016,0,0.3939,0.02,-0.02,0,0.264,0.1,-0.1,0,[Fe/H],4.8976,0.063,-0.063,0,,,,,10.99,0.13,-0.13,0,,,,,0.001611006,0.000101779,-0.000101779,15.756840709627507,0.7325404844353632,-0.732540484,0.002201917,0.000104828,-9.99E-05,0.4237840840896772,0.033024207,-0.030095385,1.815698555391338e+75,1.815698555391338e+75,-1.82E+75,3.2023667778209712,0.040972587,-0.040972587,FHJ,A1,0.9998519830257908,B,0.000137482
TOI-3261 b,TOI-3261,1,1,1,Transit,2024,Transiting Exoplanet Survey Satellite (TESS),Published Confirmed,0,<a refstr=NABBIE_ET_AL__2024 href=https://ui.adsabs.harvard.edu/abs/2024arXiv240704225N/abstract target=ref>Nabbie et al. 2024</a>,0.8831331,1e-06,-1.00E-06,0,0.01714,0.00013,-0.0002,0,3.82,0.42,-0.35,0,0.34079816,0.03746995,-0.03122496,0,0.09533446,0.00692197,-0.00755124,0,3,1.1,-0.8,0,0,,,0,1722,26,-18,0,87.8,1.8,-1.5,0,0,4.333,0.078,-0.104,0,22.1,1.9,-1.5,0,<a refstr=NABBIE_ET_AL__2024 href=https://ui.adsabs.harvard.edu/abs/2024arXiv240704225N/abstract target=ref>Nabbie et al. 2024</a>,K1.5+/-1,5068,61,-42,0,0.849,0.024,-0.017,0,0.861,0.02,-0.03,0,0.138,0.048,-0.037,0,[Fe/H],4.19,0.123,-0.123,0,6.5,2.1,-2.1,0,1.4,0.077,-0.098,0,2.83,0.21,-0.21,0,0.000105659,8.509261608397262e-06,-8.72E-06,4.3412292201142035,0.092953915,-0.132764094,0.000561832,2.453421416406343e-05,-2.57E-05,0.1491292904880536,0.016444685,-0.01563662,2.248435156078012e+74,2.248435156078012e+74,-2.25E+74,3.3084424667017203,0.085602215,-0.101505884,HN,B,0.9999834779197918,A,1.6522080208165957e-05
TOI-329 b,TOI-329,1,1,1,Transit,2024,Transiting Exoplanet Survey Satellite (TESS),Published Confirmed,0,<a refstr=POLANSKI_ET_AL__2024 href=https://ui.adsabs.harvard.edu/abs/2024ApJS..272...32P/abstract target=ref>Polanski et al. 2024</a>,5.70439,0.00013,-0.00013,0,0.0638,0.0012,-0.0013,0,4.94057819,0.29202617,-0.25614214,0,0.44076962,0.02605287,-0.02285151,0,0.12711262,0.01195614,-0.0116415,0,1.84,0.41,-0.55,0,0.39,0.033,-0.033,0,1213.02,22.71,-21.61,0,,,,,0,,,,,15.1,1.3,-1.3,0,<a refstr=MACDOUGALL_ET_AL__2023 href=https://ui.adsabs.harvard.edu/abs/2023AJ....166...33M/abstract target=ref>MacDougall et al. 2023</a>,,5614,79,-74,0,1.5326,0.0348,-0.034,0,1.0678,0.0312,-0.0304,0,0.205,0.058,-0.056,0,[Fe/H],4.092,0.024,-0.022,0,8.7,1,-1,0,0.4127,0.0324,-0.0278,0,,,,,0.000113595,1.116341536480226e-05,-1.09E-05,8.951616078417315,0.2603555908373264,-0.273101206,0.002142399,0.000128448,-0.000129206,0.2623231830243915,0.026236423,-0.025303316,6.957093030510728e+74,6.957093030510728e+74,-6.96E+74,3.209952402352297,0.060799074,-0.064944854,HN,B,0.9953122995228028,A,0.0046877
TOI-332 b,TOI-332,1,1,1,Transit,2023,Transiting Exoplanet Survey Satellite (TESS),Published Confirmed,0,<a refstr=OSBORN_ET_AL__2023 href=https://ui.adsabs.harvard.edu/abs/2023arXiv230812137O/abstract target=ref>Osborn et al. 2023</a>,0.777038,1e-06,-1.00E-06,0,0.0159,0.0001,-0.0001,0,3.2,0.16,-0.11,0,0.28548537,0.01427427,-0.00981356,0,0.17997133,0.00503416,-0.00503416,0,9.6,1.1,-1.3,0,0,,,0,1871,30,-25,0,86.4,2.3,-2,0,0,3.94,0.11,-0.12,0,43,1,-1,0,<a refstr=OSBORN_ET_AL__2023 href=https://ui.adsabs.harvard.edu/abs/2023arXiv230812137O/abstract target=ref>Osborn et al. 2023</a>,K0 V,5251,71,-71,0,0.87,0.03,-0.02,0,0.88,0.02,-0.02,0,0.256,0.048,-0.048,0,[Fe/H],4.46,0.04,-0.04,0,5,2.3,-2.3,0,,,,,1.5,1.2,-1.2,1,0.000195156,7.033643547854916e-06,-7.03E-06,3.929953953596725,0.093663821,-0.137751251,0.000639466,1.4962421458799375e-05,-1.47E-05,0.2132798095433251,0.010020682,-0.011003724,4.598899854241438e+74,4.598899854241438e+74,-4.60E+74,3.738222649953917,0.032234471,-0.045096491,HN,B,0.9999948965787304,A,5.103421269379142e-06
TOI-3321 b,TOI-3321,1,1,1,Transit,2024,Transiting Exoplanet Survey Satellite (TESS),Published Confirmed,0,<a refstr=SCHULTE_ET_AL__2024 href=https://ui.adsabs.harvard.edu/abs/2024AJ....168...32S/abstract target=ref>Schulte et al. 2024</a>,3.6525145,2.7e-06,-2.80E-06,0,0.047,0.0012,-0.001,0,15.55806521,0.78462865,-0.71737476,0,1.388,0.07,-0.064,0,0.554,0.076,-0.075,0,0.255,0.057,-0.049,0,0.054,0.057,-0.038,0,1616,29,-28,0,86.33,1.3,-0.95,0,0,6.54,0.36,-0.34,0,71,9.1,-9.2,0,<a refstr=SCHULTE_ET_AL__2024 href=https://ui.adsabs.harvard.edu/abs/2024AJ....168...32S/abstract target=ref>Schulte et al. 2024</a>,,5850,140,-140,0,1.549,0.067,-0.062,0,1.041,0.084,-0.068,0,-0.103,0.047,-0.062,0,[Fe/H],4.076,0.057,-0.053,0,8.1,2.4,-2.4,0,0.396,0.07,-0.059,0,5.19,0.13,-0.13,0,0.000507832,7.716116129397346e-05,-8.00E-05,6.5246321287651625,0.3097616908080787,-0.314510086,0.002599946,0.000246501,-0.000237661,0.2682665334016462,0.038548168,-0.0366474,7.275912346990623e+74,7.275912346990623e+74,-7.28E+74,2.8529178708541134,0.071788535,-0.073318824,HJ,A1,0.9999993690072504,B,6.309884425026213e-07
TOI-3364 b,TOI-3364,1,1,1,Transit,2023,Transiting Exoplanet Survey Satellite (TESS),Published Confirmed,0,<a refstr=YEE_ET_AL__2023 href=https://ui.adsabs.harvard.edu/abs/2023ApJS..265....1Y/abstract target=ref>Yee et al. 2023</a>,5.8768918,6.9e-06,-6.90E-06,0,0.0675,0.0011,-0.0016,0,12.22899794,0.42594127,-0.35868738,0,1.091,0.038,-0.032,0,1.67,0.12,-0.13,0,1.6,0.19,-0.2,0,0,,,0,1264,22,-21,0,88.79,0.75,-0.68,0,0,10.24,0.2,-0.32,0,168,10,-10,0,<a refstr=YEE_ET_AL__2023 href=https://ui.adsabs.harvard.edu/abs/2023ApJS..265....1Y/abstract target=ref>Yee et al. 2023</a>,,5706,95,-91,0,1.419,0.036,-0.03,0,1.186,0.059,-0.083,0,0.387,0.072,-0.081,0,[Fe/H],4.209,0.02,-0.033,0,5.4,2.4,-1.5,0,0.587,0.035,-0.053,0,,,,,0.001343672,0.000134776,-0.000124132,10.228947922621018,0.2730455889118428,-0.355152459,0.005164494,0.00033847,-0.000335582,0.5898453851423104,0.058095852,-0.052870214,3.5174735127551707e+75,3.5174735127551707e+75,-3.52E+75,3.5412540083342554,0.04028542,-0.045367401,HJ,A2,0.9999940822172638,B,5.917441508799247e-06
TOI-3568 b,TOI-3568,1,1,1,Transit,2024,Transiting Exoplanet Survey Satellite (TESS),Published Confirmed,0,<a refstr=MARTIOLI_ET_AL__2024 href=https://ui.adsabs.harvard.edu/abs/2024arXiv240903704M/abstract target=ref>Martioli et al. 2024</a>,4.417965,5e-06,-5.00E-06,0,0.0485,0.0004,-0.0004,0,5.3,0.27,-0.27,0,0.483,0.024,-0.024,0,0.083,0.003,-0.003,0,0.98,0.15,-0.15,0,0.035,0.021,-0.021,0,899,12,-12,0,89.2,1.1,-1.3,0,0,13.1,0.8,-1.4,0,12.1,0.4,-0.4,0,<a refstr=MARTIOLI_ET_AL__2024 href=https://ui.adsabs.harvard.edu/abs/2024arXiv240903704M/abstract target=ref>Martioli et al. 2024</a>,,4969,45,-45,0,0.719,0.013,-0.013,0,0.78,0.02,-0.02,0,-0.01,0.02,-0.02,0,[Fe/H],4.63,0.08,-0.08,0,6.1,3.7,-3.7,0,2.95,0.18,-0.18,0,1.4,0.4,-0.4,0,0.000101542,4.49990967770008e-06,-4.50E-06,14.505157151530671,0.2882589416320825,-0.288258942,0.001568856,4.569086773823037e-05,-4.48E-05,0.2065721798864454,0.01284635,-0.011923554,4.314178686892253e+74,4.314178686892253e+74,-4.31E+74,2.9453708692364056,0.045925677,-0.045925677,HS,B,0.9940215541569548,A,0.005978446
TOI-3693 b,TOI-3693,1,1,1,Transit,2022,Transiting Exoplanet Survey Satellite (TESS),Published Confirmed,0,<a refstr=YEE_ET_AL__2022 href=https://ui.adsabs.harvard.edu/abs/2022AJ....164...70Y/abstract target=ref>Yee et al. 2022</a>,9.088516,2.6e-05,-2.70E-05,0,0.0813,0.0011,-0.0012,0,12.59889431,0.32506044,-0.25780656,0,1.124,0.029,-0.023,0,1.02,0.24,-0.22,0,0.89,0.22,-0.2,0,0,0.048,-0.052,0,801,13,-12,0,89.57,0.29,-0.28,0,0,22.13,0.3,-0.47,0,109,26,-24,0,<a refstr=YEE_ET_AL__2022 href=https://ui.adsabs.harvard.edu/abs/2022AJ....164...70Y/abstract target=ref>Yee et al. 2022</a>,,5321,86,-82,0,0.791,0.017,-0.014,0,0.867,0.036,-0.037,0,0.071,0.079,-0.076,0,[Fe/H],4.581,0.014,-0.021,0,3,3.8,-2.1,0,2.48,0.1,-0.16,0,,,,,0.001122645,0.000268461,-0.000246585,22.101596823688663,0.4923862940683425,-0.576236855,0.005858651,0.000605896,-0.000607192,0.5829555455981513,0.090639612,-0.087179537,3.4357799430044584e+75,3.4357799430044584e+75,-3.44E+75,3.301254587659189,0.1037211239762128,-0.096314802,HJ,A2,0.9999972548600342,B,2.745000310999112e-06
TOI-3757 b,TOI-3757,1,1,1,Transit,2022,Transiting Exoplanet Survey Satellite (TESS),Published Confirmed,0,<a refstr=KANODIA_ET_AL__2022 href=https://ui.adsabs.harvard.edu/abs/2022AJ....164...81K/abstract target=ref>Kanodia et al. 2022</a>,3.438753,4e-06,-4.00E-06,0,0.03845,0.00043,-0.00043,0,12,0.4,-0.5,0,1.07057014,0.03568567,-0.04460709,0,0.26838381,0.0276879,-0.02737326,0,0.27,0.05,-0.04,0,0.14,0.06,-0.06,0,759,13,-13,0,86.76,0.23,-0.2,0,0,13.26,0.26,-0.25,0,49.24,5.07,-5.07,0,<a refstr=KANODIA_ET_AL__2022 href=https://ui.adsabs.harvard.edu/abs/2022AJ....164...81K/abstract target=ref>Kanodia et al. 2022</a>,M0 V,3913,56,-56,0,0.62,0.01,-0.01,0,0.64,0.02,-0.02,0,0,0.2,-0.2,0,[Fe/H],4.68,0.04,-0.04,0,7.1,4.5,-4.5,0,3.7,0.2,-0.2,0,2,,,1,0.000400164,4.31354353153476e-05,-4.27E-05,13.335651722331187,0.2617367917942124,-0.261736792,0.001964575,0.0001099,-0.000109522,0.2452514381443576,0.023581614,-0.021375656,6.081036209986723e+74,6.081036209986723e+74,-6.08E+74,2.7637131002187485,0.057595254,-0.052918045,HJ,A1,0.9997064231720508,B,0.000293577
TOI-3785 b,TOI-3785,1,1,1,Transit,2023,Transiting Exoplanet Survey Satellite (TESS),Published Confirmed,0,<a refstr=POWERS_ET_AL__2023 href=https://ui.adsabs.harvard.edu/abs/2023AJ....166...44P/abstract target=ref>Powers et al. 2023</a>,4.6747373,3.8e-06,-3.80E-06,0,0.043,0.001,-0.001,0,5.14,0.16,-0.16,0,0.45856088,0.01427427,-0.01427427,0,0.04703796,0.01290004,-0.0123337,0,0.61,0.18,-0.17,0,0.11,0.1,-0.08,0,582,16,-16,0,88.1,0.01,-0.01,0,0,18.89,0.45,-0.44,0,9.24,2.68,-2.68,0,<a refstr=POWERS_ET_AL__2023 href=https://ui.adsabs.harvard.edu/abs/2023AJ....166...44P/abstract target=ref>Powers et al. 2023</a>,M2 V,3576,88,-88,0,0.5,0.01,-0.01,0,0.52,0.02,-0.02,0,0.099,0.117,-0.117,0,[Fe/H],4.747,0.0458,-0.0458,0,8,4.1,-4.8,0,,,,,2,,,1,8.631903167420814e-05,2.3904441976098583e-05,-2.29E-05,18.493028604283452,0.5672366524035333,-0.567236652,0.00131764,0.00016332,-0.000169243,0.1840522274909841,0.033690486,-0.033062617,3.4248110786418283e+74,3.4248110786418283e+74,-3.42E+74,2.7438415125241904,0.1221345177581147,-0.117041048,HS,B,0.9946184507016944,A,0.005381549
TOI-3807 b,TOI-3807,1,1,1,Transit,2023,Transiting Exoplanet Survey Satellite (TESS),Published Confirmed,0,<a refstr=YEE_ET_AL__2023 href=https://ui.adsabs.harvard.edu/abs/2023ApJS..265....1Y/abstract target=ref>Yee et al. 2023</a>,2.8989727,3.8e-06,-3.90E-06,0,0.0421,0.0007,-0.0011,0,18.49481816,,,-1,1.65,,,-1,1.04,0.15,-0.14,0,0.289,,,1,0,,,0,1646,25,-24,0,80.81,,,1,0,6.14,0.19,-0.18,0,130,18,-16,0,<a refstr=YEE_ET_AL__2023 href=https://ui.adsabs.harvard.edu/abs/2023ApJS..265....1Y/abstract target=ref>Yee et al. 2023</a>,,5772,84,-80,0,1.468,0.037,-0.037,0,1.181,0.064,-0.092,0,0.278,0.084,-0.081,0,[Fe/H],4.174,0.031,-0.035,0,5.6,2.7,-1.5,0,0.521,0.05,-0.045,0,,,,,0.00084032,0.000137748,-0.000121942,6.166881885,0.1862071049611897,-0.22387956,0.002754588,0.000254698,-0.000242769,0.2995529358626384,,,9.071970404338915e+74,,,2.976252489234324,,,FHJ,A1,0.999999995,B,5.352442776302085e-09
TOI-3819 b,TOI-3819,1,1,1,Transit,2023,Transiting Exoplanet Survey Satellite (TESS),Published Confirmed,0,<a refstr=YEE_ET_AL__2023 href=https://ui.adsabs.harvard.edu/abs/2023ApJS..265....1Y/abstract target=ref>Yee et al. 2023</a>,3.2443141,5.5e-06,-5.50E-06,0,0.04611,0.00069,-0.00096,0,13.13692538,0.40352331,-0.39231432,0,1.172,0.036,-0.035,0,1.11,0.18,-0.2,0,0.85,0.17,-0.17,0,0,,,0,1633,21,-19,0,82.79,0.3,-0.31,0,0,6.43,0.17,-0.17,0,131,20,-23,0,<a refstr=YEE_ET_AL__2023 href=https://ui.adsabs.harvard.edu/abs/2023ApJS..265....1Y/abstract target=ref>Yee et al. 2023</a>,,5859,72,-71,0,1.538,0.037,-0.037,0,1.242,0.057,-0.076,0,0.273,0.084,-0.082,0,[Fe/H],4.156,0.027,-0.029,0,4.5,1.6,-1.1,0,0.478,0.04,-0.038,0,,,,,0.000852831,0.000147815,-0.000158569,6.446862044814393,0.1826496777606698,-0.205108807,0.003031859,0.000272265,-0.000294604,0.3747289364531512,0.05172395,-0.051362966,1.4196749682877249e+75,1.4196749682877249e+75,-1.42E+75,3.3016547937858696,0.075051159,-0.08267462,HJ,A1,0.9999692996795724,B,3.070029933556507e-05
TOI-3837 b,TOI-3837,1,1,1,Transit,2025,Transiting Exoplanet Survey Satellite (TESS),Published Confirmed,0,<a refstr=TALA_PINTO_ET_AL__2025 href=https://ui.adsabs.harvard.edu/abs/2025A&A...694A.268T/abstract target=ref>Tala Pinto et al. 2025</a>,11.88865,3e-05,-3.00E-05,0,0.099,0.006,-0.005,0,10.87271128,0.56044903,-0.67253884,0,0.97,0.05,-0.06,0,0.59,0.05,-0.05,0,0.82,0.12,-0.14,0,0.221,0.042,-0.046,0,1178,29,-31,0,88,0.15,-0.15,0,0,,,,,58.08,3.12,-2.94,0,<a refstr=TALA_PINTO_ET_AL__2025 href=https://ui.adsabs.harvard.edu/abs/2025A&A...694A.268T/abstract target=ref>Tala Pinto et al. 2025</a>,,5905,157,-155,0,1.2,0.06,-0.05,0,0.89,0.05,-0.05,0,-0.26,0.05,-0.05,0,[Fe/H],4.229,0.018,-0.019,0,11.2,2.5,-2.6,0,0.7339,0.0372,-0.036,0,3.47,0.26,-0.26,0,0.000632592,6.431939257719625e-05,-6.43E-05,17.740405347132384,1.3047589571234732,-1.260787546,0.005892541,0.000653865,-0.000558415,0.5198110607984995,0.072714488,-0.059999827,2.7317785886999967e+75,2.7317785886999967e+75,-2.73E+75,3.1914955814730104,0.065124394,-0.05795833,WJ,A2,0.999934903,B,6.509719943086596e-05
TOI-3884 b,TOI-3884,1,1,1,Transit,2022,Transiting Exoplanet Survey Satellite (TESS),Published Confirmed,0,<a refstr=LIBBY_ROBERTS_ET_AL__2023 href=https://ui.adsabs.harvard.edu/abs/2023AJ....165..249L/abstract target=ref>Libby-Roberts et al. 2023</a>,4.5445828,9.8e-06,-9.80E-06,0,0.0361,0.0008,-0.0008,0,6.43,0.2,-0.2,0,0.57364716,0.01784284,-0.01784284,0,0.10253961,0.02299983,-0.02322008,0,0.67,0.18,-0.16,0,0.06,0.06,-0.04,0,441,15,-15,0,89.81,0.13,-0.18,0,0,25.9,0.96,-0.71,0,28.03,6.06,-6.23,0,<a refstr=LIBBY_ROBERTS_ET_AL__2023 href=https://ui.adsabs.harvard.edu/abs/2023AJ....165..249L/abstract target=ref>Libby-Roberts et al. 2023</a>,,3180,88,-88,0,0.302,0.012,-0.012,0,0.298,0.018,-0.018,0,0.04,0.12,-0.12,0,[Fe/H],4.97,0.05,-0.05,0,,,,,15.26,2.04,-2.04,0,3.59,0.92,-0.92,0,0.00032835,7.627322444720161e-05,-7.70E-05,25.70454075984263,1.1694784106222469,-1.169478411,0.001726815,0.000201067,-0.000206784,0.2940706350284061,0.050712557,-0.049478235,8.742945732806638e+74,8.742945732806638e+74,-8.74E+74,2.887789004,0.1010901286315929,-0.101989345,HS,B,0.6592005549503681,A,0.3407994450220579
TOI-3894 b,TOI-3894,1,1,1,Transit,2024,Transiting Exoplanet Survey Satellite (TESS),Published Confirmed,0,<a refstr=SCHULTE_ET_AL__2024 href=https://ui.adsabs.harvard.edu/abs/2024AJ....168...32S/abstract target=ref>Schulte et al. 2024</a>,4.33454,2.2e-06,-2.20E-06,0,0.05354,0.00061,-0.00085,0,15.27784069,0.61649394,-0.57165802,0,1.363,0.055,-0.051,0,0.82,0.14,-0.14,0,0.4,0.087,-0.078,0,0.05,0.052,-0.035,0,1531,17,-15,0,84.63,0.4,-0.46,0,0,7.63,0.29,-0.3,0,96,16,-16,0,<a refstr=SCHULTE_ET_AL__2024 href=https://ui.adsabs.harvard.edu/abs/2024AJ....168...32S/abstract target=ref>Schulte et al. 2024</a>,,6000,110,-110,0,1.502,0.055,-0.052,0,1.138,0.089,-0.075,0,0.021,0.085,-0.06,0,[Fe/H],4.143,0.043,-0.046,0,5.7,2.3,-1.8,0,0.475,0.065,-0.059,0,5.27,0.17,-0.17,0,0.000687595,0.000125837,-0.000129125,7.665103517,0.2793704556242903,-0.305924372,0.003276541,0.000296389,-0.000322184,0.3362093866788756,0.049610031,-0.049434615,1.1428102652918547e+75,1.1428102652918547e+75,-1.14E+75,3.0390091790777256,0.080957875,-0.082014423,HJ,A1,0.9999993122860416,B,6.877064500853556e-07
TOI-3912 b,TOI-3912,1,1,1,Transit,2023,Transiting Exoplanet Survey Satellite (TESS),Published Confirmed,0,<a refstr=YEE_ET_AL__2023 href=https://ui.adsabs.harvard.edu/abs/2023ApJS..265....1Y/abstract target=ref>Yee et al. 2023</a>,3.4936264,3.8e-06,-3.80E-06,0,0.0463,0.0012,-0.001,0,14.28024141,0.45956821,-0.44835923,0,1.274,0.041,-0.04,0,0.406,0.071,-0.068,0,0.243,0.053,-0.047,0,0,,,0,1512,20,-20,0,85.64,0.55,-0.52,0,0,7.16,0.25,-0.24,0,51.2,8.5,-8.4,0,<a refstr=YEE_ET_AL__2023 href=https://ui.adsabs.harvard.edu/abs/2023ApJS..265....1Y/abstract target=ref>Yee et al. 2023</a>,,5725,69,-68,0,1.392,0.035,-0.034,0,1.088,0.086,-0.07,0,0.187,0.087,-0.09,0,[Fe/H],4.188,0.037,-0.038,0,7.5,2.8,-2.5,0,0.569,0.061,-0.056,0,,,,,0.000356089,6.635240645255564e-05,-6.59E-05,7.152392612,0.2547229591388378,-0.237076722,0.002275412,0.000243022,-0.000233544,0.2327218359148885,0.035662589,-0.033703399,5.47556240108224e+74,5.47556240108224e+74,-5.48E+74,2.7923742159418867,0.080695891,-0.077925157,HJ,A1,0.999990355,B,9.64541368113143e-06
TOI-3919 b,TOI-3919,1,1,1,Transit,2024,Transiting Exoplanet Survey Satellite (TESS),Published Confirmed,0,<a refstr=SCHULTE_ET_AL__2024 href=https://ui.adsabs.harvard.edu/abs/2024AJ....168...32S/abstract target=ref>Schulte et al. 2024</a>,7.433234,1.4e-05,-1.40E-05,0,0.0795,0.0014,-0.0016,0,12.31866979,0.582867,-0.56044903,0,1.099,0.052,-0.05,0,3.88,0.23,-0.23,0,3.63,0.6,-0.53,0,0.259,0.033,-0.036,0,1198,15,-14,0,86.98,0.2,-0.23,0,0,12.95,0.56,-0.56,0,367,18,-17,0,<a refstr=SCHULTE_ET_AL__2024 href=https://ui.adsabs.harvard.edu/abs/2024AJ....168...32S/abstract target=ref>Schulte et al. 2024</a>,,6100,110,-110,0,1.319,0.052,-0.048,0,1.208,0.067,-0.07,0,0.175,0.096,-0.094,0,[Fe/H],4.279,0.042,-0.044,0,3.1,1.9,-1.7,0,0.742,0.1,-0.093,0,7.73,0.09,-0.09,0,0.00306497,0.000254074,-0.000248813,12.960803410269714,0.5239811180345958,-0.573694374,0.008006981,0.000465848,-0.000456434,0.963274131,0.09140191,-0.083633684,9.38111066062996e+75,9.38111066062996e+75,-9.38E+75,3.901023379110582,0.047163326,-0.048495432,HJ,A2,0.9937365765523548,C,0.006263324
TOI-4010 b,TOI-4010,1,1,4,Transit,2023,Transiting Exoplanet Survey Satellite (TESS),Published Confirmed,0,<a refstr=KUNIMOTO_ET_AL__2023 href=https://ui.adsabs.harvard.edu/abs/2023AJ....166....7K/abstract target=ref>Kunimoto et al. 2023</a>,1.348335,3e-06,-2.00E-06,0,0.0229,0.0002,-0.0002,0,3.02,0.08,-0.08,0,0.26942682,0.00713713,-0.00713713,0,0.03460987,0.00405879,-0.00399587,0,2.2,0.3,-0.3,0,0.03,0.03,-0.02,0,1441,14,-13,0,88.1,1.2,-1.1,0,0,,,,,6.9,0.8,-0.8,0,<a refstr=KUNIMOTO_ET_AL__2023 href=https://ui.adsabs.harvard.edu/abs/2023AJ....166....7K/abstract target=ref>Kunimoto et al. 2023</a>,K V,4960,36,-36,0,0.83,0.01,-0.01,0,0.88,0.03,-0.03,0,0.37,0.07,-0.07,0,[Fe/H],4.54,0.02,-0.02,0,6.1,3.1,-3.1,0,,,,,1.3,0.5,-0.5,0,3.753001351752822e-05,4.583436020737238e-06,-4.52E-06,5.932899342085895,0.088285678,-0.088285678,0.000531604,3.130607661020791e-05,-3.14E-05,0.1155417018790497,0.010951813,-0.010530103,1.3496836422864062e+74,1.3496836422864062e+74,-1.35E+74,3.0725053559166695,0.055887064,-0.055168502,HSubN,B,0.9999999804015592,A,1.9598441004647785e-08
TOI-4010 c,TOI-4010,1,1,4,Transit,2023,Transiting Exoplanet Survey Satellite (TESS),Published Confirmed,0,<a refstr=KUNIMOTO_ET_AL__2023 href=https://ui.adsabs.harvard.edu/abs/2023AJ....166....7K/abstract target=ref>Kunimoto et al. 2023</a>,5.414654,7e-06,-7.00E-06,0,0.058,0.001,-0.001,0,5.93,0.11,-0.12,0,0.52904008,0.00981356,-0.0107057,0,0.06390241,0.00670173,-0.0066388,0,0.5,0.1,-0.1,0,0.03,0.03,-0.02,0,907,9,-8,0,88.8,0.6,-0.3,0,0,,,,,8,0.8,-0.8,0,<a refstr=KUNIMOTO_ET_AL__2023 href=https://ui.adsabs.harvard.edu/abs/2023AJ....166....7K/abstract target=ref>Kunimoto et al. 2023</a>,K V,4960,36,-36,0,0.83,0.01,-0.01,0,0.88,0.03,-0.03,0,0.37,0.07,-0.07,0,[Fe/H],4.54,0.02,-0.02,0,6.1,3.1,-3.1,0,,,,,1.3,0.5,-0.5,0,6.929405718954248e-05,7.641485222358605e-06,-7.58E-06,15.026557285632396,0.3160668033727837,-0.316066803,0.001651783,0.000105476,-0.000104152,0.1783075675386021,0.016008809,-0.015264076,3.21435629797102e+74,3.21435629797102e+74,-3.21E+74,2.752727124969913,0.048820276,-0.047909266,HS,B,0.9999331010890432,A,6.689891095498292e-05
TOI-4087 b,TOI-4087,1,1,1,Transit,2023,Transiting Exoplanet Survey Satellite (TESS),Published Confirmed,0,<a refstr=YEE_ET_AL__2023 href=https://ui.adsabs.harvard.edu/abs/2023ApJS..265....1Y/abstract target=ref>Yee et al. 2023</a>,3.1774835,9.4e-07,-9.40E-07,0,0.04469,0.00048,-0.00054,0,13.04725353,0.28022452,-0.26901554,0,1.164,0.025,-0.024,0,0.73,0.14,-0.14,0,0.57,0.12,-0.12,0,0,,,0,1458,20,-17,0,87.82,0.37,-0.33,0,0,8.63,0.14,-0.14,0,90,17,-18,0,<a refstr=YEE_ET_AL__2023 href=https://ui.adsabs.harvard.edu/abs/2023ApJS..265....1Y/abstract target=ref>Yee et al. 2023</a>,,6060,74,-67,0,1.112,0.021,-0.02,0,1.178,0.039,-0.042,0,0.237,0.079,-0.079,0,[Fe/H],4.416,0.015,-0.016,0,0.8,1.2,-0.6,0,1.205,0.06,-0.058,0,,,,,0.000591342,0.000115351,-0.000115086,8.642017822,0.1810381974017142,-0.193751619,0.002600856,0.000220192,-0.000233313,0.3082479916881802,0.039869515,-0.04012261,9.60627412343839e+74,9.60627412343839e+74,-9.61E+74,3.1256039378560723,0.085193018,-0.085353003,HJ,A1,0.9999219801197636,B,7.801987502068063e-05
TOI-411 c,HD 22946,1,1,3,Transit,2022,Transiting Exoplanet Survey Satellite (TESS),Published Confirmed,0,<a refstr=GARAI_ET_AL__2023 href=https://ui.adsabs.harvard.edu/abs/2023A&A...674A..44G/abstract target=ref>Garai et al. 2023</a>,9.573083,1.4e-05,-1.40E-05,0,0.1017,0.0015,-0.0014,0,2.328,0.038,-0.039,0,0.20769061,0.00339014,-0.00347935,0,0.03058254,,,1,3.15,,,1,,,,,931,11,-11,0,,,,,0,19.61,0.22,-0.23,0,2.7,,,1,<a refstr=GARAI_ET_AL__2023 href=https://ui.adsabs.harvard.edu/abs/2023A&A...674A..44G/abstract target=ref>Garai et al. 2023</a>,,6169,64,-64,0,1.117,0.009,-0.009,0,1.098,0.04,-0.039,0,-0.08,0.04,-0.04,0,[Fe/H],4.47,0.11,-0.11,0,2.5,1,-1,0,,,,,,,,,2.657863280831458e-05,,,19.578407789298865,0.3290458660634982,-0.312287685,0.002104383,,,0.233383654,,,5.506749674524212e+74,,,3.244826867034422,,,HSubN,B,0.999999739,A,2.607339440085799e-07
TOI-4127 b,TOI-4127,1,1,1,Transit,2023,Transiting Exoplanet Survey Satellite (TESS),Published Confirmed,0,<a refstr=GUPTA_ET_AL__2023 href=https://ui.adsabs.harvard.edu/abs/2023AJ....165..234G/abstract target=ref>Gupta et al. 2023</a>,56.39879,0.0001,-0.0001,0,0.3081,0.0055,-0.0058,0,12.28504285,0.43715025,-0.35868738,0,1.096,0.039,-0.032,0,2.3,0.11,-0.11,0,2.17,0.22,-0.24,0,0.7471,0.0078,-0.0086,0,605.1,9.6,-8.2,0,89.3,0.46,-0.6,0,0,,,,,160.1,3.7,-3.8,0,<a refstr=GUPTA_ET_AL__2023 href=https://ui.adsabs.harvard.edu/abs/2023AJ....165..234G/abstract target=ref>Gupta et al. 2023</a>,F V,6096,115,-115,0,1.293,0.05,-0.05,0,1.23,0.07,-0.07,0,0.14,0.12,-0.12,0,[Fe/H],4.26,0.14,-0.14,0,4.8,2.1,-2.1,0,0.775,0.066,-0.07,0,7.7,0.5,-0.5,0,0.001784367,0.000132646,-0.000132646,51.239249923377514,2.182347534703768,-2.203724501,0.025910711,0.001404787,-0.001356925,1.4488876750167736,0.1149062563801825,-0.110276927,2.1223836931454602e+76,2.1223836931454602e+76,-2.12E+76,3.676293766084248,0.032780496,-0.037238573,WJ,D,0.9999999999992752,A,7.249476764349816e-13
TOI-4137 b,TOI-4137,1,1,1,Transit,2022,Transiting Exoplanet Survey Satellite (TESS),Published Confirmed,0,<a refstr=YEE_ET_AL__2022 href=https://ui.adsabs.harvard.edu/abs/2022AJ....164...70Y/abstract target=ref>Yee et al. 2022</a>,3.8016122,6.5e-06,-6.50E-06,0,0.05222,0.00089,-0.00096,0,13.57407563,0.44835923,-0.43715025,0,1.211,0.04,-0.039,0,1.44,0.17,-0.15,0,1.01,0.17,-0.15,0,0,0.048,-0.052,0,1570,25,-24,0,85.7,0.4,-0.4,0,0,7.8,0.24,-0.24,0,156,17,-15,0,<a refstr=YEE_ET_AL__2022 href=https://ui.adsabs.harvard.edu/abs/2022AJ....164...70Y/abstract target=ref>Yee et al. 2022</a>,,6202,94,-90,0,1.438,0.039,-0.038,0,1.313,0.068,-0.071,0,0.182,0.083,-0.085,0,[Fe/H],4.24,0.031,-0.032,0,2.1,1.3,-1,0,0.621,0.059,-0.055,0,,,,,0.001046548,0.000135895,-0.000121746,7.808858829411667,0.2455492157165264,-0.255853227,0.003676062,0.000276916,-0.000255554,0.434588299,0.049761662,-0.043620089,1.9094598097398463e+75,1.9094598097398463e+75,-1.91E+75,3.386261244172501,0.058405274,-0.053569418,HJ,A1,0.9999922014743038,B,7.798457910070041e-06
TOI-4153 b,TOI-4153,1,1,1,Transit,2024,Transiting Exoplanet Survey Satellite (TESS),Published Confirmed,0,<a refstr=SCHULTE_ET_AL__2024 href=https://ui.adsabs.harvard.edu/abs/2024AJ....168...32S/abstract target=ref>Schulte et al. 2024</a>,4.6174141,1.5e-06,-1.50E-06,0,0.06311,0.00084,-0.00096,0,16.11851425,0.50440413,-0.47077719,0,1.438,0.045,-0.042,0,1.15,0.18,-0.18,0,0.477,0.087,-0.085,0,0.039,0.047,-0.028,0,1669,29,-39,0,88.75,0.76,-0.6,0,0,8.46,0.22,-0.25,0,103,16,-16,0,<a refstr=SCHULTE_ET_AL__2024 href=https://ui.adsabs.harvard.edu/abs/2024AJ....168...32S/abstract target=ref>Schulte et al. 2024</a>,,6860,150,-180,0,1.605,0.048,-0.046,0,1.572,0.064,-0.071,0,0.317,0.1,-0.13,0,[Fe/H],4.224,0.024,-0.029,0,0.4,0.53,-0.28,0,0.537,0.044,-0.046,0,9.44,0.22,-0.22,0,0.000698082,0.000113723,-0.000112901,8.455372275710562,0.2671923310440981,-0.283701627,0.003881742,0.000311123,-0.000317636,0.3580758900688154,0.044544554,-0.043063967,1.2962973231502416e+75,1.2962973231502416e+75,-1.30E+75,3.139367107,0.072556175,-0.07320945,HJ,A1,0.999999695,B,3.0543049843897573e-07
TOI-4201 b,TOI-4201,1,1,1,Transit,2023,Transiting Exoplanet Survey Satellite (TESS),Published Confirmed,0,<a refstr=GAN_ET_AL__2023 href=https://ui.adsabs.harvard.edu/abs/2023arXiv230707329G/abstract target=ref>Gan et al. 2023</a>,3.5819194,1.1e-06,-1.10E-06,0,0.04,0.001,-0.001,0,13.67495645,0.44835923,-0.44835923,0,1.22,0.04,-0.04,0,2.48,0.09,-0.09,0,1.82,0.19,-0.19,0,0.041,0.015,-0.015,0,725,20,-20,0,88,0.1,-0.1,0,0,13.694,0.151,-0.151,0,456.3,12.5,-12.5,0,<a refstr=GAN_ET_AL__2023 href=https://ui.adsabs.harvard.edu/abs/2023arXiv230707329G/abstract target=ref>Gan et al. 2023</a>,M1.0+/-0.5,3794,79,-79,0,0.63,0.02,-0.02,0,0.61,0.02,-0.02,0,0.52,0.08,-0.08,0,[Fe/H],4.64,0.03,-0.03,0,1.4,0.6,-0.7,0,3.786,0.146,-0.146,0,,,,,0.003879567,0.000189741,-0.000189741,13.653029608182692,0.5516923075894704,-0.551692308,0.004357934,0.000212853,-0.000205873,0.7296150554186571,0.04783816,-0.044823351,5.381979483960236e+75,5.381979483960236e+75,-5.38E+75,3.615919057840076,0.032548646,-0.032548646,HJ,C,0.9999995551015792,A,4.448982807029298e-07
TOI-431 d,TOI-431,1,1,3,Transit,2021,Transiting Exoplanet Survey Satellite (TESS),Published Confirmed,0,<a refstr=OSBORN_ET_AL__2021 href=https://ui.adsabs.harvard.edu/abs/2021MNRAS.507.2782O/abstract target=ref>Osborn et al. 2021</a>,12.46103,2e-05,-2.00E-05,0,0.098,0.002,-0.002,0,3.29,0.09,-0.09,0,0.29351465,0.00802928,-0.00802928,0,0.03114888,0.00481392,-0.00468806,0,1.36,0.25,-0.25,9,0,,,0,633,14,-14,0,89.7,0.2,-0.2,0,0,,,,,3.16,0.46,-0.46,0,<a refstr=OSBORN_ET_AL__2021 href=https://ui.adsabs.harvard.edu/abs/2021MNRAS.507.2782O/abstract target=ref>Osborn et al. 2021</a>,,4850,75,-75,0,0.731,0.022,-0.022,0,0.78,0.07,-0.07,0,0.2,0.05,-0.05,0,[Fe/H],4.6,0.06,-0.06,0,,,,,,,,,2.5,0.6,-0.6,0,3.810739467068879e-05,6.810275597298124e-06,-6.68E-06,28.828250615909692,1.0482737820026615,-1.048273782,0.002286592,0.000239088,-0.000225111,0.2307569800577837,0.035430993,-0.031810944,5.383493057123099e+74,5.383493057123099e+74,-5.38E+74,2.952369908,0.071199984,-0.069548241,WN,B,0.9999957345931132,A,4.265406886719162e-06
TOI-4406 b,TOI-4406,1,1,1,Transit,2023,Transiting Exoplanet Survey Satellite (TESS),Published Confirmed,0,<a refstr=BRAHM_ET_AL__2023 href=https://ui.adsabs.harvard.edu/abs/2023arXiv230402139B/abstract target=ref>Brahm et al. 2023</a>,30.08364,5e-05,-5.00E-05,0,0.201,0.005,-0.005,0,11.2089807,0.22417961,-0.22417961,0,1,0.02,-0.02,0,0.3,0.03,-0.03,0,,,,,0.15,0.05,-0.04,0,904,16,-17,0,88.48,0.04,-0.04,0,0,33.5,0.7,-0.7,0,17,2,-2,0,<a refstr=BRAHM_ET_AL__2023 href=https://ui.adsabs.harvard.edu/abs/2023arXiv230402139B/abstract target=ref>Brahm et al. 2023</a>,,6219,70,-70,0,1.29,0.01,-0.01,0,1.19,0.03,-0.03,0,0.1,0.05,-0.05,0,[Fe/H],4.29,0.02,-0.02,0,2.9,0.7,-0.7,0,0.784,0.048,-0.049,0,4.5,0.3,-0.3,0,0.000240567,2.4809365719252987e-05,-2.48E-05,33.50548719542973,0.8730022387921202,-0.873002239,0.00866764,0.000580745,-0.000574742,0.4498502426837206,0.038837371,-0.037740672,2.0459281703830764e+75,2.0459281703830764e+75,-2.05E+75,2.8713082930830183,0.046774947,-0.046774947,WJ,A2,0.9993203336435792,B,0.000679666
TOI-4438 b,TOI-4438,1,1,1,Transit,2024,Transiting Exoplanet Survey Satellite (TESS),Published Confirmed,0,<a refstr=GOFFO_ET_AL__2024 href=https://ui.adsabs.harvard.edu/abs/2024arXiv240309833G/abstract target=ref>Goffo et al. 2024</a>,7.44628,9e-06,-9.00E-06,0,0.0534,0.0037,-0.0037,0,2.52,0.13,-0.13,0,0.22481973,0.01159784,-0.01159784,0,0.0169903,0.00346099,-0.00346099,0,1.85,0.51,-0.44,0,0.14,0.09,-0.09,0,435,15,-15,0,89.34,0.39,-0.21,0,0,,,,,3.5,0.72,-0.72,0,<a refstr=GOFFO_ET_AL__2024 href=https://ui.adsabs.harvard.edu/abs/2024arXiv240309833G/abstract target=ref>Goffo et al. 2024</a>,M3.5 V,3422,81,-81,0,0.372,0.018,-0.018,0,0.368,0.021,-0.021,0,-0.19,0.05,-0.05,0,[Fe/H],4.68,0.04,-0.04,0,5.1,2.8,-2.8,0,10.1,1.7,-1.4,0,2,,,1,4.405697286160841e-05,9.320076263409628e-06,-9.32E-06,30.86795847301627,2.6086971845472116,-2.608697185,0.001307693,0.000209171,-0.000200274,0.2092728147261455,0.04178894,-0.038395612,4.427719449887641e+74,4.427719449887641e+74,-4.43E+74,2.9207192418828813,0.099167855,-0.099167855,HSubN,B,0.9999676940860568,A,3.23059139397742e-05
TOI-4504 c,TOI-4504,1,1,3,Transit,2024,Transiting Exoplanet Survey Satellite (TESS),Published Confirmed,0,<a refstr=V_AMP_IACUTE_TKOV_AMP_AACUTE__ET_AL__2024 href=https://ui.adsabs.harvard.edu/abs/2024arXiv241205609V/abstract target=ref>V&iacute;tkov&aacute; et al. 2024</a>,82.97213,0.00013,-0.00013,0,0.3569,0.0066,-0.0069,0,11.09689089,0.56044903,-0.56044903,0,0.99,0.05,-0.05,0,3.7672,0.181,-0.1822,0,,,,,0.032,0.0016,-0.0014,0,,,,,89.69,0.02,-0.03,0,1,,,,,190.8921,4.7269,-6.2119,0,<a refstr=V_AMP_IACUTE_TKOV_AMP_AACUTE__ET_AL__2024 href=https://ui.adsabs.harvard.edu/abs/2024arXiv241205609V/abstract target=ref>V&iacute;tkov&aacute; et al. 2024</a>,K1 V,5315,60,-60,0,0.92,0.04,-0.04,0,0.89,0.06,-0.04,0,0.16,0.05,-0.05,0,[Fe/H],4.458,0.021,-0.015,0,10,2.9,-3.6,0,1.607,0.093,-0.064,0,1.9,0.5,-0.5,0,0.004039151,0.000265738,-0.000335129,83.41963989975689,3.941376710654289,-3.969346061,0.039409673,0.001991364,-0.002213069,2.468611772785603,0.2097002680190809,-0.216536441,6.161125503867803e+76,6.161125503867803e+76,-6.16E+76,3.9789353266029224,0.048577904,-0.048637487,WJ,D,1,A,1.0917681678191851e-38
TOI-4515 b,TOI-4515,1,1,1,Transit,2024,Transiting Exoplanet Survey Satellite (TESS),Published Confirmed,0,<a refstr=CARLEO_ET_AL__2024 href=https://ui.adsabs.harvard.edu/abs/2024A&A...682A.135C/abstract target=ref>Carleo et al. 2024</a>,15.266446,1.3e-05,-1.30E-05,0,0.118,0.001,-0.001,0,12.17,0.43,-0.43,0,1.086,0.039,-0.039,0,2.005,0.052,-0.052,0,1.941,0.214,-0.214,0,0.461,0.007,-0.007,0,705,10,-10,0,87.954,0.039,-0.041,0,0,29.67,0.27,-0.27,0,191.3,4.1,-4.1,0,<a refstr=CARLEO_ET_AL__2024 href=https://ui.adsabs.harvard.edu/abs/2024A&A...682A.135C/abstract target=ref>Carleo et al. 2024</a>,G8/G9,5433,70,-70,0,0.86,0.03,-0.03,0,0.949,0.02,-0.02,0,0.05,0.03,-0.03,0,[Fe/H],4.48,0.1,-0.1,0,1.2,0.2,-0.2,0,2.123198,0.057803,-0.056393,0,3.4,0.5,-0.5,0,0.002016088,6.737418080887727e-05,-6.74E-05,29.504832007915734,1.059175154401128,-1.059175154,0.010335816,0.000251841,-0.000247344,0.9574871562028254,0.045030921,-0.042555432,9.26873313222842e+75,9.26873313222842e+75,-9.27E+75,3.6246417648139007,0.033163738,-0.033163738,WJ,A2,0.9999998378586484,B,1.4057371742137356e-07
TOI-4603 b,TOI-4603,1,1,1,Transit,2023,Transiting Exoplanet Survey Satellite (TESS),Published Confirmed,0,<a refstr=KHANDELWAL_ET_AL__2023 href=https://ui.adsabs.harvard.edu/abs/2023arXiv230311841K/abstract target=ref>Khandelwal et al. 2023</a>,7.24599,0.00022,-0.00021,0,0.0888,0.001,-0.001,0,11.67975789,0.42594127,-0.39231432,0,1.042,0.038,-0.035,0,12.89,0.58,-0.57,0,14.1,1.7,-1.6,0,0.325,0.02,-0.02,0,1677,24,-24,0,80.21,0.39,-0.41,0,0,6.97,0.14,-0.14,0,962,37,-35,0,<a refstr=KHANDELWAL_ET_AL__2023 href=https://ui.adsabs.harvard.edu/abs/2023arXiv230311841K/abstract target=ref>Khandelwal et al. 2023</a>,F,6264,95,-94,0,2.738,0.048,-0.05,0,1.765,0.061,-0.061,0,0.342,0.039,-0.04,0,[Fe/H],3.81,0.021,-0.02,0,1.64,0.3,-0.24,0,0.1211,0.0077,-0.0071,0,23.18,0.37,-0.37,0,0.006968987,0.000395401,-0.000391127,6.974115124179807,0.1496266390020437,-0.145315112,0.01176059,0.000450537,-0.000435424,1.5765563966172882,0.1013016670327595,-0.096517493,2.512890045188633e+76,2.512890045188633e+76,-2.51E+76,4.468704517789748,0.035115071,-0.037043037,HJ,C,1,A,5.840859543364272e-17
TOI-4791 b,TOI-4791,1,1,1,Transit,2023,Transiting Exoplanet Survey Satellite (TESS),Published Confirmed,0,<a refstr=YEE_ET_AL__2023 href=https://ui.adsabs.harvard.edu/abs/2023ApJS..265....1Y/abstract target=ref>Yee et al. 2023</a>,4.28088,2.2e-05,-2.30E-05,0,0.0555,0.0011,-0.0012,0,12.44196858,0.56044903,-0.56044903,0,1.11,0.05,-0.05,0,2.31,0.32,-0.33,0,2.09,0.46,-0.4,0,0,,,0,1472,26,-24,0,85.55,0.34,-0.33,0,0,8.46,0.27,-0.26,0,250,32,-34,0,<a refstr=YEE_ET_AL__2023 href=https://ui.adsabs.harvard.edu/abs/2023ApJS..265....1Y/abstract target=ref>Yee et al. 2023</a>,,6058,99,-94,0,1.409,0.039,-0.038,0,1.242,0.072,-0.077,0,0.207,0.085,-0.089,0,[Fe/H],4.234,0.032,-0.033,0,3.3,1.8,-1.4,0,0.624,0.062,-0.057,0,,,,,0.00177481,0.00026936,-0.000273625,8.470159337297867,0.2834883007389969,-0.297498345,0.004659112,0.000409314,-0.000409625,0.6094147730763958,0.084415074,-0.078666467,3.754744759539687e+75,3.754744759539687e+75,-3.75E+75,3.6671530606821854,0.071765464,-0.073348709,HJ,A2,0.9999948772202676,B,5.071265377300201e-06
TOI-480 b,TOI-480,1,1,1,Transit,2024,Transiting Exoplanet Survey Satellite (TESS),Published Confirmed,0,<a refstr=POLANSKI_ET_AL__2024 href=https://ui.adsabs.harvard.edu/abs/2024ApJS..272...32P/abstract target=ref>Polanski et al. 2024</a>,6.866196,1.4e-05,-1.40E-05,0,0.077,0.001,-0.001,0,2.85372018,0.13233983,-0.10240654,0,0.2545923,0.01180659,-0.00913612,0,0.06544412,0.01384395,-0.01321468,0,4.91,1.3,-1.65,0,0,,,0,1198.94,25.36,-27.14,0,,,,,0,,,,,5.9,1.2,-1.2,0,<a refstr=MACDOUGALL_ET_AL__2023 href=https://ui.adsabs.harvard.edu/abs/2023AJ....166...33M/abstract target=ref>MacDougall et al. 2023</a>,,6174,90,-119,0,1.4877,0.0443,-0.0338,0,1.2793,0.0282,-0.0288,0,0.164,0.077,-0.07,0,[Fe/H],4.194,0.026,-0.027,0,2.7,0.6,-0.5,0,0.5411,0.0423,-0.0494,0,,,,,4.881571529364761e-05,1.038471419630395e-05,-9.92E-06,11.129738292211844,0.2912600180493458,-0.361564506,0.001951208,0.000171952,-0.000177761,0.2485733871825188,0.035091235,-0.035239321,6.246888070757783e+74,6.246888070757783e+74,-6.25E+74,3.398367141615953,0.0970136,-0.096502654,HSubN,B,0.99997067,A,2.9330494534910688e-05
TOI-481 b,TOI-481,1,1,1,Transit,2020,Transiting Exoplanet Survey Satellite (TESS),Published Confirmed,0,<a refstr=BRAHM_ET_AL__2020 href=https://ui.adsabs.harvard.edu/abs/2020AJ....160..235B/abstract target=ref>Brahm et al. 2020</a>,10.33111,2e-05,-2.00E-05,0,0.097,0.001,-0.001,0,11.09691,0.11209,-0.11209,0,0.99,0.01,-0.01,0,1.53,0.03,-0.03,0,,,,,0.153,0.006,-0.007,0,1370,10,-10,0,89.2,0.3,-0.3,0,0,,,,,130.3,1.4,-1.4,0,<a refstr=BRAHM_ET_AL__2020 href=https://ui.adsabs.harvard.edu/abs/2020AJ....160..235B/abstract target=ref>Brahm et al. 2020</a>,G,5735,72,-72,0,1.66,0.02,-0.02,0,1.14,0.02,-0.01,0,0.26,0.05,-0.05,0,[Fe/H],4.06,0.01,-0.01,0,6.7,0.4,-0.6,0,0.36,0.01,-0.01,0,4.54,0.3,-0.3,0,0.001280702,2.7510185136501753e-05,-3.37E-05,12.565310833675364,0.1992464381785882,-0.199246438,0.007303774,0.000145058,-0.000164363,0.7246767756193989,0.017839301,-0.020575656,5.309371944139503e+75,5.309371944139503e+75,-5.31E+75,3.5876080799858547,0.012226675,-0.012226675,WJ,A2,0.999995817,B,4.182812175197608e-06
TOI-4860 b,TOI-4860,1,1,1,Transit,2023,Transiting Exoplanet Survey Satellite (TESS),Published Confirmed,0,<a refstr=ALMENARA_ET_AL__2023 href=https://ui.adsabs.harvard.edu/abs/2023arXiv230801454A/abstract target=ref>Almenara et al. 2023</a>,1.5227591,3e-07,-3.00E-07,0,0.01808,0.00015,-0.00015,0,8.7,0.4,-0.4,0,0.77,0.03,-0.03,0,0.273,0.006,-0.006,0,0.75,0.09,-0.09,0,0.008,0.013,-0.006,0,694,15,-15,0,88.5,0.6,-0.4,0,0,11,0.4,-0.4,0,98.9,1.3,-1.3,0,<a refstr=ALMENARA_ET_AL__2023 href=https://ui.adsabs.harvard.edu/abs/2023arXiv230801454A/abstract target=ref>Almenara et al. 2023</a>,M3.5 V,3260,50,-50,0,0.358,0.015,-0.015,0,0.34,0.009,-0.009,0,0.27,0.12,-0.12,0,[Fe/H],4.86,0.04,-0.04,0,,,,,11.7,0.8,-0.8,0,,,,,0.000766205,2.6361532572187553e-05,-2.64E-05,10.85987908163716,0.4638572609914145,-0.463857261,0.001147114,2.83941503849128e-05,-2.77E-05,0.2743964568383578,0.013574284,-0.012716263,7.612222297982514e+74,7.612222297982514e+74,-7.61E+74,3.057368235059148,0.035161452,-0.035161452,FHJ,A1,0.8859079302165491,B,0.1140920660803647
TOI-4914 b,TOI-4914,1,1,1,Transit,2024,Transiting Exoplanet Survey Satellite (TESS),Published Confirmed,0,<a refstr=MANTOVAN_ET_AL__2024 href=https://ui.adsabs.harvard.edu/abs/2024arXiv240907520M/abstract target=ref>Mantovan et al. 2024</a>,10.60057,1e-05,-1.00E-05,0,0.098,0.003,-0.003,0,12.87,0.36,-0.36,0,1.14818647,0.0321171,-0.0321171,0,0.71422187,0.04090257,-0.04090257,0,0.59,0.06,-0.06,0,0.408,0.023,-0.023,0,894,20,-20,0,86.35,0.2,-0.22,0,0,20.98,0.51,-0.53,0,70.9,3,-3.1,0,<a refstr=MANTOVAN_ET_AL__2024 href=https://ui.adsabs.harvard.edu/abs/2024arXiv240907520M/abstract target=ref>Mantovan et al. 2024</a>,,5805,62,-62,0,1,0.023,-0.023,0,1.03,0.06,-0.06,0,-0.13,0.08,-0.08,0,[Fe/H],4.3,0.14,-0.14,0,5.3,3.4,-3.4,0,1.550809,0.112786,-0.112786,0,2.4,0.6,-0.6,0,0.000661694,5.405297141886475e-05,-5.41E-05,21.073451200229982,0.8068984391593945,-0.806898439,0.005921132,0.00042122,-0.000398215,0.4861693424340736,0.044252344,-0.04056952,2.3896241681458217e+75,2.3896241681458217e+75,-2.39E+75,3.127995332996147,0.034769179,-0.034769179,WJ,A2,0.999990604,B,9.395738235446133e-06
TOI-4994 b,TOI-4994,1,1,1,Transit,2024,Transiting Exoplanet Survey Satellite (TESS),Published Confirmed,0,<a refstr=RODRIGUEZ_MARTINEZ_ET_AL__2024 href=https://ui.adsabs.harvard.edu/abs/2024arXiv241202769R/abstract target=ref>Rodriguez Martinez et al. 2024</a>,21.491984,2.3e-05,-2.30E-05,0,0.1515,0.0032,-0.0031,0,8.54124329,0.33626942,-0.30264248,0,0.762,0.03,-0.027,0,0.28,0.037,-0.034,0,0.78,0.16,-0.14,0,0.319,0.048,-0.047,0,717.6,9.7,-10,0,89.56,0.29,-0.32,0,0,30.9,1.4,-1.4,0,21.6,2.3,-2.4,0,<a refstr=RODRIGUEZ_MARTINEZ_ET_AL__2024 href=https://ui.adsabs.harvard.edu/abs/2024arXiv241202769R/abstract target=ref>Rodriguez Martinez et al. 2024</a>,,5640,110,-110,0,1.055,0.04,-0.037,0,1.005,0.064,-0.061,0,0.165,0.083,-0.084,0,[Fe/H],4.393,0.045,-0.046,0,6.3,4.2,-3.8,0,1.21,0.17,-0.16,0,,,,,0.00026586,3.866032266568879e-05,-3.65E-05,30.87946471452599,1.264220891505103,-1.330406609,0.00675445,0.000585607,-0.000546716,0.4703353262861174,0.060950103,-0.055366145,2.2365039138650697e+75,2.2365039138650697e+75,-2.24E+75,3.0774351270263742,0.065120636,-0.062852646,WJ,A2,0.9813961442158512,B,0.018603856
TOI-5005 b,TOI-5005,1,1,1,Transit,2024,Transiting Exoplanet Survey Satellite (TESS),Published Confirmed,0,<a refstr=CASTRO_GONZ_AMP_AACUTE_LEZ_ET_AL__2024 href=https://ui.adsabs.harvard.edu/abs/2024arXiv240918129C/abstract target=ref>Castro-Gonz&aacute;lez et al. 2024</a>,6.3085044,9.2e-06,-8.80E-06,0,0.06614,0.00045,-0.00045,0,6.25,0.24,-0.24,0,0.558,0.021,-0.021,0,0.103,0.018,-0.018,0,0.74,0.16,-0.16,0,,,,,1040,20,-20,0,89.53,0.33,-0.44,0,0,15.29,0.5,-0.5,0,11.6,2.1,-2.1,0,<a refstr=CASTRO_GONZ_AMP_AACUTE_LEZ_ET_AL__2024 href=https://ui.adsabs.harvard.edu/abs/2024arXiv240918129C/abstract target=ref>Castro-Gonz&aacute;lez et al. 2024</a>,G2 V,5749,61,-61,0,0.93,0.03,-0.03,0,0.97,0.02,-0.02,0,0.15,0.04,-0.04,0,[Fe/H],4.43,0.1,-0.1,0,2.2,0.61,-0.28,0,,,,,1.35,0.1,-0.1,0,0.000101327,1.7830523201238194e-05,-1.78E-05,15.292934632249407,0.5041739229304456,-0.504173923,0.002137959,0.000149094,-0.000159742,0.2241973757185753,0.02695138,-0.026961915,5.081775949451428e+74,5.081775949451428e+74,-5.08E+74,2.913755865193371,0.08263644,-0.08263644,HS,B,0.9639798756507456,A,0.036020124
TOI-5027 b,TOI-5027,1,1,1,Transit,2025,Transiting Exoplanet Survey Satellite (TESS),Published Confirmed,0,<a refstr=TALA_PINTO_ET_AL__2025 href=https://ui.adsabs.harvard.edu/abs/2025A&A...694A.268T/abstract target=ref>Tala Pinto et al. 2025</a>,10.24368,1e-05,-1.00E-05,0,0.093,0.005,-0.004,0,10.76062147,0.56044903,-0.67253884,0,0.96,0.05,-0.06,0,2.02,0.13,-0.13,0,2.94,0.58,-0.62,0,0.385,0.025,-0.026,0,1056,23,-24,0,88.18,0.09,-0.09,0,0,,,,,201.61,3.72,-4.41,0,<a refstr=TALA_PINTO_ET_AL__2025 href=https://ui.adsabs.harvard.edu/abs/2025A&A...694A.268T/abstract target=ref>Tala Pinto et al. 2025</a>,,5909,145,-144,0,0.92,0.04,-0.04,0,1.02,0.05,-0.05,0,-0.15,0.03,-0.03,0,[Fe/H],4.517,0.006,-0.008,0,0.4,0.6,-0.3,0,1.821,0.0394,-0.0378,0,4.52,0.13,-0.13,0,0.001889786,0.000152882,-0.000152882,21.73725556,1.5029967126381336,-1.329404064,0.007972235,0.000750012,-0.00062829,0.8753147368428644,0.1064511318538683,-0.086897495,7.74609724127382e+75,7.74609724127382e+75,-7.75E+75,3.7349959417308423,0.061059319,-0.053176598,WJ,A2,0.9999985346784168,B,1.4611451608039605e-06
TOI-5108 b,TOI-5108,1,1,1,Transit,2025,Transiting Exoplanet Survey Satellite (TESS),Published Confirmed,0,<a refstr=THOMAS_ET_AL__2025 href=https://ui.adsabs.harvard.edu/abs/2025arXiv250103803T/abstract target=ref>Thomas et al. 2025</a>,6.753581,7e-06,-7.00E-06,0,0.073,0.004,-0.004,0,6.6,0.1,-0.1,0,0.58881358,0.00892142,-0.00892142,0,0.10068326,0.01573176,-0.01573176,0,0.6,0.09,-0.09,0,,,,,1180,40,-40,0,85.91,0.14,-0.14,0,0,12.2,0.4,-0.4,0,9.9,1.4,-1.3,0,<a refstr=THOMAS_ET_AL__2025 href=https://ui.adsabs.harvard.edu/abs/2025arXiv250103803T/abstract target=ref>Thomas et al. 2025</a>,,5808,40,-40,0,1.29,0.04,-0.04,0,1.1,0.03,-0.03,0,0.2,0.02,-0.05,0,[Fe/H],4.26,0.05,-0.04,0,5.8,1,-0.8,0,0.745,0.08,-0.07,0,3.3,1,-1,0,8.734257849079026e-05,1.3853608468721346e-05,-1.39E-05,12.16865952868841,0.7661347994610462,-0.766134799,0.002245731,0.00026353,-0.000257837,0.2128813407893252,0.027315421,-0.026715803,4.581731740107781e+74,4.581731740107781e+74,-4.58E+74,2.857188671946976,0.0691229,-0.0691229,HS,B,0.9331001594897304,A,0.066899841
TOI-5110 b,TOI-5110,1,1,1,Transit,2024,Transiting Exoplanet Survey Satellite (TESS),Published Confirmed,0,<a refstr=HEIDARI_ET_AL__2024 href=https://ui.adsabs.harvard.edu/abs/2024arXiv241208527H/abstract target=ref>Heidari et al. 2024</a>,30.158577,9.2e-05,-9.50E-05,0,0.2157,0.0042,-0.0044,0,11.98240037,0.60528496,-0.582867,0,1.069,0.054,-0.052,0,2.9,0.13,-0.13,0,2.95,0.5,-0.43,0,0.745,0.03,-0.027,0,976,33,-32,0,85.2,2.1,-1.2,0,0,,,,,218.4,13,-9.7,0,<a refstr=HEIDARI_ET_AL__2024 href=https://ui.adsabs.harvard.edu/abs/2024arXiv241208527H/abstract target=ref>Heidari et al. 2024</a>,,6160,150,-150,0,2.333,0.097,-0.096,0,1.469,0.089,-0.088,0,0.065,0.05,-0.05,0,[Fe/H],3.869,0.044,-0.045,0,4,,,-1,0.163,0.024,-0.021,0,2.3,,,-1,0.001883812,0.000140948,-0.000141976,19.881309970912493,0.905059878,-0.92073963,0.018470937,0.001034466,-0.000997286,1.2612672085414387,0.1151794851147858,-0.105424302,1.6083059677741763e+76,1.6083059677741763e+76,-1.61E+76,3.798629625844756,0.046520843,-0.048001568,WJ,A2,0.9999997330373456,B,2.306530684191245e-07
TOI-5153 b,TOI-5153,1,1,1,Transit,2022,Transiting Exoplanet Survey Satellite (TESS),Published Confirmed,0,<a refstr=ULMER_MOLL_ET_AL__2022 href=https://ui.adsabs.harvard.edu/abs/2022arXiv220703911U/abstract target=ref>Ulmer-Moll et al. 2022</a>,20.33003,7e-05,-7.00E-05,0,0.158,0.006,-0.006,0,11.88151954,0.44835923,-0.44835923,0,1.06,0.04,-0.04,0,3.26,0.18,-0.17,0,,,,,0.091,0.024,-0.026,0,906,13,-13,0,88.27,0.14,-0.14,0,0,,,,,212,8,-8,0,<a refstr=ULMER_MOLL_ET_AL__2022 href=https://ui.adsabs.harvard.edu/abs/2022arXiv220703911U/abstract target=ref>Ulmer-Moll et al. 2022</a>,F8 V,6300,80,-80,0,1.4,0.04,-0.04,0,1.24,0.07,-0.07,0,0.12,0.08,-0.08,0,[Fe/H],4.3,0.15,-0.15,0,5.4,1,-1,0,0.649,0.06,-0.06,0,10.1,1,-1,0,0.00250875,0.000198103,-0.000192801,24.268260128544735,1.1532922512433077,-1.153292251,0.014885695,0.001152227,-0.001073818,1.2509972414236092,0.1230159817476082,-0.110086085,1.582221086166208e+76,1.582221086166208e+76,-1.58E+76,3.856792907901754,0.040612091,-0.039840008,WJ,A2,0.999999921,B,5.0603080407351974e-08
TOI-519 b,TOI-519,1,1,1,Transit,2021,Transiting Exoplanet Survey Satellite (TESS),Published Confirmed,0,<a refstr=KAGETANI_ET_AL__2023 href=https://ui.adsabs.harvard.edu/abs/2023arXiv230414703K/abstract target=ref>Kagetani et al. 2023</a>,1.2652328,5e-07,-5.00E-07,0,0.0159,0.0001,-0.0001,0,11.54525012,0.33626942,-0.33626942,0,1.03,0.03,-0.03,0,0.463,0.082,-0.088,0,0.56,0.11,-0.11,0,0.33,,,1,687,14,-14,0,88.9,0.4,-0.4,0,0,,,,,182,32,-34,0,<a refstr=KAGETANI_ET_AL__2023 href=https://ui.adsabs.harvard.edu/abs/2023arXiv230414703K/abstract target=ref>Kagetani et al. 2023</a>,M V,3322,49,-49,0,0.35,0.01,-0.01,0,0.335,0.008,-0.008,0,0.27,0.09,-0.09,0,[Fe/H],4.87,0.03,-0.03,0,5.4,4.6,-4.6,0,,,,,,,,,0.001318857,0.000235691,-0.000252639,9.768742684654717,0.2857890588802121,-0.285789059,0.00120899,8.595029973501979e-05,-9.79E-05,0.291897803,0.034439823,-0.036788105,8.614223093185872e+74,8.614223093185872e+74,-8.61E+74,3.0340935799709645,0.080969802,-0.086333954,FHJ,A1,0.9990134511180956,B,0.000982651
TOI-5205 b,TOI-5205,1,1,1,Transit,2023,Transiting Exoplanet Survey Satellite (TESS),Published Confirmed,0,<a refstr=KANODIA_ET_AL__2023 href=https://ui.adsabs.harvard.edu/abs/2023AJ....165..120K/abstract target=ref>Kanodia et al. 2023</a>,1.630757,1e-06,-1.00E-06,0,0.0199,0.0002,-0.0002,0,11.6,0.3,-0.3,0,1.03,0.03,-0.03,0,1.08,0.06,-0.06,0,1.21,0.11,-0.11,0,0.02,0.02,-0.014,0,737,15,-15,0,88.21,0.24,-0.22,0,0,10.94,0.22,-0.21,0,346,14,-14,0,<a refstr=KANODIA_ET_AL__2023 href=https://ui.adsabs.harvard.edu/abs/2023AJ....165..120K/abstract target=ref>Kanodia et al. 2023</a>,M4.0,3430,54,-54,0,0.394,0.011,-0.011,0,0.392,0.015,-0.015,0,0,,,0,[Fe/H],4.84,0.03,-0.03,0,,,,,9,0.5,-0.5,0,2,,,1,0.002629052,0.000177352,-0.000177352,10.860915748590507,0.322272109,-0.322272109,0.001904345,7.975649587225846e-05,-7.77E-05,0.4610622377933446,0.031615074,-0.029775756,2.1491838658183947e+75,2.1491838658183947e+75,-2.15E+75,3.401936344439961,0.034959398,-0.034959398,FHJ,C,0.9393165059763312,A,0.060664457
TOI-5218 b,TOI-5218,1,1,1,Transit,2024,Transiting Exoplanet Survey Satellite (TESS),Published Confirmed,0,<a refstr=KANODIA_ET_AL__2024 href=https://ui.adsabs.harvard.edu/abs/2024arXiv240814694K/abstract target=ref>Kanodia et al. 2024</a>,4.291452,4e-06,-4.00E-06,0,0.0469,0.0006,-0.0006,0,9.86,0.39,-0.39,0,0.879,0.034,-0.034,0,2.06715317,,,1,,,,,0,,,0,783,21,-21,0,88.41,0.35,-0.3,0,0,14.56,0.43,-0.43,0,309,,,1,<a refstr=KANODIA_ET_AL__2024 href=https://ui.adsabs.harvard.edu/abs/2024arXiv240814694K/abstract target=ref>Kanodia et al. 2024</a>,,4230,88,-88,0,0.708,0.022,-0.022,0,0.739,0.03,-0.03,0,0.41,0.12,-0.12,0,[Fe/H],4.63,0.05,-0.05,0,6.7,4.4,-4.4,0,2.94,0.25,-0.22,0,2,,,1,0.002669252,,,14.24456447150332,0.4786734178066392,-0.478673418,0.004510891,,,0.772038356,,,6.0260428905517225e+75,,,3.821581945985447,,,HJ,A2,0.9976163715967704,C,0.002365127
TOI-5232 b,TOI-5232,1,1,1,Transit,2024,Transiting Exoplanet Survey Satellite (TESS),Published Confirmed,0,<a refstr=SCHULTE_ET_AL__2024 href=https://ui.adsabs.harvard.edu/abs/2024AJ....168...32S/abstract target=ref>Schulte et al. 2024</a>,4.0966692,6.7e-06,-6.70E-06,0,0.05593,0.0009,-0.001,0,12.778238,0.57165802,-0.50440413,0,1.14,0.051,-0.045,0,2.34,0.16,-0.16,0,1.96,0.28,-0.27,0,0.035,0.034,-0.024,0,1772,40,-45,0,88.3,1.1,-1.3,0,0,6.74,0.24,-0.28,0,239,15,-14,0,<a refstr=SCHULTE_ET_AL__2024 href=https://ui.adsabs.harvard.edu/abs/2024AJ....168...32S/abstract target=ref>Schulte et al. 2024</a>,,6500,180,-190,0,1.785,0.067,-0.057,0,1.389,0.068,-0.075,0,-0.104,0.11,-0.086,0,[Fe/H],4.077,0.034,-0.042,0,2.37,0.77,-0.56,0,0.344,0.038,-0.042,0,9.39,0.23,-0.23,0,0.001607589,0.000140062,-0.00013519,6.7377701116381585,0.2409296726733288,-0.280128699,0.004542861,0.000264122,-0.000254197,0.5745258494958165,0.053441226,-0.049561062,3.3371337336857047e+75,3.3371337336857047e+75,-3.34E+75,3.6495931931005536,0.045358256,-0.048905544,HJ,A2,0.9999946047935988,B,5.388452484335634e-06
TOI-530 b,TOI-530,1,1,1,Transit,2021,Transiting Exoplanet Survey Satellite (TESS),Published Confirmed,0,<a refstr=GAN_ET_AL__2022 href=https://ui.adsabs.harvard.edu/abs/2022MNRAS.511...83G/abstract target=ref>Gan et al. 2022</a>,6.387597,1.9e-05,-1.80E-05,0,0.052,0.005,-0.004,0,9.30345398,0.67253884,-0.67253884,0,0.83,0.06,-0.06,0,0.4,0.09,-0.1,0,0.93,0.49,-0.35,0,0,,,0,565,28,-31,0,89.1,0.3,-0.3,0,0,20.97,0.65,-0.67,0,66.5,14.1,-14,0,<a refstr=GAN_ET_AL__2022 href=https://ui.adsabs.harvard.edu/abs/2022MNRAS.511...83G/abstract target=ref>Gan et al. 2022</a>,M0.5 V,3659,120,-120,0,0.54,0.03,-0.03,0,0.53,0.02,-0.02,0,0.376,0.095,-0.095,0,[Fe/H],4.7,0.03,-0.03,0,,,,,4.278,0.412,-0.395,0,,,,,0.000720187,0.000164305,-0.000182086,20.707094905743748,2.299511643770425,-1.964838124,0.003231802,0.000607599,-0.000554643,0.4345477146289115,0.098403923,-0.09178965,1.9091031948434652e+75,1.9091031948434652e+75,-1.91E+75,3.1580908449391707,0.1161507488757711,-0.125422328,HJ,A1,0.9982670281743528,B,0.001732972
TOI-5301 b,TOI-5301,1,1,1,Transit,2024,Transiting Exoplanet Survey Satellite (TESS),Published Confirmed,0,<a refstr=SCHULTE_ET_AL__2024 href=https://ui.adsabs.harvard.edu/abs/2024AJ....168...32S/abstract target=ref>Schulte et al. 2024</a>,5.858858,1.6e-05,-1.60E-05,0,0.073,0.0011,-0.0011,0,13.09208946,0.85188253,-0.78462865,0,1.168,0.076,-0.07,0,3.72,0.37,-0.37,0,2.88,0.67,-0.54,0,0.33,0.11,-0.1,0,1648,34,-31,0,83.3,1.9,-1,0,0,7.2,0.38,-0.34,0,336,34,-33,0,<a refstr=SCHULTE_ET_AL__2024 href=https://ui.adsabs.harvard.edu/abs/2024AJ....168...32S/abstract target=ref>Schulte et al. 2024</a>,,6240,160,-160,0,2.19,0.12,-0.11,0,1.483,0.081,-0.14,0,0.03,0.13,-0.11,0,[Fe/H],3.926,0.052,-0.061,0,2.43,1.1,-0.47,0,0.197,0.036,-0.032,0,11.8,0.19,-0.19,0,0.002393664,0.000328244,-0.000271615,7.167840544295913,0.3758808105862563,-0.407338923,0.006770751,0.000561107,-0.000444036,0.7912681534712864,0.1147029907580456,-0.088129346,6.3299727093990334e+75,6.3299727093990334e+75,-6.33E+75,3.829844292692492,0.067643933,-0.071134728,HJ,A2,0.9999933880275134,C,6.358624127235752e-06
TOI-532 b,TOI-532,1,1,1,Transit,2021,Transiting Exoplanet Survey Satellite (TESS),Published Confirmed,0,<a refstr=KANODIA_ET_AL__2021 href=https://ui.adsabs.harvard.edu/abs/2021AJ....162..135K/abstract target=ref>Kanodia et al. 2021</a>,2.3266508,3e-06,-3.00E-06,0,0.0296,0.00035,-0.00035,0,5.82,0.19,-0.19,0,0.51922652,0.01695069,-0.01695069,0,0.19350064,0.03051961,-0.02926107,0,1.72,0.31,-0.31,0,0,,,0,867,18,-18,0,88.08,0.51,-0.41,0,0,10.49,0.25,-0.23,0,39.82,6.15,-5.98,0,<a refstr=KANODIA_ET_AL__2021 href=https://ui.adsabs.harvard.edu/abs/2021AJ....162..135K/abstract target=ref>Kanodia et al. 2021</a>,,3927,37,-37,0,0.612,0.013,-0.012,0,0.639,0.023,-0.023,0,0.338,0.072,-0.066,0,[Fe/H],4.669,0.018,-0.017,0,7.1,4.4,-4.8,0,3.92,0.22,-0.21,0,2,,,1,0.000288963,4.674806908199294e-05,-4.49E-05,10.400396083880343,0.2381400378717199,-0.252845156,0.001356851,0.000102452,-0.00010223,0.2625675065153995,0.03171425,-0.030079021,6.970058509283934e+74,6.970058509283934e+74,-6.97E+74,3.250155711397534,0.074135706,-0.071533974,HS,B,0.9789372549785036,A,0.021062745
TOI-5344 b,TOI-5344,1,1,1,Transit,2023,Transiting Exoplanet Survey Satellite (TESS),Published Confirmed,0,<a refstr=HARTMAN_ET_AL__2023 href=https://ui.adsabs.harvard.edu/abs/2023AJ....166..163H/abstract target=ref>Hartman et al. 2023</a>,3.792622,6.2e-06,-6.20E-06,0,0.04041,0.00075,-0.00075,0,10.60369574,0.23538859,-0.23538859,0,0.946,0.021,-0.021,0,0.412,0.04,-0.04,0,0.604,0.063,-0.063,0,0.054,,,1,689,12,-12,0,87.15,0.067,-0.067,0,0,14.78,0.16,-0.16,0,74.4,6.8,-6.8,0,<a refstr=HARTMAN_ET_AL__2023 href=https://ui.adsabs.harvard.edu/abs/2023AJ....166..163H/abstract target=ref>Hartman et al. 2023</a>,,3747,64,-64,0,0.588,0.011,-0.011,0,0.612,0.034,-0.034,0,0.425,0.088,-0.088,0,[Fe/H],4.686,0.014,-0.014,0,10.9,5.8,-5.8,0,4.24,0.14,-0.14,0,,,,,0.000642402,7.185833688237784e-05,-7.19E-05,14.778185530357034,0.3894366511323229,-0.389436651,0.002417598,0.000170966,-0.000165247,0.3388867100771519,0.03389526,-0.031771651,1.1610837298180396e+75,1.1610837298180396e+75,-1.16E+75,3.057301981592905,0.046364051,-0.046364051,HJ,A1,0.9987548298869786,B,0.00124517
TOI-5398 b,TOI-5398,1,1,2,Transit,2022,Transiting Exoplanet Survey Satellite (TESS),Published Confirmed,0,<a refstr=MANTOVAN_ET_AL__2023 href=https://ui.adsabs.harvard.edu/abs/2023arXiv231016888M/abstract target=ref>Mantovan et al. 2023</a>,10.590547,1.2e-05,-1.10E-05,0,0.098,0.005,-0.005,0,10.3,0.4,-0.4,0,0.91890603,0.03568567,-0.03568567,0,0.18469085,0.01793421,-0.01761957,0,0.29,0.05,-0.05,0,0.13,,,1,947,28,-28,0,89.21,0.31,-0.21,0,0,20,0.6,-0.6,0,15.7,1.5,-1.5,0,<a refstr=MANTOVAN_ET_AL__2023 href=https://ui.adsabs.harvard.edu/abs/2023arXiv231016888M/abstract target=ref>Mantovan et al. 2023</a>,G V,6000,75,-75,0,1.051,0.013,-0.013,0,1.146,0.013,-0.013,0,0.09,0.06,-0.06,0,[Fe/H],4.44,0.1,-0.1,0,0.65,0.15,-0.15,0,,,,,7.5,0.6,-0.6,0,0.000153788,1.5034966744470405e-05,-1.48E-05,20.050857469295895,1.052637261257079,-1.052637261,0.003640489,0.000320817,-0.000311831,0.2619935816590291,0.026607852,-0.025170181,6.939621248188368e+74,6.939621248188368e+74,-6.94E+74,2.734090215528384,0.05400254,-0.053426763,WJ,A2,0.9378395802766396,B,0.06216042
TOI-5398 c,TOI-5398,1,1,2,Transit,2023,Transiting Exoplanet Survey Satellite (TESS),Published Confirmed,0,<a refstr=MANTOVAN_ET_AL__2023 href=https://ui.adsabs.harvard.edu/abs/2023arXiv231016888M/abstract target=ref>Mantovan et al. 2023</a>,4.77271,0.00016,-0.00014,0,0.057,0.003,-0.003,0,3.52,0.19,-0.19,0,0.31403391,0.01695069,-0.01695069,0,0.03712695,0.01510249,-0.01478785,0,1.5,0.68,-0.68,0,0.14,,,1,1242,37,-37,0,88.4,,,-1,0,11.8,0.4,-0.4,0,4.1,1.7,-1.6,0,<a refstr=MANTOVAN_ET_AL__2023 href=https://ui.adsabs.harvard.edu/abs/2023arXiv231016888M/abstract target=ref>Mantovan et al. 2023</a>,G V,6000,75,-75,0,1.051,0.013,-0.013,0,1.146,0.013,-0.013,0,0.09,0.06,-0.06,0,[Fe/H],4.44,0.1,-0.1,0,0.65,0.15,-0.15,0,,,,,7.5,0.6,-0.6,0,3.091477432159601e-05,1.258039185683587e-05,-1.23E-05,11.66223342601904,0.6305246143389951,-0.630524614,0.001240385,0.00022818,-0.000252057,0.1532442775424758,0.039580162,-0.041180079,2.3742311358205364e+74,2.3742311358205364e+74,-2.37E+74,2.9699232183594315,0.1827775741029453,-0.179222686,HN,B,0.9999932687997344,A,6.731200265465678e-06
TOI-544 b,TOI-544,1,1,2,Transit,2022,Transiting Exoplanet Survey Satellite (TESS),Published Confirmed,0,<a refstr=OSBORNE_ET_AL__2023 href=https://ui.adsabs.harvard.edu/abs/2023arXiv231014908O/abstract target=ref>Osborne et al. 2023</a>,1.548352,2e-06,-2.00E-06,0,0.0225,0.0002,-0.0002,0,2.018,0.076,-0.076,0,0.18003421,0.00678028,-0.00678028,0,0.00909296,0.00151025,-0.00151025,0,1.93,0.3,-0.25,0,0,,,0,999,14,-14,0,,,,,0,,,,,2.17,0.36,-0.36,0,<a refstr=OSBORNE_ET_AL__2023 href=https://ui.adsabs.harvard.edu/abs/2023arXiv231014908O/abstract target=ref>Osborne et al. 2023</a>,,4169,70,-70,0,0.623,0.012,-0.012,0,0.631,0.018,-0.018,0,-0.17,0.09,-0.09,0,[Fe/H],4.68,0.12,-0.12,0,9,7,-7,0,,,,,,,,,1.3751097024123967e-05,2.3173613439938713e-06,-2.32E-06,7.76611937,0.164748483,-0.164748483,0.000373756,2.69862648609524e-05,-2.83E-05,0.084807544,0.010327957,-0.010176449,7.271490374910432e+73,7.271490374910432e+73,-7.27E+73,2.8421822443106586,0.079202885,-0.079202885,HSubN,B,0.9999998524536788,A,1.4754632094509545e-07
TOI-5542 b,TOI-5542,1,1,1,Transit,2022,Transiting Exoplanet Survey Satellite (TESS),Published Confirmed,0,<a refstr=GRIEVES_ET_AL__2022 href=https://ui.adsabs.harvard.edu/abs/2022arXiv220914830G/abstract target=ref>Grieves et al. 2022</a>,75.12375,0.00019,-0.00018,0,0.332,0.016,-0.016,0,11.30986153,0.40352331,-0.39231432,0,1.009,0.036,-0.035,0,1.32,0.1,-0.1,0,1.6,0.22,-0.19,0,0.018,0.026,-0.013,0,441,48,-74,0,89.643,0.069,-0.061,0,0,,,,,69.17,4.34,-4.55,0,<a refstr=GRIEVES_ET_AL__2022 href=https://ui.adsabs.harvard.edu/abs/2022arXiv220914830G/abstract target=ref>Grieves et al. 2022</a>,G3 V,5700,80,-80,0,1.058,0.036,-0.036,0,0.89,0.056,-0.031,0,-0.21,0.08,-0.08,0,[Fe/H],4.2,0.2,-0.2,0,10.8,2.1,-3.6,0,1.03,0.11,-0.1,0,3.03,0.5,-0.5,0,0.00141529,0.000118009,-0.000139378,67.47796958524319,3.980824774208531,-3.980824774,0.025845173,0.002243056,-0.002365609,1.396041101514789,0.1397796012106433,-0.148075752,1.970384005431225e+76,1.970384005431225e+76,-1.97E+76,3.506978637095385,0.044612396,-0.045198233,WJ,D,0.9999999999999932,A,6.773266406084893e-15
TOI-5573 b,TOI-5573,1,1,1,Transit,2025,Transiting Exoplanet Survey Satellite (TESS),Published Confirmed,0,<a refstr=FERNANDES_ET_AL__2025 href=https://ui.adsabs.harvard.edu/abs/2025arXiv250508947F/abstract target=ref>Fernandes et al. 2025</a>,8.79758977,9.86e-06,-1.00E-05,0,0.0712,0.0008,-0.0008,0,9.75,0.47,-0.47,0,0.87,0.04,-0.04,0,0.35,0.06,-0.06,0,0.661,0.16,-0.137,0,0.072,0.067,-0.048,0,528,10,-10,0,89.01,0.39,-0.2,0,0,25.74,0.72,-0.68,0,47.9,7.8,-8.1,0,<a refstr=FERNANDES_ET_AL__2025 href=https://ui.adsabs.harvard.edu/abs/2025arXiv250508947F/abstract target=ref>Fernandes et al. 2025</a>,,3790,59,-59,0,0.594,0.011,-0.011,0,0.619,0.023,-0.023,0,0.42,0.16,-0.16,0,[Fe/H],4.68,0.04,-0.04,0,9.7,3.9,-2.7,0,4.08,0.26,-0.24,0,2,,,1,0.000539559,9.46435682799804e-05,-9.46E-05,25.77526498756914,0.5583080747396288,-0.558308075,0.004019011,0.000319677,-0.000331723,0.4298845648500203,0.058294088,-0.056307761,1.8683497049712672e+75,1.8683497049712672e+75,-1.87E+75,3.0592165774763944,0.084484842,-0.084484842,HJ,A2,0.9987324734940536,B,0.001267526
TOI-558 b,TOI-558,1,1,1,Transit,2021,Transiting Exoplanet Survey Satellite (TESS),Published Confirmed,0,<a refstr=IKWUT_UKWA_ET_AL__2022 href=https://ui.adsabs.harvard.edu/abs/2022AJ....163....9I/abstract target=ref>Ikwut-Ukwa et al. 2022</a>,14.574071,2.6e-05,-2.60E-05,0,0.1291,0.002,-0.0021,0,12.17295304,0.45956821,-0.42594127,0,1.086,0.041,-0.038,0,3.61,0.15,-0.15,0,3.5,0.43,-0.41,0,0.298,0.022,-0.02,0,1061,13,-12,0,86.24,0.19,-0.22,0,0,18.56,0.57,-0.58,0,257.1,6.5,-6.5,0,<a refstr=IKWUT_UKWA_ET_AL__2022 href=https://ui.adsabs.harvard.edu/abs/2022AJ....163....9I/abstract target=ref>Ikwut-Ukwa et al. 2022</a>,F V,6466,95,-93,0,1.496,0.042,-0.04,0,1.349,0.064,-0.065,0,-0.004,0.059,-0.055,0,[Fe/H],4.218,0.03,-0.031,0,1.79,0.91,-0.73,0,0.568,0.054,-0.051,0,7.8,0.5,-0.5,0,0.002553622,0.000162475,-0.000161046,18.556849216616357,0.5734387282946047,-0.602110665,0.012235021,0.000568331,-0.000550029,1.1271419621698264,0.082383176,-0.077382846,1.2844337264704608e+76,1.2844337264704608e+76,-1.28E+76,3.8800345897633575,0.03534615,-0.037429355,WJ,A2,0.9999996787258164,C,2.686007116207021e-07
TOI-559 b,TOI-559,1,1,1,Transit,2021,Transiting Exoplanet Survey Satellite (TESS),Published Confirmed,0,<a refstr=IKWUT_UKWA_ET_AL__2022 href=https://ui.adsabs.harvard.edu/abs/2022AJ....163....9I/abstract target=ref>Ikwut-Ukwa et al. 2022</a>,6.9839095,5.1e-06,-5.10E-06,0,0.0723,0.0013,-0.0013,0,12.22899794,0.31385146,-0.28022452,0,1.091,0.028,-0.025,0,6.01,0.24,-0.23,0,5.74,0.42,-0.46,0,0.151,0.012,-0.011,0,1180,18,-16,0,89.08,0.52,-0.38,0,0,12.61,0.28,-0.32,0,633,7.9,-8.4,0,<a refstr=IKWUT_UKWA_ET_AL__2022 href=https://ui.adsabs.harvard.edu/abs/2022AJ....163....9I/abstract target=ref>Ikwut-Ukwa et al. 2022</a>,G V,5925,85,-76,0,1.233,0.028,-0.026,0,1.026,0.057,-0.057,0,-0.069,0.065,-0.079,0,[Fe/H],4.268,0.024,-0.028,0,6.8,2.5,-2,0,0.774,0.053,-0.058,0,4.08,0.5,-0.5,0,0.0055897,0.000382439,-0.000377086,12.60912095748405,0.3494241044793002,-0.365228299,0.008896668,0.000455449,-0.0004269,1.2450967878116286,0.088489768,-0.082185447,1.567330876747641e+76,1.567330876747641e+76,-1.57E+76,4.097412009189411,0.026399334,-0.027805806,HJ,C,1,A,1.8189898743517865e-12
TOI-5616 b,TOI-5616,1,1,1,Transit,2024,Transiting Exoplanet Survey Satellite (TESS),Published Confirmed,0,<a refstr=KANODIA_ET_AL__2024 href=https://ui.adsabs.harvard.edu/abs/2024arXiv240814694K/abstract target=ref>Kanodia et al. 2024</a>,2.002849,4e-06,-4.00E-06,0,0.0272,0.0003,-0.0003,0,10.78,0.54,-0.47,0,0.961,0.048,-0.042,0,1.96332356,,,1,,,,,0,,,0,939,27,-27,0,88.13,1.05,-0.73,0,0,10.21,0.32,-0.34,0,384,,,1,<a refstr=KANODIA_ET_AL__2024 href=https://ui.adsabs.harvard.edu/abs/2024arXiv240814694K/abstract target=ref>Kanodia et al. 2024</a>,,3996,88,-88,0,0.646,0.017,-0.017,0,0.666,0.025,-0.025,0,0.14,0.12,-0.12,0,[Fe/H],4.67,0.05,-0.05,0,7.2,4.4,-4.5,0,3.49,0.26,-0.23,0,3,,,1,0.002813061,,,9.054114371742203,0.2583468539399788,-0.258346854,0.002662287,,,0.5772505646693623,,,3.3688618109997635e+75,,,3.721732141201361,,,FHJ,C,0.7292272420944538,A,0.2706932760399148
TOI-564 b,TOI-564,1,1,1,Transit,2020,Transiting Exoplanet Survey Satellite (TESS),Published Confirmed,0,<a refstr=DAVIS_ET_AL__2020 href=https://ui.adsabs.harvard.edu/abs/2020AJ....160..229D/abstract target=ref>Davis et al. 2020</a>,1.651144,1.8e-05,-1.80E-05,0,0.02734,0.00061,-0.00053,0,11.43318,7.95839,-3.25061,0,1.02,0.71,-0.29,0,1.463,0.1,-0.096,0,1.7,3.1,-1.4,0,0.072,0.083,-0.05,0,1714,20,-21,0,78.38,0.71,-0.85,0,0,,,,,247,13,-13,0,<a refstr=DAVIS_ET_AL__2020 href=https://ui.adsabs.harvard.edu/abs/2020AJ....160..229D/abstract target=ref>Davis et al. 2020</a>,,5640,34,-37,0,1.088,0.014,-0.014,0,0.998,0.068,-0.057,0,0.143,0.076,-0.078,0,[Fe/H],4.364,0.032,-0.028,0,7.3,3.6,-3.5,0,1.095,0.09,-0.075,0,,,,,0.001398863,0.000124602,-0.000132326,5.403550380911312,0.1391752803526129,-0.125726877,0.002120068,0.000139463,-0.000131774,0.3961310137690766,0.1078299955787143,-0.114413534,1.5864710619184663e+75,1.5864710619184663e+75,-1.59E+75,3.542231020964832,0.2487295418202625,-0.605277285,FHJ,A1,0.9989922900850766,B,0.001007681
TOI-5678 b,TOI-5678,1,1,1,Transit,2023,Transiting Exoplanet Survey Satellite (TESS),Published Confirmed,0,<a refstr=ULMER_MOLL_ET_AL__2023 href=https://ui.adsabs.harvard.edu/abs/2023arXiv230604295U/abstract target=ref>Ulmer-Moll et al. 2023</a>,47.73022,0.00014,-0.00013,0,0.249,0.005,-0.005,0,4.91,0.08,-0.08,0,0.43804161,0.00713713,-0.00713713,0,0.06292704,0.01258541,-0.01258541,0,,,,,0.14,0.07,-0.07,0,513,8,-7,0,89.83,0.11,-0.12,0,0,,,,,3.8,0.7,-0.7,0,<a refstr=ULMER_MOLL_ET_AL__2023 href=https://ui.adsabs.harvard.edu/abs/2023arXiv230604295U/abstract target=ref>Ulmer-Moll et al. 2023</a>,G7 V,5485,63,-63,0,0.938,0.007,-0.007,0,0.905,0.039,-0.041,0,0,0.01,-0.01,0,[Fe/H],4.34,0.11,-0.11,0,8.5,3,-3,0,1.551,0.083,-0.095,0,3.1,1,-1,0,6.635140894810963e-05,1.3606480920852586e-05,-1.36E-05,57.08290924,1.2228419524501255,-1.222841952,0.006989439,0.00070509,-0.000720101,0.3973005225203178,0.056287467,-0.055645249,1.5958524563998035e+75,1.5958524563998035e+75,-1.60E+75,2.909993608945435,0.088004283,-0.088004283,WN,B,0.9326786150344598,A,0.067321385
TOI-6016 b,TOI-6016,1,1,1,Transit,2024,Transiting Exoplanet Survey Satellite (TESS),Published Confirmed,0,<a refstr=EHRHARDT_ET_AL__2024 href=https://ui.adsabs.harvard.edu/abs/2024A&A...692A.220E/abstract target=ref>Ehrhardt et al. 2024</a>,4.023687,3e-06,-3.00E-06,0,0.055,0.002,-0.002,0,13.67495645,0.33626942,-0.33626942,0,1.22,0.03,-0.03,0,1.17,0.09,-0.09,0,0.81,0.08,-0.08,0,0,,,0,1890,40,-40,0,,,,,0,,,,,125,8,-8,0,<a refstr=EHRHARDT_ET_AL__2024 href=https://ui.adsabs.harvard.edu/abs/2024A&A...692A.220E/abstract target=ref>Ehrhardt et al. 2024</a>,F,6110,50,-50,0,1.51,0.03,-0.03,0,1.31,0.08,-0.08,0,0.28,0.06,-0.06,0,[Fe/H],4.19,0.08,-0.08,0,0.3,0.1,-0.1,0,,,,,8.4,0.5,-0.5,0,0.000852268,8.370702642870396e-05,-8.37E-05,7.832408541780302,0.3245523265152834,-0.324552327,0.003615605,0.000306719,-0.000289579,0.4009973440937658,0.041672001,-0.038278441,1.6256889595668638e+75,1.6256889595668638e+75,-1.63E+75,3.289653238760021,0.039651501,-0.039651501,HJ,A1,0.9999912634288178,B,8.7365584676621e-06
TOI-6130 b,TOI-6130,1,1,1,Transit,2024,Transiting Exoplanet Survey Satellite (TESS),Published Confirmed,0,<a refstr=EHRHARDT_ET_AL__2024 href=https://ui.adsabs.harvard.edu/abs/2024A&A...692A.220E/abstract target=ref>Ehrhardt et al. 2024</a>,2.392679,2e-06,-2.00E-06,0,0.036,0.002,-0.002,0,14.3474953,0.33626942,-0.33626942,0,1.28,0.03,-0.03,0,1.05,0.06,-0.06,0,0.64,0.06,-0.06,0,0.036,0.018,-0.018,0,1750,40,-40,0,,,,,0,,,,,145,6,-6,0,<a refstr=EHRHARDT_ET_AL__2024 href=https://ui.adsabs.harvard.edu/abs/2024A&A...692A.220E/abstract target=ref>Ehrhardt et al. 2024</a>,F,6110,50,-50,0,1.51,0.03,-0.03,0,1.31,0.08,-0.08,0,0.28,0.06,-0.06,0,[Fe/H],4.19,0.08,-0.08,0,0.3,0.1,-0.1,0,,,,,8.4,0.5,-0.5,0,0.000764856,6.396814287886885e-05,-6.40E-05,5.126667409165289,0.3024794284129848,-0.302479428,0.002282734,0.00022397,-0.000210053,0.3000461447843552,0.030954248,-0.02834167,9.101868694078463e+74,9.101868694078463e+74,-9.10E+74,3.2009563981375573,0.032098363,-0.032098363,FHJ,A1,0.9999865799713762,B,1.3420012354444425e-05
TOI-615 b,TOI-615,1,1,1,Transit,2023,Transiting Exoplanet Survey Satellite (TESS),Published Confirmed,0,<a refstr=PSARIDI_ET_AL__2023 href=https://ui.adsabs.harvard.edu/abs/2023A&A...675A..39P/abstract target=ref>Psaridi et al. 2023</a>,4.6615983,2.5e-06,-1.60E-06,0,0.0678,0.0031,-0.0026,0,18.97680433,0.582867,-0.6389119,0,1.693,0.052,-0.057,0,0.435,0.086,-0.082,0,0.084,0.018,-0.018,0,0.39,,,1,1666,24,-24,0,86.73,0.6,-0.22,0,0,8.458,0.214,-0.235,0,42.4,6.9,-8.6,0,<a refstr=PSARIDI_ET_AL__2023 href=https://ui.adsabs.harvard.edu/abs/2023A&A...675A..39P/abstract target=ref>Psaridi et al. 2023</a>,F2 V,6850,100,-100,0,1.732,0.055,-0.055,0,1.449,0.087,-0.087,0,-0.1,0.07,-0.07,0,[Fe/H],4.2,0.2,-0.2,0,1.7,0.3,-0.3,0,0.276,0.033,-0.03,0,16.3,0.8,-0.8,0,0.000286472,5.919009151882424e-05,-5.67E-05,8.417660315876379,0.468596797,-0.419108868,0.003098965,0.000414318,-0.000372779,0.2191187730107497,0.038184055,-0.033935988,4.854154986892617e+74,4.854154986892617e+74,-4.85E+74,2.5753623791001226,0.090704036,-0.086104278,HJ,A1,0.9999999967252235,B,3.2743695958806923e-09
TOI-622 b,TOI-622,1,1,1,Transit,2023,Transiting Exoplanet Survey Satellite (TESS),Published Confirmed,0,<a refstr=PSARIDI_ET_AL__2023 href=https://ui.adsabs.harvard.edu/abs/2023A&A...675A..39P/abstract target=ref>Psaridi et al. 2023</a>,6.402513,3.1e-05,-5.40E-05,0,0.0708,0.0052,-0.0059,0,9.2362001,0.31385146,-0.32506044,0,0.824,0.028,-0.029,0,0.303,0.069,-0.072,0,0.507,0.126,-0.126,0,0.42,,,1,1388,22,-22,0,86.62,0.77,-0.54,0,0,10.637,0.846,-0.671,0,27.8,6.4,-7.4,0,<a refstr=PSARIDI_ET_AL__2023 href=https://ui.adsabs.harvard.edu/abs/2023A&A...675A..39P/abstract target=ref>Psaridi et al. 2023</a>,F6 V,6400,100,-100,0,1.415,0.047,-0.047,0,1.313,0.079,-0.079,0,0.09,0.07,-0.07,0,[Fe/H],4.2,0.2,-0.2,0,0.9,0.2,-0.2,0,0.452,0.06,-0.047,0,19,0.9,-0.9,0,0.000220211,5.186793117474635e-05,-5.40E-05,10.759359233981993,0.8672894944844813,-0.965212099,0.002964417,0.00051417,-0.000529884,0.2814004307799105,0.057849608,-0.056716658,8.005786053447984e+74,8.005786053447984e+74,-8.01E+74,3.043775243,0.1035154182924685,-0.107336452,HJ,A1,0.9300372215591391,B,0.069962778
TOI-628 b,TOI-628,1,1,1,Transit,2021,Transiting Exoplanet Survey Satellite (TESS),Published Confirmed,0,<a refstr=RODRIGUEZ_ET_AL__2021 href=https://ui.adsabs.harvard.edu/abs/2021AJ....161..194R/abstract target=ref>Rodriguez et al. 2021</a>,3.4095675,7e-06,-6.90E-06,0,0.0486,0.0008,-0.00094,0,11.88154,0.459569,-0.381106,0,1.06,0.041,-0.034,0,6.33,0.29,-0.31,0,6.58,0.7,-0.75,0,0.072,0.021,-0.023,0,1586,52,-40,0,88.41,1,-0.93,0,0,7.78,0.22,-0.27,0,713,20,-22,0,<a refstr=RODRIGUEZ_ET_AL__2021 href=https://ui.adsabs.harvard.edu/abs/2021AJ....161..194R/abstract target=ref>Rodriguez et al. 2021</a>,,6250,220,-190,0,1.345,0.046,-0.04,0,1.311,0.066,-0.075,0,0.258,0.078,-0.08,0,[Fe/H],4.3,0.026,-0.036,0,1.28,1.6,-0.91,0,0.762,0.067,-0.078,0,6.9,0.5,-0.5,0,0.004607469,0.000337689,-0.000323601,7.770045735006276,0.2641147856420248,-0.305293289,0.005607251,0.000292769,-0.000287537,0.9402611559097472,0.074566601,-0.07090563,8.938228517277268e+75,8.938228517277268e+75,-8.94E+75,4.1449790178511705,0.034235597,-0.039762749,HJ,C,0.9999999858387488,A,1.416122768462879e-08
TOI-6628 b,TOI-6628,1,1,1,Transit,2025,Transiting Exoplanet Survey Satellite (TESS),Published Confirmed,0,<a refstr=TALA_PINTO_ET_AL__2025 href=https://ui.adsabs.harvard.edu/abs/2025A&A...694A.268T/abstract target=ref>Tala Pinto et al. 2025</a>,18.18424,1e-05,-1.00E-05,0,0.134,0.007,-0.008,0,10.98480109,0.67253884,-0.67253884,0,0.98,0.06,-0.06,0,0.74,0.06,-0.06,0,0.98,0.16,-0.14,0,0.67,0.015,-0.016,0,833,21,-23,0,88.19,0.12,-0.12,0,0,,,,,78.91,3.07,-3.19,0,<a refstr=TALA_PINTO_ET_AL__2025 href=https://ui.adsabs.harvard.edu/abs/2025A&A...694A.268T/abstract target=ref>Tala Pinto et al. 2025</a>,,5463,143,-142,0,1.01,0.06,-0.05,0,0.97,0.06,-0.06,0,0.36,0.02,-0.02,0,[Fe/H],4.416,0.024,-0.025,0,7.5,2.4,-2.5,0,1.3263,0.0838,-0.0917,0,3.13,0.02,-0.02,0,0.000727983,7.424096807856338e-05,-7.42E-05,28.52942474066294,2.053253199201453,-2.402803297,0.008358048,0.00086233,-0.000868749,0.6454344435948185,0.088103737,-0.080253864,4.2117127120633435e+75,4.2117127120633435e+75,-4.21E+75,3.2809666067093426,0.063780539,-0.063780539,WJ,A2,0.9999692104695106,B,3.0789529047717384e-05
TOI-663 b,TOI-663,1,1,3,Transit,2024,Transiting Exoplanet Survey Satellite (TESS),Published Confirmed,0,<a refstr=COINTEPAS_ET_AL__2024 href=https://ui.adsabs.harvard.edu/abs/2024A&A...685A..19C/abstract target=ref>Cointepas et al. 2024</a>,2.598902,3.2e-06,-3.00E-06,0,0.0295,0.0011,-0.0011,0,2.27,0.1,-0.09,0,0.20251618,0.00892142,-0.00802928,0,0.01400127,0.0019822,-0.00207659,0,2.07,0.42,-0.38,0,,,,,674,30,-30,0,89.14,0.57,-0.6,0,0,,,,,3.25,0.45,-0.47,0,<a refstr=COINTEPAS_ET_AL__2024 href=https://ui.adsabs.harvard.edu/abs/2024A&A...685A..19C/abstract target=ref>Cointepas et al. 2024</a>,M1 V,3681,70,-70,0,0.512,0.015,-0.015,0,0.514,0.012,-0.012,0,0.07,0.12,-0.12,0,[Fe/H],4.7266,0.0085,-0.0085,0,,,,,,,,,,,,,2.5993558403906305e-05,3.729684154795732e-06,-3.90E-06,12.38972437832399,0.5875279857219007,-0.587527986,0.000605904,5.614614394855357e-05,-5.72E-05,0.1258827100838324,0.015560465,-0.015606625,1.6020889765606055e+74,1.6020889765606055e+74,-1.60E+74,2.9274350153090585,0.070471698,-0.074920248,HSubN,B,0.9999999176717456,A,8.232825427216917e-08
TOI-663 c,TOI-663,1,1,3,Transit,2024,Transiting Exoplanet Survey Satellite (TESS),Published Confirmed,0,<a refstr=COINTEPAS_ET_AL__2024 href=https://ui.adsabs.harvard.edu/abs/2024A&A...685A..19C/abstract target=ref>Cointepas et al. 2024</a>,4.6955507,9.5e-06,-9.40E-06,0,0.0437,0.0016,-0.0016,0,2.26,0.1,-0.1,0,0.20162404,0.00892142,-0.00892142,0,0.01148418,0.00305196,-0.00305196,0,1.73,0.54,-0.49,0,,,,,553,24,-24,0,89.3,0.41,-0.35,0,0,,,,,2.18,0.58,-0.57,0,<a refstr=COINTEPAS_ET_AL__2024 href=https://ui.adsabs.harvard.edu/abs/2024A&A...685A..19C/abstract target=ref>Cointepas et al. 2024</a>,M1 V,3681,70,-70,0,0.512,0.015,-0.015,0,0.514,0.012,-0.012,0,0.07,0.12,-0.12,0,[Fe/H],4.7266,0.0085,-0.0085,0,,,,,,,,,,,,,2.1320544747081708e-05,5.6878292584219215e-06,-5.69E-06,18.35359171,0.8606324988835915,-0.860632499,0.000840183,0.000109387,-0.000115556,0.1390659419768009,0.025811319,-0.025922605,1.955221786110774e+74,1.955221786110774e+74,-1.96E+74,2.845202404098901,0.1216461448509639,-0.121646145,HSubN,B,0.9999998525761556,A,1.474238445637711e-07
TOI-6651 b,TOI-6651,1,1,1,Transit,2024,Transiting Exoplanet Survey Satellite (TESS),Published Confirmed,0,<a refstr=BALIWAL_ET_AL__2024 href=https://ui.adsabs.harvard.edu/abs/2024A&A...691A..12B/abstract target=ref>Baliwal et al. 2024</a>,5.056973,1.6e-05,-1.80E-05,0,0.0633,0.00078,-0.00072,0,5.09,0.27,-0.26,0,0.45410017,0.02408783,-0.02319569,0,0.19192746,0.02391227,-0.02485618,0,2.52,0.52,-0.44,0,0.091,0.096,-0.062,0,1493,14,-15,0,84.93,0.63,-0.46,0,0,7.91,0.31,-0.28,0,18.9,2.3,-2.3,0,<a refstr=BALIWAL_ET_AL__2024 href=https://ui.adsabs.harvard.edu/abs/2024A&A...691A..12B/abstract target=ref>Baliwal et al. 2024</a>,,5940,110,-110,0,1.721,0.065,-0.062,0,1.323,0.05,-0.045,0,0.225,0.044,-0.045,0,[Fe/H],4.087,0.035,-0.032,0,3.71,0.68,-0.78,0,0.366,0.045,-0.037,0,4.88,0.14,-0.14,0,0.000138433,1.787853365232184e-05,-1.87E-05,7.909197672061556,0.3011400296884209,-0.311972966,0.002270437,0.00014745,-0.000153575,0.2841825731671484,0.032521609,-0.031998963,8.164871395899639e+74,8.164871395899639e+74,-8.16E+74,3.363020825206246,0.069973451,-0.0727071,HN,B,0.9952975067040144,A,0.004702493
TOI-669 b,TOI-669,1,1,1,Transit,2023,Transiting Exoplanet Survey Satellite (TESS),Published Confirmed,0,<a refstr=POLANSKI_ET_AL__2024 href=https://ui.adsabs.harvard.edu/abs/2024ApJS..272...32P/abstract target=ref>Polanski et al. 2024</a>,3.945152,1.8e-05,-1.80E-05,0,0.048,0.001,-0.001,0,2.58606487,0.13042739,-0.11014467,0,0.23071365,0.01163597,-0.00982647,0,0.03146352,0.00440489,-0.00440489,0,3.17,0.73,-0.95,0,0,,,0,1124.85,18.76,-18.66,0,,,,,0,,,,,4.26,0.56,-0.56,0,<a refstr=MACDOUGALL_ET_AL__2023 href=https://ui.adsabs.harvard.edu/abs/2023AJ....166...33M/abstract target=ref>MacDougall et al. 2023</a>,,5597,72,-72,0,0.9882,0.0176,-0.0175,0,0.9245,0.0327,-0.0303,0,0.001,0.059,-0.06,0,[Fe/H],4.412,0.024,-0.024,0,7.9,2.3,-2.2,0,1.34,0.0968,-0.0902,0,,,,,3.247594651056746e-05,4.669555653659487e-06,-4.69E-06,10.444940683855611,0.2855951724102427,-0.286280862,0.001061829,8.316126332320569e-05,-8.45E-05,0.1681577755252132,0.020352183,-0.020191719,2.8588302661624177e+74,2.8588302661624177e+74,-2.86E+74,3.1658477663451503,0.071171528,-0.0749389,HSubN,B,0.9999942684380948,A,5.731561904928081e-06
TOI-674 b,TOI-674,1,1,1,Transit,2021,Transiting Exoplanet Survey Satellite (TESS),Published Confirmed,0,<a refstr=MURGAS_ET_AL__2021 href=https://ui.adsabs.harvard.edu/abs/2021A&A...653A..60M/abstract target=ref>Murgas et al. 2021</a>,1.977143,3e-06,-3.00E-06,0,0.025,0.0008,-0.0008,0,5.25,0.17,-0.17,0,0.46837443,0.01516641,-0.01516641,0,0.0742539,0.01038296,-0.01038296,0,0.91,0.15,-0.15,0,0,,,0,635,15,-15,0,87.21,0.24,-0.24,0,0,12.8,0.42,-0.42,0,21.44,2.94,-2.94,0,<a refstr=MURGAS_ET_AL__2021 href=https://ui.adsabs.harvard.edu/abs/2021A&A...653A..60M/abstract target=ref>Murgas et al. 2021</a>,M2 V,3514,57,-57,0,0.42,0.013,-0.013,0,0.42,0.01,-0.01,0,0.17,0.12,-0.12,0,[Fe/H],4.81,0.03,-0.03,0,,,,,10.14,1.04,-1.04,0,0.4,0.04,-0.04,0,0.000168706,2.3929828614656508e-05,-2.39E-05,12.799715257671274,0.5698461245135636,-0.569846125,0.000957804,8.305424285320114e-05,-8.29E-05,0.1941293446750074,0.022507183,-0.02182695,3.81010409370259e+74,3.81010409370259e+74,-3.81E+74,2.923719952027626,0.066924587,-0.066924587,HS,B,0.9947961363269008,A,0.005203864
TOI-677 b,TOI-677,1,1,1,Transit,2020,Transiting Exoplanet Survey Satellite (TESS),Published Confirmed,0,<a refstr=HU_ET_AL__2024 href=https://ui.adsabs.harvard.edu/abs/2024AJ....167..175H/abstract target=ref>Hu et al. 2024</a>,11.2365985,1.9e-06,-1.90E-06,0,0.1041,0.0035,-0.0034,0,13.11450742,0.32506044,-0.33626942,0,1.17,0.029,-0.03,0,1.234,0.084,-0.083,0,,,,,0.46,0.019,-0.018,0,,,,,85.77,0.22,-0.24,0,0,17.49,0.39,-0.4,0,112.9,4,-4.1,0,<a refstr=JORD_AACUTE_N_ET_AL__2020 href=https://ui.adsabs.harvard.edu/abs/2020AJ....159..145J/abstract target=ref>Jord&aacute;n et al. 2020</a>,F8,6295,77,-77,0,1.28,0.03,-0.03,0,1.181,0.058,-0.058,0,0,0.05,-0.05,0,[Fe/H],4.291,0.025,-0.025,0,2.92,0.8,-0.73,0,0.8,0.06,-0.06,0,7.8,0.19,-0.19,0,0.000997072,8.369225293908279e-05,-8.30E-05,17.488410952996983,0.7167524181971031,-0.703036511,0.00721084,0.000536826,-0.000503595,0.6093233886245337,0.055803218,-0.051123255,3.753618762664292e+75,3.753618762664292e+75,-3.75E+75,3.3491304745682555,0.037013389,-0.036287589,WJ,A2,0.99999842,B,1.5803343401944982e-06
TOI-763 b,TOI-763,1,1,2,Transit,2020,Transiting Exoplanet Survey Satellite (TESS),Published Confirmed,0,<a refstr=FRIDLUND_ET_AL__2020 href=https://ui.adsabs.harvard.edu/abs/2020MNRAS.498.4503F/abstract target=ref>Fridlund et al. 2020</a>,5.6057,0.0013,-0.0013,0,0.06,0.0006,-0.0006,0,2.28,0.11,-0.11,0,0.20340798,0.00981354,-0.00981354,0,0.03080263,0.00245414,-0.00245414,0,4.51,0.83,-0.66,0,0.04,0.04,-0.03,0,1038,16,-16,0,,,,,0,,,,,3.79,0.31,-0.31,0,<a refstr=FRIDLUND_ET_AL__2020 href=https://ui.adsabs.harvard.edu/abs/2020MNRAS.498.4503F/abstract target=ref>Fridlund et al. 2020</a>,G,5450,60,-60,0,0.897,0.013,-0.013,0,0.917,0.028,-0.028,0,0.01,0.05,-0.05,0,[Fe/H],4.45,0.05,-0.05,0,,,,,,,,,1.7,0.4,-0.4,0,3.205382698626525e-05,2.7349530718533164e-06,-2.73E-06,14.38362651,0.2532661782008586,-0.253266178,0.001321511,6.1987749591038e-05,-6.16E-05,0.1989223802299067,0.017330454,-0.016234579,4.000568935844984e+74,4.000568935844984e+74,-4.00E+74,3.266038863628075,0.054344713,-0.054344713,HSubN,B,0.9999992582408674,A,7.4175913230734e-07
TOI-782 b,TOI-782,1,1,1,Transit,2024,Transiting Exoplanet Survey Satellite (TESS),Published Confirmed,0,<a refstr=HORI_ET_AL__2024 href=https://ui.adsabs.harvard.edu/abs/2024arXiv240512637H/abstract target=ref>Hori et al. 2024</a>,8.0240015,7.7e-06,-7.20E-06,0,0.0578,0.0018,-0.0018,0,2.734,0.085,-0.085,0,0.24391156,0.00758321,-0.00758321,0,0.06009532,,,1,7.99,0.54,-0.54,0,0.19,0.09,-0.11,0,435,6,-6,0,88.98,0.51,-0.17,0,0,30.07,0.68,-0.68,0,11.6,,,1,<a refstr=HORI_ET_AL__2024 href=https://ui.adsabs.harvard.edu/abs/2024arXiv240512637H/abstract target=ref>Hori et al. 2024</a>,,3370,29,-32,0,0.413,0.008,-0.008,0,0.397,0.01,-0.01,0,0.34,0.15,-0.15,0,[Fe/H],4.804,0.021,-0.021,0,,,,,7.9,0.6,-0.5,0,,,,,0.000144448,,,30.094516958375575,1.1037061817428369,-1.103706182,0.002102768,,,0.3784910232235886,,,1.4483236796560783e+75,,,3.398562922737959,,,HSubN,B,0.9988535879764596,A,0.001146412
TOI-824 b,TOI-824,1,1,1,Transit,2020,Transiting Exoplanet Survey Satellite (TESS),Published Confirmed,0,<a refstr=BURT_ET_AL__2020 href=https://ui.adsabs.harvard.edu/abs/2020AJ....160..153B/abstract target=ref>Burt et al. 2020</a>,1.392978,1.8e-05,-1.70E-05,0,0.02177,0.00032,-0.00032,0,2.926,0.202,-0.191,0,0.26104024,0.01802123,-0.01703988,0,0.05810339,0.0057987,-0.00589938,0,4.03,0.98,-0.78,0,,,,,1253,38,-37,0,83.65,0.39,-0.38,0,0,6.73,0.22,-0.21,0,13.2,1.2,-1.3,0,<a refstr=BURT_ET_AL__2020 href=https://ui.adsabs.harvard.edu/abs/2020AJ....160..153B/abstract target=ref>Burt et al. 2020</a>,K4 V,4600,110,-100,0,0.695,0.027,-0.027,0,0.71,0.032,-0.031,0,-0.092,0.076,-0.077,0,[Fe/H],4.605,0.026,-0.026,0,7.5,1.8,-2.9,0,2.98,0.3,-0.27,0,2.165,0.21,-0.21,0,7.809164079904262e-05,8.506737478513803e-06,-8.67E-06,6.735707423711743,0.279779508,-0.279779508,0.000645188,4.070696996628844e-05,-4.07E-05,0.1650934448808183,0.019369039,-0.018134349,2.755586975859157e+74,2.755586975859157e+74,-2.76E+74,3.324973589948972,0.071367464,-0.074431582,HSubN,B,0.999994718,A,5.281550509858145e-06
TOI-836 c,TOI-836,1,1,2,Transit,2023,Transiting Exoplanet Survey Satellite (TESS),Published Confirmed,0,<a refstr=HAWTHORN_ET_AL__2023 href=https://ui.adsabs.harvard.edu/abs/2023MNRAS.tmp..458H/abstract target=ref>Hawthorn et al. 2023</a>,8.59545,1e-05,-1.00E-05,0,0.075,0.0016,-0.0016,0,2.587,0.088,-0.088,0,0.23079708,0.00785085,-0.00785085,0,0.03020498,0.00849515,-0.00786588,0,3.06,0.48,-0.54,0,0.078,0.056,-0.056,0,665,27,-27,0,88.7,1.5,-1.5,0,1,,,,,3.86,0.85,-0.85,0,<a refstr=HAWTHORN_ET_AL__2023 href=https://ui.adsabs.harvard.edu/abs/2023MNRAS.tmp..458H/abstract target=ref>Hawthorn et al. 2023</a>,K V,4552,154,-154,0,0.665,0.01,-0.01,0,0.678,0.049,-0.041,0,-0.284,0.067,-0.067,0,[Fe/H],4.743,0.105,-0.105,0,5.4,6.3,-5,0,3.294,0.079,-0.092,0,1.86,0.5,-0.5,0,4.251187730155976e-05,1.2229715516989096e-05,-1.15E-05,24.252092067166625,0.6329937005872093,-0.632993701,0.001814921,0.000240654,-0.00024557,0.2404488419645619,0.048275631,-0.046173533,5.84520629796402e+74,5.84520629796402e+74,-5.85E+74,3.1478049710467224,0.1256680223177012,-0.116893211,HSubN,B,0.999994428,A,5.572482406471753e-06
TOI-837 b,TOI-837,1,1,1,Transit,2020,Transiting Exoplanet Survey Satellite (TESS),Published Confirmed,0,<a refstr=BARRAG_AACUTE_N_ET_AL__2024 href=https://ui.adsabs.harvard.edu/abs/2024MNRAS.531.4275B/abstract target=ref>Barrag&aacute;n et al. 2024</a>,8.3249113,3.6e-06,-3.60E-06,0,0.0888,0.0026,-0.0029,0,9.16894621,0.38110534,-0.26901554,0,0.818,0.034,-0.024,0,0.379,0.058,-0.061,0,0.89,0.2,-0.18,0,,,,,995.3,20.4,-19.1,0,87.097,0.099,-0.129,0,0,18.16,0.5,-0.58,0,34.7,5.3,-5.6,0,<a refstr=BARRAG_AACUTE_N_ET_AL__2024 href=https://ui.adsabs.harvard.edu/abs/2024MNRAS.531.4275B/abstract target=ref>Barrag&aacute;n et al. 2024</a>,F9/G0,5995,79,-79,0,1.052,0.012,-0.007,0,1.142,0.008,-0.011,0,0.01,0.04,-0.04,0,[Fe/H],4.453,0.003,-0.008,0,0.035,0.007,-0.004,0,1.63,0.14,-0.15,0,16.8,0.1,-0.1,0,0.00031669,4.856035751117824e-05,-5.10E-05,18.151261606467976,0.5450071011338873,-0.627896898,0.004196791,0.000347497,-0.000376619,0.3793142581406625,0.042144464,-0.045638844,1.4546308690770599e+75,1.4546308690770599e+75,-1.45E+75,3.1473196409887825,0.071180329,-0.078672524,HJ,A1,0.9750475562735924,B,0.024952444
TOI-892 b,TOI-892,1,1,1,Transit,2020,Transiting Exoplanet Survey Satellite (TESS),Published Confirmed,0,<a refstr=BRAHM_ET_AL__2020 href=https://ui.adsabs.harvard.edu/abs/2020AJ....160..235B/abstract target=ref>Brahm et al. 2020</a>,10.62656,7e-05,-7.00E-05,0,0.092,0.005,-0.005,0,11.99363,0.22418,-0.22418,0,1.07,0.02,-0.02,0,0.95,0.07,-0.07,0,,,,,0.125,,,1,1397,40,-40,0,88.2,0.3,-0.5,0,0,14.2,0.8,-0.7,0,74,5,-5,0,<a refstr=BRAHM_ET_AL__2020 href=https://ui.adsabs.harvard.edu/abs/2020AJ....160..235B/abstract target=ref>Brahm et al. 2020</a>,F,6261,80,-80,0,1.39,0.02,-0.02,0,1.28,0.03,-0.02,0,0.24,0.05,-0.05,0,[Fe/H],4.26,0.02,-0.02,0,2.2,0.5,-0.5,0,0.482,0.082,-0.072,0,7.69,0.5,-0.5,0,0.000708231,5.334586043187136e-05,-5.48E-05,14.232546692271024,0.8001571195145115,-0.80015712,0.005685986,0.000485101,-0.000484791,0.5048258978816863,0.041672401,-0.042088234,2.5765449099041184e+75,2.5765449099041184e+75,-2.58E+75,3.3131430882817843,0.035883514,-0.035883514,WJ,A2,0.9999720256504128,B,2.7974348194128177e-05
TOI-905 b,TOI-905,1,1,1,Transit,2020,Transiting Exoplanet Survey Satellite (TESS),Published Confirmed,0,<a refstr=DAVIS_ET_AL__2020 href=https://ui.adsabs.harvard.edu/abs/2020AJ....160..229D/abstract target=ref>Davis et al. 2020</a>,3.739494,3.8e-05,-3.80E-05,0,0.04666,0.00096,-0.0011,0,13.125739,0.594077,-0.571659,0,1.171,0.053,-0.051,0,0.667,0.042,-0.041,0,0.515,0.063,-0.057,0,0.024,0.025,-0.017,0,1192,39,-36,0,85.68,0.22,-0.26,0,0,,,,,89.1,3.8,-3.6,0,<a refstr=DAVIS_ET_AL__2020 href=https://ui.adsabs.harvard.edu/abs/2020AJ....160..229D/abstract target=ref>Davis et al. 2020</a>,,5570,150,-140,0,0.918,0.038,-0.036,0,0.968,0.061,-0.068,0,0.14,0.22,-0.18,0,[Fe/H],4.498,0.025,-0.027,0,3.4,3.8,-2.3,0,1.76,0.16,-0.16,0,,,,,0.000657524,6.203005641611467e-05,-5.79E-05,10.929785614276057,0.4840272137167188,-0.520659704,0.00281325,0.000188935,-0.00017803,0.3311326019726462,0.034605604,-0.030411841,1.1085578136693436e+75,1.1085578136693436e+75,-1.11E+75,3.0811990821351785,0.046678721,-0.047520049,HJ,A1,0.9999668549316336,B,3.314505382679847e-05
TOI-908 b,TOI-908,1,1,1,Transit,2023,Transiting Exoplanet Survey Satellite (TESS),Published Confirmed,0,<a refstr=HAWTHORN_ET_AL__2023 href=https://ui.adsabs.harvard.edu/abs/2023MNRAS.tmp.1796H/abstract target=ref>Hawthorn et al. 2023</a>,3.183792,7e-06,-7.00E-06,0,0.041657,2e-06,-2.00E-06,0,3.186,0.155,-0.155,0,0.28423637,0.0138282,-0.0138282,0,0.05077268,0.0129378,-0.01270812,0,2.742,0.241,-0.353,0,0.132,0.091,-0.091,0,1317,38,-38,0,86.475,1.258,-1.26,0,0,,,,,7.244,1.768,-1.768,0,<a refstr=HAWTHORN_ET_AL__2023 href=https://ui.adsabs.harvard.edu/abs/2023MNRAS.tmp.1796H/abstract target=ref>Hawthorn et al. 2023</a>,G V,5626,61,-61,0,1.028,0.03,-0.03,0,0.95,0.01,-0.01,0,0.08,0.04,-0.04,0,[Fe/H],4.45,0.03,-0.03,0,4.6,1.5,-1.5,0,1.235,0.091,-0.102,0,2.56,0.636,-0.636,0,5.099973360853114e-05,1.3006740834693208e-05,-1.28E-05,8.713737360517554,0.2542922904545585,-0.25429229,0.001071117,8.832743405104253e-05,-0.000101507,0.1768643067519327,0.02734184,-0.028104377,3.1625314731083507e+74,3.1625314731083507e+74,-3.16E+74,3.19245783,0.1184595129396749,-0.116626255,HN,B,0.9999796411955774,A,2.0358804422410564e-05
TOI-954 b,TOI-954,1,1,1,Transit,2020,Transiting Exoplanet Survey Satellite (TESS),Published Confirmed,0,<a refstr=SHA_ET_AL__2021 href=https://ui.adsabs.harvard.edu/abs/2021AJ....161...82S/abstract target=ref>Sha et al. 2021</a>,3.6849729,2.7e-06,-2.80E-06,0,0.04963,0.00089,-0.0009,0,9.550068,0.594077,-0.694958,0,0.852,0.053,-0.062,0,0.174,0.018,-0.017,0,0.35,0.1,-0.07,0,0.14,0.18,-0.11,0,1526,123,-164,0,84.4,2.5,-0.6,0,0,5.63,0.18,-0.17,0,20.7,2,-1.9,0,<a refstr=SHA_ET_AL__2021 href=https://ui.adsabs.harvard.edu/abs/2021AJ....161...82S/abstract target=ref>Sha et al. 2021</a>,,5710,53,-49,0,1.892,0.077,-0.076,0,1.201,0.066,-0.064,0,0.215,0.05,-0.051,0,[Fe/H],3.962,0.026,-0.024,0,6.14,0.3,-0.3,0,0.249,0.025,-0.021,0,5.6,0.5,-0.5,0,0.000138251,1.6087817483807346e-05,-1.55E-05,5.640696504440901,0.2481355831884254,-0.251321336,0.001779343,0.000126806,-0.000120963,0.1835854440882572,0.024083374,-0.020348589,3.407461462265305e+74,3.407461462265305e+74,-3.41E+74,2.7738570971125553,0.077547302,-0.068701139,HJ,A1,0.9215464617094464,B,0.078453538
TOI-969 b,TOI-969,1,1,2,Transit,2022,Transiting Exoplanet Survey Satellite (TESS),Published Confirmed,0,<a refstr=LILLO_BOX_ET_AL__2022 href=https://ui.adsabs.harvard.edu/abs/2022arXiv221008996L/abstract target=ref>Lillo-Box et al. 2022</a>,1.8237305,2e-06,-2.10E-06,0,0.02636,0.00017,-0.00017,0,2.765,0.088,-0.097,0,0.2466772,0.00785085,-0.00865378,0,0.0286318,0.00314635,-0.00314635,0,2.34,0.39,-0.34,0,,,,,941,31,-31,0,86.75,0.38,-0.41,0,0,8.47,0.21,-0.21,0,,,,,<a refstr=LILLO_BOX_ET_AL__2022 href=https://ui.adsabs.harvard.edu/abs/2022arXiv221008996L/abstract target=ref>Lillo-Box et al. 2022</a>,K V,4435,80,-80,0,0.671,0.015,-0.015,0,0.734,0.014,-0.014,0,0.175,0.019,-0.019,0,[Fe/H],4.55,0.06,-0.06,0,2.03,0.17,-0.17,0,,,,,,,,,3.722322665669355e-05,4.1516205687691045e-06,-4.15E-06,8.447583163083767,0.1965446185269096,-0.196544619,0.000610253,2.975135476312844e-05,-3.07E-05,0.1290230421204401,0.01114197,-0.01069762,1.6830190006352794e+74,1.6830190006352794e+74,-1.68E+74,3.0667776697776334,0.056622808,-0.055152844,HSubN,B,0.9999993189093678,A,6.810906321054395e-07
TrES-5 b,TrES-5,1,1,1,Transit,2011,TrES,Published Confirmed,0,<a refstr=MISLIS_ET_AL__2015 href=https://ui.adsabs.harvard.edu/abs/2015MNRAS.448.2617M/abstract target=ref>Mislis et al. 2015</a>,1.48224686,6.14e-06,-6.14E-06,0,0.02459,0.0007,-0.0007,0,13.383546,0.168135,-0.168135,0,1.194,0.015,-0.015,0,1.79,0.068,-0.068,0,1.31,0.052,-0.052,0,,,,,1480,13,-13,0,84.27,0.26,-0.26,0,0,6.1,0.1,-0.1,0,339.8,10.4,-10.4,0,<a refstr=MISLIS_ET_AL__2015 href=https://ui.adsabs.harvard.edu/abs/2015MNRAS.448.2617M/abstract target=ref>Mislis et al. 2015</a>,,5171,36,-36,0,0.868,0.013,-0.013,0,0.901,0.03,-0.03,0,0.2,0.1,-0.1,0,[Fe/H],4.517,0.012,-0.012,0,,,,,1.945,0.072,-0.072,0,,,,,0.001895788,9.57663048045304e-05,-9.58E-05,6.091838674570386,0.1959519432049475,-0.195951943,0.002110156,0.000112154,-0.000108341,0.4042257771844739,0.023252522,-0.022176448,1.651971206467766e+75,1.651971206467766e+75,-1.65E+75,3.4930314157565485,0.019780424,-0.019780424,FHJ,A1,0.9999138766717924,B,5.037988585586352e-05
WASP-102 b,WASP-102,1,1,1,Transit,2025,SuperWASP,Published Confirmed,0,<a refstr=SCHANCHE_ET_AL__2025 href=https://ui.adsabs.harvard.edu/abs/2025arXiv250408091S/abstract target=ref>Schanche et al. 2025</a>,2.709813,3e-07,-3.00E-07,0,0.041,0.001,-0.001,0,14.90794433,0.56044903,-0.56044903,0,1.33,0.05,-0.05,0,0.622,0.133,-0.133,0,0.32,0.08,-0.08,0,0,,,0,1671,65,-65,0,89.06,0.57,-0.39,0,0,6.43,0.04,-0.05,0,86.16,4.37,-4.28,0,<a refstr=SCHANCHE_ET_AL__2025 href=https://ui.adsabs.harvard.edu/abs/2025arXiv250408091S/abstract target=ref>Schanche et al. 2025</a>,,5990,100,-100,0,1.375,0.048,-0.048,0,1.08,0.07,-0.07,0,-0.2,0.3,-0.3,0,[Fe/H],4.2,0.15,-0.15,0,0.67,0.07,-0.07,0,0.684,0.011,-0.016,0,,,,,0.000549576,0.000122794,-0.000122794,6.4119591778065255,0.2730567748077085,-0.273056775,0.002328553,0.000273431,-0.000275294,0.2662761115011817,0.046702913,-0.044416246,7.168344626921085e+74,7.168344626921085e+74,-7.17E+74,2.940274141120003,0.09843737,-0.09843737,FHJ,A1,0.9999968917256028,B,3.108268424630072e-06
WASP-103 b,WASP-103,1,1,1,Transit,2014,SuperWASP,Published Confirmed,0,<a refstr=GILLON_ET_AL__2014 href=https://ui.adsabs.harvard.edu/abs/2014A%26A...562L...3G/abstract target=ref> Gillon et al. 2014 </a>,0.925542,1.9e-05,-1.90E-05,0,0.01985,0.00021,-0.00021,0,17.127,0.818,-0.527,0,1.528,0.073,-0.047,0,1.49,0.088,-0.088,0,0.55,0.061,-0.07,0,,,,,2508,75,-70,0,86.3,2.7,-2.7,0,0,2.978,0.05,-0.096,0,271,15,-15,0,<a refstr=GILLON_ET_AL__2014 href=https://ui.adsabs.harvard.edu/abs/2014A%26A...562L...3G/abstract target=ref> Gillon et al. 2014 </a>,F8 V,6110,160,-160,0,1.436,0.052,-0.031,0,1.22,0.039,-0.036,0,0.06,0.13,-0.13,0,[Fe/H],4.22,0.12,-0.05,0,4,1,-1,0,0.583,0.03,-0.055,0,10.6,0.9,-0.9,0,0.001165434,7.694396531379087e-05,-7.83E-05,2.9724575516213205,0.071459834,-0.112137304,0.001448381,5.85597793041463e-05,-5.88E-05,0.2517181788569216,0.016784342,-0.018147135,6.405951201660631e+74,6.405951201660631e+74,-6.41E+74,3.199126598296288,0.037036524,-0.048784018,UHJ,A1,0.9999994346143262,B,5.625953349669383e-07
WASP-105 b,WASP-105,1,1,1,Transit,2017,SuperWASP-South,Published Confirmed,0,<a refstr=ANDERSON_ET_AL__2017 href=https://ui.adsabs.harvard.edu/abs/2017A&A...604A.110A/abstract target=ref>Anderson et al. 2017</a>,7.87288,1e-05,-1.00E-05,0,0.075,0.003,-0.003,0,10.76064,0.33627,-0.33627,0,0.96,0.03,-0.03,0,1.8,0.1,-0.1,0,2.65,0.13,-0.13,0,0,,,0,900,20,-20,0,89.7,0.2,-0.2,0,0,17.9,0.2,-0.2,0,194,3,-3,0,<a refstr=ANDERSON_ET_AL__2017 href=https://ui.adsabs.harvard.edu/abs/2017A&A...604A.110A/abstract target=ref>Anderson et al. 2017</a>,K2,5070,130,-130,0,0.9,0.03,-0.03,0,0.89,0.09,-0.09,0,0.28,0.16,-0.16,0,[Fe/H],4.2,0.2,-0.2,0,,,,,1.73,0.04,-0.04,0,1.7,1.9,-1.9,0,0.001929941,0.000222675,-0.000222675,17.919601360739783,0.9330437381339622,-0.933043738,0.006474439,0.000629445,-0.000568982,0.794363075,0.097545661,-0.084551859,6.3795869391347176e+75,6.3795869391347176e+75,-6.38E+75,3.6849170773875257,0.036316653,-0.036316653,HJ,A2,0.9999975662570528,B,2.3933079585028257e-06
WASP-113 b,WASP-113,1,1,1,Transit,2016,SuperWASP-North,Published Confirmed,0,<a refstr=BARROS_ET_AL__2016 href=https://ui.adsabs.harvard.edu/abs/2016A&A...593A.113B/abstract target=ref>Barros et al. 2016</a>,4.542168745,4.2e-06,-4.20E-06,0,0.05885,0.0001,-0.0001,0,15.793481,1.076064,-1.56926,0,1.409,0.096,-0.14,0,0.475,0.054,-0.052,0,0.228,0.073,-0.045,0,0,,,0,1496,60,-60,0,86.46,1.2,-0.64,0,0,,,,,48.74,5.2,-5.2,0,<a refstr=BARROS_ET_AL__2016 href=https://ui.adsabs.harvard.edu/abs/2016A&A...593A.113B/abstract target=ref>Barros et al. 2016</a>,G1,5890,140,-140,0,1.608,0.09,-0.12,0,1.318,0.069,-0.069,0,0.1,0.09,-0.09,0,[Fe/H],4.2,0.1,-0.1,0,6.2,1.6,-3.8,0,0.447,0.102,-0.055,0,6.8,0.7,-0.7,0,0.000343906,4.304300271300229e-05,-4.17E-05,7.869914478205494,0.5874592789836841,-0.440683239,0.002858814,0.000163189,-0.00015936,0.2451825854978389,0.035128643,-0.027135432,6.077622271484457e+74,6.077622271484457e+74,-6.08E+74,2.7730586617695097,0.099428524,-0.07591232,HJ,A1,0.999999265,B,7.35271397344858e-07
WASP-116 b,WASP-116,1,1,1,Transit,2025,SuperWASP,Published Confirmed,0,<a refstr=SCHANCHE_ET_AL__2025 href=https://ui.adsabs.harvard.edu/abs/2025arXiv250408091S/abstract target=ref>Schanche et al. 2025</a>,6.6132,2e-06,-2.00E-06,0,0.065,0.003,-0.003,0,13.67495645,0.67253884,-0.67253884,0,1.22,0.06,-0.06,0,0.64,0.14,-0.14,0,0.43,0.12,-0.12,0,0,,,0,1414,70,-70,0,89.57,0.05,-0.28,0,0,9.77,0.05,-0.08,0,59.67,3.09,-3.01,0,<a refstr=SCHANCHE_ET_AL__2025 href=https://ui.adsabs.harvard.edu/abs/2025arXiv250408091S/abstract target=ref>Schanche et al. 2025</a>,,6250,125,-125,0,1.426,0.064,-0.064,0,1.25,0.08,-0.08,0,0,0.3,-0.3,0,[Fe/H],4.25,0.15,-0.15,0,1.7,0.8,-0.8,0,0.404,0.007,-0.01,0,,,,,0.000488575,0.000111356,-0.000111356,9.801745484836626,0.6310118629385734,-0.631011863,0.003549633,0.000505377,-0.000495102,0.33006124,0.064998356,-0.060391122,1.1013960595562494e+75,1.1013960595562494e+75,-1.10E+75,3.0276473509977464,0.1041640454363718,-0.104164045,HJ,A1,0.9999879105050234,B,1.2089493293400355e-05
WASP-118 b,WASP-118,1,1,1,Transit,2016,SuperWASP,Published Confirmed,0,<a refstr=HAY_ET_AL__2016 href=https://ui.adsabs.harvard.edu/abs/2016MNRAS.463.3276H/abstract target=ref>Hay et al. 2016</a>,4.0460435,4.4e-06,-4.40E-06,0,0.05453,0.00048,-0.00048,0,16.14096,0.403524,-0.403524,0,1.44,0.036,-0.036,0,0.514,0.02,-0.02,0,0.233,0.024,-0.024,0,0,,,0,1729,36,-36,0,88.7,0.9,-0.9,0,0,6.92,0.107,-0.104,0,54.6,1.9,-1.9,0,<a refstr=HAY_ET_AL__2016 href=https://ui.adsabs.harvard.edu/abs/2016MNRAS.463.3276H/abstract target=ref>Hay et al. 2016</a>,F6,6410,125,-125,0,1.696,0.029,-0.029,0,1.32,0.035,-0.035,0,0.16,0.1,-0.1,0,[Fe/H],4.1,0.012,-0.012,0,1.17,5.72,-0.75,0,0.382,0.017,-0.017,0,9.68,1.14,-1.14,0,0.000371579,1.749610457478979e-05,-1.75E-05,6.913838647649578,0.1329654734551701,-0.132965473,0.002718183,8.403004740494425e-05,-8.24E-05,0.2426687652859379,0.01233061,-0.011764859,5.953635260731699e+74,5.953635260731699e+74,-5.95E+74,2.7884251731681324,0.027515314,-0.027515314,HJ,A1,0.9999995831914752,B,4.1680747652381787e-07
WASP-119 b,WASP-119,1,1,1,Transit,2016,SuperWASP-South,Published Confirmed,0,<a refstr=MAXTED_ET_AL__2016 href=https://ui.adsabs.harvard.edu/abs/2016A&A...591A..55M/abstract target=ref>Maxted et al. 2016</a>,2.49979,1e-05,-1.00E-05,0,0.0363,0.0007,-0.0007,0,15.6926,2.2418,-2.2418,0,1.4,0.2,-0.2,0,1.23,0.08,-0.08,0,0.7,0.3,-0.3,0,0.058,,,1,1600,80,-80,0,85,2,-2,0,0,6.329,0.664,-0.549,0,181,10,-10,0,<a refstr=MAXTED_ET_AL__2016 href=https://ui.adsabs.harvard.edu/abs/2016A&A...591A..55M/abstract target=ref>Maxted et al. 2016</a>,G5,5650,100,-100,0,1.2,0.1,-0.1,0,1.02,0.06,-0.06,0,0.14,0.1,-0.1,0,[Fe/H],4.26,0.08,-0.08,0,8,2.5,-2.5,0,0.76,0.25,-0.25,0,0.7,0.9,-0.9,0,0.001150711,0.000100912,-0.000100912,6.504815293948541,0.5563920797149106,-0.55639208,0.002637475,0.000163968,-0.000155934,0.3533658273486977,0.056548458,-0.045766888,1.2624191111032887e+75,1.2624191111032887e+75,-1.26E+75,3.191836078446278,0.1272586134038263,-0.127258613,FHJ,A1,0.9999995151725004,B,4.834780362619277e-07
WASP-120 b,WASP-120,1,1,1,Transit,2016,SuperWASP,Published Confirmed,0,<a refstr=TURNER_ET_AL__2016 href=https://ui.adsabs.harvard.edu/abs/2016PASP..128f4401T/abstract target=ref>Turner et al. 2016</a>,3.6112706,4.3e-06,-4.30E-06,0,0.0514,0.0007,-0.0007,0,16.510857,1.076064,-1.076064,0,1.473,0.096,-0.096,0,4.85,0.21,-0.21,0,2,0.44,-0.34,0,0.057,0.022,-0.018,0,1880,70,-70,0,82.54,0.78,-0.78,0,0,5.9,0.33,-0.33,0,509,17,-17,0,<a refstr=TURNER_ET_AL__2016 href=https://ui.adsabs.harvard.edu/abs/2016PASP..128f4401T/abstract target=ref>Turner et al. 2016</a>,F5,6450,120,-120,0,1.87,0.11,-0.11,0,1.393,0.057,-0.057,0,-0.05,0.07,-0.07,0,[Fe/H],4.035,0.049,-0.049,0,2.6,0.5,-0.5,0,0.299,0.058,-0.044,0,15.1,1.2,-1.2,0,0.003322401,0.000197931,-0.000197931,5.910593647,0.3568782954028789,-0.356878295,0.005317899,0.000225794,-0.000217885,0.6965595981413675,0.059936521,-0.053945453,4.9053615857886546e+75,4.9053615857886546e+75,-4.91E+75,3.7435232832803575,0.059650218,-0.059650218,HJ,C,0.9745221531918288,A,0.025477846
WASP-124 b,WASP-124,1,1,1,Transit,2016,SuperWASP-South,Published Confirmed,0,<a refstr=MAXTED_ET_AL__2016 href=https://ui.adsabs.harvard.edu/abs/2016A&A...591A..55M/abstract target=ref>Maxted et al. 2016</a>,3.37265,1e-06,-1.00E-06,0,0.0449,0.0007,-0.0007,0,13.89916,0.33627,-0.33627,0,1.24,0.03,-0.03,0,0.6,0.07,-0.07,0,0.43,0.05,-0.05,0,0.017,,,1,1400,30,-30,0,86.3,0.2,-0.2,0,0,9.434,1.93,-1.369,0,77,8,-8,0,<a refstr=MAXTED_ET_AL__2016 href=https://ui.adsabs.harvard.edu/abs/2016A&A...591A..55M/abstract target=ref>Maxted et al. 2016</a>,F9,6050,100,-100,0,1.02,0.02,-0.02,0,1.07,0.05,-0.05,0,-0.02,0.11,-0.11,0,[Fe/H],4.44,0.02,-0.02,0,2.1,1.4,-1.4,0,1.39,0.07,-0.07,0,3.2,0.9,-0.9,0,0.000535093,6.72488245163326e-05,-6.72E-05,9.465765895261368,0.2371210939349612,-0.237121094,0.002527448,0.000178398,-0.000176255,0.2847599106551887,0.029659852,-0.028299117,8.198080150329012e+74,8.198080150329012e+74,-8.20E+74,2.9854949184225292,0.054852652,-0.054852652,HJ,A1,0.9999833438001908,B,1.665619404972049e-05
WASP-130 b,WASP-130,1,1,1,Transit,2016,SuperWASP-South,Published Confirmed,0,<a refstr=HELLIER_ET_AL__2017 href=https://ui.adsabs.harvard.edu/abs/2017MNRAS.465.3693H/abstract target=ref>Hellier et al. 2017</a>,11.55098,1e-05,-1.00E-05,0,0.1012,0.0014,-0.0014,0,9.97601,0.33627,-0.33627,0,0.89,0.03,-0.03,0,1.23,0.04,-0.04,0,2.34,0.24,-0.24,0,0,,,0,833,18,-18,0,88.66,0.12,-0.12,0,0,,,,,108,2,-2,0,<a refstr=HELLIER_ET_AL__2017 href=https://ui.adsabs.harvard.edu/abs/2017MNRAS.465.3693H/abstract target=ref>Hellier et al. 2017</a>,G6,5625,90,-90,0,0.96,0.03,-0.03,0,1.04,0.04,-0.04,0,0.26,0.1,-0.1,0,[Fe/H],4.49,0.02,-0.02,0,2,,,-1,1.66,0.13,-0.13,0,0.5,0.5,-0.5,0,0.001128582,5.6843600064444935e-05,-5.68E-05,22.668295721335824,0.7746927248236086,-0.774692725,0.00730552,0.000279009,-0.000269102,0.7328480266076173,0.045025693,-0.04194715,5.429780949304159e+75,5.429780949304159e+75,-5.43E+75,3.585312136512929,0.032506738,-0.032506738,WJ,A2,0.9999689456180464,B,3.105437787837319e-05
WASP-132 b,WASP-132,1,1,3,Transit,2016,SuperWASP-South,Published Confirmed,0,<a refstr=GRIEVES_ET_AL__2025 href=https://ui.adsabs.harvard.edu/abs/2025A&A...693A.144G/abstract target=ref>Grieves et al. 2025</a>,7.1335164,1.9e-06,-1.90E-06,0,0.0674,0.0029,-0.0029,0,10.09929161,0.42594127,-0.42594127,0,0.901,0.038,-0.038,0,0.428,0.015,-0.015,0,0.73,0.1,-0.09,0,0.0163,0.0067,-0.0069,0,682,75,-114,0,89.46,0.13,-0.11,0,0,,,,,52.99,0.75,-0.74,0,<a refstr=GRIEVES_ET_AL__2025 href=https://ui.adsabs.harvard.edu/abs/2025A&A...693A.144G/abstract target=ref>Grieves et al. 2025</a>,K4 V,4686,99,-99,0,0.758,0.032,-0.032,0,0.789,0.039,-0.039,0,0.15,0.05,-0.05,0,[Fe/H],4.56,0.03,-0.03,0,7.2,4.3,-4.4,0,2.602,0.067,-0.07,0,3.3,,,0,0.00051764,3.136561149703326e-05,-3.14E-05,19.120545620799916,1.1525611145382977,-1.152561115,0.003752283,0.000274111,-0.000260507,0.4025628734743105,0.035792445,-0.032658299,1.6384074074340687e+75,1.6384074074340687e+75,-1.64E+75,3.116181225418402,0.039669223,-0.039669223,HJ,A2,0.9490704608143828,B,0.050929539
WASP-133 b,WASP-133,1,1,1,Transit,2016,SuperWASP-South,Published Confirmed,0,<a refstr=MAXTED_ET_AL__2016 href=https://ui.adsabs.harvard.edu/abs/2016A&A...591A..55M/abstract target=ref>Maxted et al. 2016</a>,2.176423,1e-06,-1.00E-06,0,0.0345,0.0007,-0.0007,0,13.56289,0.56045,-0.56045,0,1.21,0.05,-0.05,0,1.16,0.09,-0.09,0,0.88,0.09,-0.09,0,0.17,,,1,1790,40,-40,0,87,1,-1,0,0,5.155,0.081,-0.155,0,170,10,-10,0,<a refstr=MAXTED_ET_AL__2016 href=https://ui.adsabs.harvard.edu/abs/2016A&A...591A..55M/abstract target=ref>Maxted et al. 2016</a>,G4,5700,100,-100,0,1.44,0.05,-0.05,0,1.16,0.08,-0.08,0,0.29,0.12,-0.12,0,[Fe/H],4.18,0.02,-0.02,0,6.8,1.8,-1.8,0,0.55,0.04,-0.04,0,0.3,0.7,-0.7,0,0.000954248,9.905751681900358e-05,-9.91E-05,5.151885391212687,0.2071872159126316,-0.207187216,0.002355045,0.000167767,-0.000158446,0.3374423960076316,0.03707177,-0.033398067,1.1512078866696436e+75,1.1512078866696436e+75,-1.15E+75,3.293074286957374,0.049230213,-0.049230213,FHJ,A1,0.9999681924032904,B,3.180746179373914e-05
WASP-136 b,WASP-136,1,1,1,Transit,2016,SuperWASP,Published Confirmed,0,<a refstr=LAM_ET_AL__2017 href=https://ui.adsabs.harvard.edu/abs/2017A&A...599A...3L/abstract target=ref>Lam et al. 2017</a>,5.215357,6e-06,-6.00E-06,0,0.0661,0.0012,-0.0012,0,15.46842,1.79344,-1.79344,0,1.38,0.16,-0.16,0,1.51,0.08,-0.08,0,0.773,0.306,-0.197,0,,,,,1742,82,-82,0,84.7,1.6,-1.3,0,0,,,,,,,,,<a refstr=LAM_ET_AL__2017 href=https://ui.adsabs.harvard.edu/abs/2017A&A...599A...3L/abstract target=ref>Lam et al. 2017</a>,,6260,100,-100,0,2.21,0.22,-0.22,0,1.41,0.07,-0.07,0,-0.18,0.1,-0.1,0,[Fe/H],3.9,0.06,-0.06,0,3.62,0.7,-0.7,0,0.186,0.042,-0.042,0,13.1,0.8,-0.8,0,0.001021926,7.419741982771678e-05,-7.42E-05,6.431596289293573,0.6508090952164697,-0.650809095,0.004616372,0.000247243,-0.00023662,0.4526086895047932,0.058668672,-0.049351673,2.0710960441802472e+75,2.0710960441802472e+75,-2.07E+75,3.2934058128540524,0.1033010400499062,-0.10330104,HJ,A1,0.9999997918831576,B,2.080876520256333e-07
WASP-138 b,WASP-138,1,1,1,Transit,2016,SuperWASP,Published Confirmed,0,<a refstr=LAM_ET_AL__2017 href=https://ui.adsabs.harvard.edu/abs/2017A&A...599A...3L/abstract target=ref>Lam et al. 2017</a>,3.634433,5e-06,-5.00E-06,0,0.0494,0.0007,-0.0007,0,12.21781,0.56045,-0.56045,0,1.09,0.05,-0.05,0,1.22,0.08,-0.08,0,1.2,0.13,-0.194,0,,,,,1590,31,-31,0,88.5,0.9,-1.2,0,0,,,,,,,,,<a refstr=LAM_ET_AL__2017 href=https://ui.adsabs.harvard.edu/abs/2017A&A...599A...3L/abstract target=ref>Lam et al. 2017</a>,,6272,96,-96,0,1.36,0.05,-0.05,0,1.22,0.05,-0.05,0,-0.09,0.1,-0.1,0,[Fe/H],4.25,0.02,-0.02,0,3.44,0.93,-0.93,0,0.687,0.062,-0.062,0,7.7,1.1,-1.1,0,0.000954248,7.378984492018988e-05,-7.38E-05,7.810838004887163,0.307754317,-0.307754317,0.003372151,0.000170026,-0.00016532,0.4254347975459235,0.036907602,-0.03410276,1.829871033580409e+75,1.829871033580409e+75,-1.83E+75,3.405693873156857,0.048974708,-0.048974708,HJ,A1,0.9999246993138968,B,7.53006515882107e-05
WASP-141 b,WASP-141,1,1,1,Transit,2016,SuperWASP-South,Published Confirmed,0,<a refstr=HELLIER_ET_AL__2017 href=https://ui.adsabs.harvard.edu/abs/2017MNRAS.465.3693H/abstract target=ref>Hellier et al. 2017</a>,3.310651,5e-06,-5.00E-06,0,0.0469,0.0007,-0.0007,0,13.56289,0.89672,-0.89672,0,1.21,0.08,-0.08,0,2.69,0.15,-0.15,0,1.98,0.33,-0.33,0,0,,,0,1540,50,-50,0,87.6,1.3,-1.3,0,0,,,,,315,15,-15,0,<a refstr=HELLIER_ET_AL__2017 href=https://ui.adsabs.harvard.edu/abs/2017MNRAS.465.3693H/abstract target=ref>Hellier et al. 2017</a>,F9,5900,120,-120,0,1.37,0.07,-0.07,0,1.25,0.06,-0.06,0,0.29,0.09,-0.09,0,[Fe/H],4.26,0.04,-0.04,0,5,,,-1,0.69,0.1,-0.1,0,3.9,0.8,-0.8,0,0.002053542,0.000151091,-0.000151091,7.361424558995875,0.3918501297366397,-0.39185013,0.004133332,0.000208877,-0.000200765,0.5771618986734581,0.056463719,-0.050550656,3.3678269725247283e+75,3.3678269725247283e+75,-3.37E+75,3.658368577732864,0.062324745,-0.062324745,HJ,A2,0.9999935947221732,C,4.35797040193838e-06
WASP-142 b,WASP-142,1,1,1,Transit,2016,SuperWASP-South,Published Confirmed,0,<a refstr=HELLIER_ET_AL__2017 href=https://ui.adsabs.harvard.edu/abs/2017MNRAS.465.3693H/abstract target=ref>Hellier et al. 2017</a>,2.052868,2e-06,-2.00E-06,0,0.0347,0.0007,-0.0007,0,17.14977,0.89672,-0.89672,0,1.53,0.08,-0.08,0,0.84,0.09,-0.09,0,0.31,0.07,-0.07,0,0,,,0,2000,60,-60,0,80.2,0.6,-0.6,0,0,,,,,109,10,-10,0,<a refstr=HELLIER_ET_AL__2017 href=https://ui.adsabs.harvard.edu/abs/2017MNRAS.465.3693H/abstract target=ref>Hellier et al. 2017</a>,F8,6010,140,-140,0,1.64,0.08,-0.08,0,1.33,0.08,-0.08,0,0.26,0.12,-0.12,0,[Fe/H],4.13,0.04,-0.04,0,2,,,1,0.42,0.06,-0.06,0,3.1,1.4,-1.4,0,0.000602683,7.405320922519968e-05,-7.41E-05,4.549830491836613,0.2401725462903978,-0.240172546,0.002032289,0.000157359,-0.00015179,0.2391749149866719,0.030156419,-0.027372758,5.78343315685955e+74,5.78343315685955e+74,-5.78E+74,2.949083463,0.065021813,-0.065021813,UHJ,A1,0.9999998578207088,B,1.4217583909395034e-07
WASP-147 b,WASP-147,1,1,1,Transit,2018,SuperWASP-South,Published Confirmed,0,<a refstr=LENDL_ET_AL__2019 href=https://ui.adsabs.harvard.edu/abs/2019MNRAS.482..301L/abstract target=ref>Lendl et al. 2019</a>,4.60273,2.7e-05,-2.70E-05,0,0.0549,0.0012,-0.0013,0,12.498035,1.56926,-1.042437,0,1.115,0.14,-0.093,0,0.275,0.028,-0.027,0,0.263,0.081,-0.08,0,0,,,0,1404,69,-43,0,87.9,1.5,-1.6,0,0,8.29,0.4,-0.74,0,32.7,2.8,-2.8,0,<a refstr=LENDL_ET_AL__2019 href=https://ui.adsabs.harvard.edu/abs/2019MNRAS.482..301L/abstract target=ref>Lendl et al. 2019</a>,G4,5702,100,-100,0,1.429,0.14,-0.076,0,1.044,0.07,-0.073,0,0.092,0.069,-0.071,0,[Fe/H],,,,,8.47,0.78,-0.78,0,0.509,0.076,-0.12,0,0.3,0.8,-0.3,0,0.000251359,3.104681774637446e-05,-2.99E-05,8.261324966,0.4750305991908655,-0.832672504,0.002402314,0.000195157,-0.000184797,0.2275870884353989,0.033960347,-0.032725355,5.23660364473565e+74,5.23660364473565e+74,-5.24E+74,2.7389699974252597,0.084876041,-0.117099729,HJ,A1,0.9998178104898218,B,0.00018219
WASP-149 b,WASP-149,1,1,1,Transit,2025,SuperWASP,Published Confirmed,0,<a refstr=SCHANCHE_ET_AL__2025 href=https://ui.adsabs.harvard.edu/abs/2025arXiv250408091S/abstract target=ref>Schanche et al. 2025</a>,1.332813,6e-07,-5.00E-07,0,0.024,0.001,-0.001,0,15.24421375,0.67253884,-0.67253884,0,1.36,0.06,-0.06,0,0.991,0.196,-0.196,0,0.49,0.12,-0.12,0,0,,,0,1855,93,-93,0,83.02,0.38,-0.37,0,0,4.8,0.01,-0.01,0,175.25,5.19,-5.31,0,<a refstr=SCHANCHE_ET_AL__2025 href=https://ui.adsabs.harvard.edu/abs/2025arXiv250408091S/abstract target=ref>Schanche et al. 2025</a>,,5750,125,-125,0,1.08,0.049,-0.049,0,1.05,0.06,-0.06,0,0,0.3,-0.3,0,[Fe/H],4.4,0.15,-0.15,0,0.6,0.3,-0.3,0,1.18,0.009,-0.009,0,,,,,0.000900629,0.000185412,-0.000185412,4.778560362863942,0.2943601568743673,-0.294360157,0.001607013,0.000205962,-0.000202295,0.2579058113357199,0.045545399,-0.042665008,6.724758928191139e+74,6.724758928191139e+74,-6.72E+74,3.123182876108196,0.094054994,-0.094054994,FHJ,A1,0.9999941404795368,B,5.8592642398036415e-06
WASP-150 b,WASP-150,1,1,1,Transit,2020,SuperWASP-North,Published Confirmed,0,<a refstr=COOKE_ET_AL__2020 href=https://ui.adsabs.harvard.edu/abs/2020AJ....159..255C/abstract target=ref>Cooke et al. 2020</a>,5.644207,3e-06,-4.00E-06,0,0.0694,0.0011,-0.0008,0,11.99363,0.269016,-0.280225,0,1.07,0.024,-0.025,0,8.46,0.28,-0.2,0,8.54,0.66,-0.62,0,0.3775,0.0038,-0.0029,0,1460,11,-11,0,84.01,0.25,-0.2,0,0,,,,,,,,,<a refstr=COOKE_ET_AL__2020 href=https://ui.adsabs.harvard.edu/abs/2020AJ....159..255C/abstract target=ref>Cooke et al. 2020</a>,F8,6218,49,-45,0,1.651,0.024,-0.03,0,1.394,0.07,-0.049,0,0.156,0.1,-0.089,0,[Fe/H],4.147,0.027,-0.02,0,2.95,0.229,-0.229,0,0.619,0.045,-0.035,0,8.82,0.95,-0.95,0,0.005791206,0.0002796,-0.000321422,9.039033321153296,0.2179523014323826,-0.167696473,0.008641227,0.00033924,-0.000304725,1.2537889118864498,0.069375377,-0.065134338,1.589290595452937e+76,1.589290595452937e+76,-1.59E+76,4.262789846031961,0.024868824,-0.022022129,HJ,C,1,A,3.558552539293662e-13
WASP-153 b,WASP-153,1,1,1,Transit,2017,SuperWASP,Published Confirmed,0,<a refstr=DEMANGEON_ET_AL__2018 href=https://ui.adsabs.harvard.edu/abs/2018A&A...610A..63D/abstract target=ref>Demangeon et al. 2018</a>,3.332609,2e-06,-2.00E-06,0,0.048,0.001,-0.001,0,17.37395,1.1209,-0.89672,0,1.55,0.1,-0.08,0,0.39,0.02,-0.02,0,0.15,0.03,-0.03,0,0.009,,,1,1700,40,-40,0,84.1,0.7,-0.7,0,0,6,0.3,-0.2,0,44,2,-2,0,<a refstr=DEMANGEON_ET_AL__2018 href=https://ui.adsabs.harvard.edu/abs/2018A&A...610A..63D/abstract target=ref>Demangeon et al. 2018</a>,G0,5914,64,-64,0,1.73,0.1,-0.09,0,1.336,0.086,-0.086,0,0.34,0.11,-0.11,0,[Fe/H],4.1,0.06,-0.06,0,4,0.8,-0.8,0,0.37,0.06,-0.04,0,5.19,0.95,-0.95,0,0.000278561,2.292589949821607e-05,-2.29E-05,5.966295019529546,0.3343485824143776,-0.36658835,0.002173572,0.000133179,-0.000125342,0.1900056992070183,0.018952337,-0.017961195,3.649956760046727e+74,3.649956760046727e+74,-3.65E+74,2.604588249049272,0.050057815,-0.060301554,HJ,A1,0.999999941,B,5.852209243203805e-08
WASP-154 b,WASP-154,1,1,1,Transit,2025,SuperWASP,Published Confirmed,0,<a refstr=SCHANCHE_ET_AL__2025 href=https://ui.adsabs.harvard.edu/abs/2025arXiv250408091S/abstract target=ref>Schanche et al. 2025</a>,3.811678,1e-06,-1.00E-06,0,0.044,0.003,-0.003,0,10.76062147,0.67253884,-0.67253884,0,0.96,0.06,-0.06,0,0.626,0.129,-0.129,0,0.88,0.25,-0.25,0,0,,,0,994,63,-63,0,88.46,0.3,-0.27,0,0,11.56,0.13,-0.13,0,94.55,2.46,-2.44,0,<a refstr=SCHANCHE_ET_AL__2025 href=https://ui.adsabs.harvard.edu/abs/2025arXiv250408091S/abstract target=ref>Schanche et al. 2025</a>,,4774,133,-133,0,0.823,0.047,-0.047,0,0.8,0.05,-0.05,0,0.2,0.1,-0.1,0,[Fe/H],4.47,0.08,-0.08,0,,,,,2.012,0.067,-0.066,0,,,,,0.000746699,0.000160794,-0.000160794,11.496414967765013,1.0224767018407743,-1.022476702,0.002767754,0.000447681,-0.000427428,0.378456247,0.079741872,-0.072088278,1.448057545924618e+75,1.448057545924618e+75,-1.45E+75,3.226218905494649,0.104673046,-0.104673046,HJ,A1,0.9992022726234542,B,0.000797727
WASP-155 b,WASP-155,1,1,1,Transit,2025,SuperWASP,Published Confirmed,0,<a refstr=SCHANCHE_ET_AL__2025 href=https://ui.adsabs.harvard.edu/abs/2025arXiv250408091S/abstract target=ref>Schanche et al. 2025</a>,3.110413,1e-06,-1.00E-06,0,0.043,0.002,-0.002,0,13.45077684,0.67253884,-0.67253884,0,1.2,0.06,-0.06,0,0.871,0.18,-0.18,0,0.62,0.17,-0.17,0,0,,,0,1468,76,-76,0,86.7,0.29,-0.29,0,0,7.43,0.04,-0.04,0,114.29,2.5,-2.53,0,<a refstr=SCHANCHE_ET_AL__2025 href=https://ui.adsabs.harvard.edu/abs/2025arXiv250408091S/abstract target=ref>Schanche et al. 2025</a>,,5660,100,-100,0,1.24,0.06,-0.06,0,1.09,0.07,-0.07,0,0,0.3,-0.3,0,[Fe/H],4.3,0.5,-0.5,0,1.7,0.8,-0.8,0,0.803,0.014,-0.011,0,,,,,0.000762523,0.000165016,-0.000165016,7.4568663726949405,0.5004797769727786,-0.500479777,0.002723824,0.000378783,-0.000368934,0.3381599861493184,0.064870489,-0.059932861,1.1561093087160434e+75,1.1561093087160434e+75,-1.16E+75,3.1758427012757693,0.099706246,-0.099706246,HJ,A1,0.9999777220342306,B,2.2277944452269586e-05
WASP-156 b,WASP-156,1,1,1,Transit,2017,SuperWASP,Published Confirmed,0,<a refstr=POLANSKI_ET_AL__2024 href=https://ui.adsabs.harvard.edu/abs/2024ApJS..272...32P/abstract target=ref>Polanski et al. 2024</a>,3.8361623,1.5e-06,-1.50E-06,0,0.0458,0.0008,-0.0009,0,6.02802815,0.12763915,-0.12019801,0,0.53778558,0.01138722,-0.01072337,0,0.13151751,0.00912442,-0.00912442,0,1.05,0.18,-0.23,0,0,,,0,934.5,13.95,-14.04,0,,,,,0,,,,,18.7,1.1,-1.1,0,<a refstr=MACDOUGALL_ET_AL__2023 href=https://ui.adsabs.harvard.edu/abs/2023AJ....166...33M/abstract target=ref>MacDougall et al. 2023</a>,,4987,57,-56,0,0.8268,0.0138,-0.014,0,0.8712,0.025,-0.0267,0,0.305,0.058,-0.059,0,[Fe/H],4.541,0.022,-0.024,0,5.6,3.9,-3.2,0,2.1541,0.1461,-0.1441,0,,,,,0.000144055,1.0925919111537876e-05,-1.08E-05,11.911723400898143,0.2897813848280813,-0.307112997,0.001664693,8.544008069244664e-05,-8.63E-05,0.2265915977687684,0.015903177,-0.015423929,5.190892888503128e+74,5.190892888503128e+74,-5.19E+74,3.0519523101719845,0.034753593,-0.035300167,HS,B,0.9802619853527156,A,0.019738015
WASP-161 b,WASP-161,1,1,1,Transit,2018,SuperWASP-South,Published Confirmed,0,<a refstr=BARKAOUI_ET_AL__2019 href=https://ui.adsabs.harvard.edu/abs/2019AJ....157...43B/abstract target=ref>Barkaoui et al. 2019</a>,5.4060425,4.8e-06,-4.80E-06,0,0.0673,0.0023,-0.0023,0,12.811887,0.728585,-0.650122,0,1.143,0.065,-0.058,0,2.49,0.21,-0.21,0,2.2,0.29,-0.29,0,,,,,1557,34,-29,0,89.01,0.69,-1,0,0,8.49,0.13,-0.28,0,230,12,-12,0,<a refstr=BARKAOUI_ET_AL__2019 href=https://ui.adsabs.harvard.edu/abs/2019AJ....157...43B/abstract target=ref>Barkaoui et al. 2019</a>,,6400,100,-100,0,1.712,0.083,-0.072,0,1.39,0.14,-0.14,0,0.16,0.09,-0.09,0,[Fe/H],4.111,0.023,-0.033,0,,,,,0.398,0.018,-0.038,0,18,0.8,-0.8,0,0.001709409,0.000224559,-0.000224559,8.453195127881687,0.4580872859141829,-0.501409928,0.005579432,0.00056206,-0.000511378,0.649022083,0.094851969,-0.083137708,4.258664349489411e+75,4.258664349489411e+75,-4.26E+75,3.674293924668529,0.05730789,-0.061493119,HJ,A2,0.9999982560248376,B,1.73574391544485e-06
WASP-163 b,WASP-163,1,1,1,Transit,2018,SuperWASP-South,Published Confirmed,0,<a refstr=BARKAOUI_ET_AL__2019 href=https://ui.adsabs.harvard.edu/abs/2019AJ....157...43B/abstract target=ref>Barkaoui et al. 2019</a>,1.6096884,1.5e-06,-1.50E-06,0,0.0266,0.0014,-0.0014,0,13.473218,1.087273,-1.087273,0,1.202,0.097,-0.097,0,1.87,0.21,-0.21,0,1.42,0.31,-0.23,0,,,,,1638,68,-68,0,85.42,1.1,-0.85,0,0,5.62,0.26,-0.21,0,329,14,-14,0,<a refstr=BARKAOUI_ET_AL__2019 href=https://ui.adsabs.harvard.edu/abs/2019AJ....157...43B/abstract target=ref>Barkaoui et al. 2019</a>,,5500,200,-200,0,1.015,0.071,-0.074,0,0.97,0.15,-0.15,0,-0.34,0.21,-0.21,0,[Fe/H],4.411,0.042,-0.04,0,,,,,1.3,0.2,-0.1,0,5,,,1,0.001839633,0.000351579,-0.000351579,5.635405669308512,0.506730051,-0.493321397,0.002259878,0.000346803,-0.000298578,0.4127682692343349,0.093878645,-0.073905769,1.7225311036079595e+75,1.7225311036079595e+75,-1.72E+75,3.5062197095664134,0.085392034,-0.085392034,FHJ,A1,0.9999556137735008,B,3.431269575707081e-05
WASP-164 b,WASP-164,1,1,1,Transit,2018,SuperWASP-South,Published Confirmed,0,<a refstr=LENDL_ET_AL__2019 href=https://ui.adsabs.harvard.edu/abs/2019MNRAS.482..301L/abstract target=ref>Lendl et al. 2019</a>,1.7771255,2.8e-06,-2.80E-06,0,0.02818,0.00065,-0.00072,0,12.643752,0.459569,-0.481987,0,1.128,0.041,-0.043,0,2.13,0.12,-0.13,0,1.96,0.2,-0.17,0,0,,,0,1610,58,-53,0,82.73,0.22,-0.21,0,0,6.5,0.13,-0.13,0,367,12,-12,0,<a refstr=LENDL_ET_AL__2019 href=https://ui.adsabs.harvard.edu/abs/2019MNRAS.482..301L/abstract target=ref>Lendl et al. 2019</a>,G2 V,5806,190,-200,0,0.932,0.028,-0.03,0,0.946,0.067,-0.071,0,-0.01,0.19,-0.2,0,[Fe/H],,,,,4.08,2.38,-2.38,0,1.642,0.1,-0.094,0,,,,,0.002148572,0.000201633,-0.000200879,6.501815875695026,0.2574720769985676,-0.25642071,0.002521257,0.000174926,-0.000169708,0.4739613870979653,0.0484077,-0.043597254,2.2711215991509248e+75,2.2711215991509248e+75,-2.27E+75,3.617948442507447,0.041170302,-0.041222711,FHJ,A1,0.999605828,C,0.000326904
WASP-165 b,WASP-165,1,1,1,Transit,2018,SuperWASP-South,Published Confirmed,0,<a refstr=LENDL_ET_AL__2019 href=https://ui.adsabs.harvard.edu/abs/2019MNRAS.482..301L/abstract target=ref>Lendl et al. 2019</a>,3.465509,2.3e-05,-2.30E-05,0,0.04823,0.00091,-0.00092,0,14.12334,2.12971,-1.90553,0,1.26,0.19,-0.17,0,0.658,0.097,-0.092,0,0.44,0.25,-0.15,0,0,,,0,1624,93,-89,0,84.9,2.5,-1.7,0,0,5.93,0.67,-0.55,0,76,10,-10,0,<a refstr=LENDL_ET_AL__2019 href=https://ui.adsabs.harvard.edu/abs/2019MNRAS.482..301L/abstract target=ref>Lendl et al. 2019</a>,G6,5599,150,-150,0,1.75,0.18,-0.18,0,1.248,0.072,-0.07,0,0.33,0.13,-0.13,0,[Fe/H],,,,,4.77,0.92,-0.92,0,0.328,0.13,-0.083,0,,,,,0.000503121,7.935558218477786e-05,-7.61E-05,5.926370562023861,0.6197405613629882,-0.619963444,0.002659711,0.000232406,-0.000224441,0.2838976491226679,0.055796402,-0.04752539,8.14850725410255e+74,8.14850725410255e+74,-8.15E+74,3.0116718417421855,0.1335382510770753,-0.144368703,HJ,A1,0.999988456,B,1.1543509643524752e-05
WASP-166 b,WASP-166,1,1,1,Transit,2019,WASP-South,Published Confirmed,0,<a refstr=HELLIER_ET_AL__2019 href=https://ui.adsabs.harvard.edu/abs/2019MNRAS.488.3067H/abstract target=ref>Hellier et al. 2019</a>,5.44354,4e-06,-4.00E-06,0,0.0641,0.0011,-0.0011,0,7.06167,0.33627,-0.33627,0,0.63,0.03,-0.03,0,0.101,0.005,-0.005,0,0.54,0.09,-0.09,0,0,,,0,1270,30,-30,0,88,0.7,-0.7,0,0,11.3,0.6,-0.6,0,10.4,0.4,-0.4,0,<a refstr=HELLIER_ET_AL__2019 href=https://ui.adsabs.harvard.edu/abs/2019MNRAS.488.3067H/abstract target=ref>Hellier et al. 2019</a>,F9 V,6050,50,-50,0,1.22,0.06,-0.06,0,1.19,0.06,-0.06,0,0.19,0.05,-0.05,0,[Fe/H],4.34,0.05,-0.05,0,2.1,0.9,-0.9,0,0.92,0.14,-0.14,0,5.1,0.3,-0.3,0,8.099082770363048e-05,5.722867975621111e-06,-5.72E-06,11.298161775968063,0.5885023449001165,-0.588502345,0.001922927,9.933166372946875e-05,-9.49E-05,0.1857071948641306,0.016057264,-0.014602589,3.4866786616855067e+74,3.4866786616855067e+74,-3.49E+74,2.799827313238835,0.046615469,-0.046615469,HS,B,0.909753652,A,0.090246348
WASP-167 b,WASP-167,1,1,1,Transit,2017,Multiple Observatories,Published Confirmed,0,<a refstr=TEMPLE_ET_AL__2017 href=https://ui.adsabs.harvard.edu/abs/2017MNRAS.471.2743T/abstract target=ref>Temple et al. 2017</a>,2.0219596,6e-07,-6.00E-07,0,0.0365,0.0006,-0.0006,0,17.71022,0.56045,-0.56045,0,1.58,0.05,-0.05,0,8,,,1,,,,,,,,,2329,64,-64,0,79.9,0.3,-0.3,0,0,,,,,,,,,<a refstr=TEMPLE_ET_AL__2017 href=https://ui.adsabs.harvard.edu/abs/2017MNRAS.471.2743T/abstract target=ref>Temple et al. 2017</a>,F1 V,7000,250,-250,0,1.79,0.05,-0.05,0,1.59,0.08,-0.08,0,0.1,0.1,-0.1,0,[Fe/H],4.13,0.02,-0.02,0,1.29,0.36,-0.27,0,0.39,0.03,-0.03,0,49.94,0.04,-0.04,0,0.00480125,,,4.384796310616774,0.1421154260094417,-0.142115426,0.004269436,,,0.6813136716167572,,,4.692979656587372e+75,,,3.899962851446454,,,UHJ,C,1,A,3.901912098003456e-12
WASP-169 b,WASP-169,1,1,1,Transit,2019,WASP-South,Published Confirmed,0,<a refstr=NIELSEN_ET_AL__2019 href=https://ui.adsabs.harvard.edu/abs/2019MNRAS.489.2478N/abstract target=ref>Nielsen et al. 2019</a>,5.6114118,9.2e-06,-9.20E-06,0,0.0681,0.0014,-0.0014,0,14.616536,1.68135,-0.818257,0,1.304,0.15,-0.073,0,0.561,0.061,-0.061,0,0.33,0.074,-0.094,0,0,,,0,1604,74,-42,0,87.9,1.4,-2,0,0,7.3,0.68,-0.26,0,52.9,5.4,-5.4,0,<a refstr=NIELSEN_ET_AL__2019 href=https://ui.adsabs.harvard.edu/abs/2019MNRAS.489.2478N/abstract target=ref>Nielsen et al. 2019</a>,F8,6110,101,-101,0,2.011,0.188,-0.089,0,1.337,0.083,-0.083,0,0.06,0.07,-0.07,0,[Fe/H],3.958,0.033,-0.076,0,3.802,0.779,-0.779,0,0.234,0.027,-0.055,0,4.3,0.9,-0.9,0,0.000400399,5.013308884696288e-05,-5.01E-05,7.281898673295152,0.355344504,-0.697020036,0.003480201,0.000275253,-0.000265062,0.2958239086445328,0.038596354,-0.041841097,8.847508854512792e+74,8.847508854512792e+74,-8.85E+74,2.912594716827715,0.067781844,-0.110511857,HJ,A1,0.9999964750120798,B,3.5249868815511663e-06
WASP-170 b,WASP-170,1,1,1,Transit,2018,SuperWASP-South,Published Confirmed,0,<a refstr=BARKAOUI_ET_AL__2019 href=https://ui.adsabs.harvard.edu/abs/2019AJ....157...43B/abstract target=ref>Barkaoui et al. 2019</a>,2.34478022,3.6e-06,-3.60E-06,0,0.0337,0.0018,-0.0018,0,12.285064,0.952765,-0.952765,0,1.096,0.085,-0.085,0,1.6,0.2,-0.2,0,1.6,0.32,-0.25,0,,,,,1422,42,-42,0,84.87,0.28,-0.28,0,0,7.71,0.21,-0.18,0,255,15,-15,0,<a refstr=BARKAOUI_ET_AL__2019 href=https://ui.adsabs.harvard.edu/abs/2019AJ....157...43B/abstract target=ref>Barkaoui et al. 2019</a>,,5600,150,-150,0,0.938,0.056,-0.061,0,0.93,0.15,-0.15,0,0.22,0.09,-0.09,0,[Fe/H],4.466,0.031,-0.031,0,,,,,1.58,0.13,-0.11,0,5.6,1,-1,0,0.001641718,0.000335005,-0.000335005,7.725678881,0.6501538624223923,-0.618882306,0.002756485,0.000445857,-0.000382167,0.4596327589354586,0.1092337074461272,-0.085689838,2.135877851588472e+75,2.135877851588472e+75,-2.14E+75,3.518685913,0.086515073,-0.086515073,FHJ,A1,0.9999370381419558,B,6.263592441445328e-05
WASP-171 b,WASP-171,1,1,1,Transit,2019,WASP-South,Published Confirmed,0,<a refstr=NIELSEN_ET_AL__2019 href=https://ui.adsabs.harvard.edu/abs/2019MNRAS.489.2478N/abstract target=ref>Nielsen et al. 2019</a>,3.8186244,3.8e-06,-3.80E-06,0,0.0504,0.00083,-0.00083,0,10.98482,0.78463,-0.44836,0,0.98,0.07,-0.04,0,1.084,0.094,-0.094,0,1.5,0.23,-0.29,0,0,,,0,1642,51,-35,0,88.3,1.1,-1.9,0,0,6.64,0.38,-0.13,0,126,10,-10,0,<a refstr=NIELSEN_ET_AL__2019 href=https://ui.adsabs.harvard.edu/abs/2019MNRAS.489.2478N/abstract target=ref>Nielsen et al. 2019</a>,G0,5965,100,-100,0,1.637,0.091,-0.046,0,1.171,0.058,-0.058,0,0.04,0.07,-0.07,0,[Fe/H],4.08,0.02,-0.049,0,5.908,1.051,-1.051,0,0.381,0.024,-0.059,0,6.3,0.9,-0.9,0,0.000883352,8.821540039040789e-05,-8.82E-05,6.620510020143812,0.2156319208804315,-0.383840883,0.003353009,0.000210855,-0.000204584,0.4360348561420327,0.043926308,-0.04632692,1.9221925041140663e+75,1.9221925041140663e+75,-1.92E+75,3.4467641691807342,0.051722142,-0.072577618,HJ,A1,0.9995974103845366,B,0.00040259
WASP-174 b,WASP-174,1,1,1,Transit,2018,SuperWASP-South,Published Confirmed,0,<a refstr=MANCINI_ET_AL__2020 href=https://ui.adsabs.harvard.edu/abs/2020A&A...633A..30M/abstract target=ref>Mancini et al. 2020</a>,4.2337005,1.8e-06,-1.80E-06,0,0.05503,0.00056,-0.00056,0,16.10730527,0.56044903,-0.56044903,0,1.437,0.05,-0.05,0,0.33,0.091,-0.091,0,0.135,0.042,-0.042,0,0,,,0,1528,17,-17,0,83.78,0.096,-0.096,0,0,8.789,0.088,-0.088,0,36.1,9.8,-9.8,0,<a refstr=MANCINI_ET_AL__2020 href=https://ui.adsabs.harvard.edu/abs/2020A&A...633A..30M/abstract target=ref>Mancini et al. 2020</a>,,6399,68,-68,0,1.347,0.018,-0.018,0,1.24,0.038,-0.038,0,0.06,0.06,-0.06,0,[Fe/H],4.273,0.01,-0.01,0,2.2,0.52,-0.52,0,0.716,0.022,-0.022,0,16.24,0.53,-0.53,0,0.000253953,7.046062443864104e-05,-7.05E-05,8.784994769545747,0.1475583546793539,-0.147558355,0.00241626,0.00025861,-0.000289951,0.2017438402233252,0.035028902,-0.036342315,4.1148596877438657e+74,4.1148596877438657e+74,-4.11E+74,2.597787441972792,0.1235145480868108,-0.123514548,HJ,A1,0.999999531,B,4.690208045917808e-07
WASP-175 b,WASP-175,1,1,1,Transit,2019,WASP-South,Published Confirmed,0,<a refstr=NIELSEN_ET_AL__2019 href=https://ui.adsabs.harvard.edu/abs/2019MNRAS.489.2478N/abstract target=ref>Nielsen et al. 2019</a>,3.0652907,1.1e-06,-1.60E-06,0,0.04403,0.00055,-0.00055,0,13.540472,0.907929,-0.907929,0,1.208,0.081,-0.081,0,0.99,0.13,-0.13,0,0.74,0.2,-0.15,0,0,,,0,1571,49,-49,0,85.33,0.62,-0.62,0,0,7.86,0.41,-0.41,0,124,17,-17,0,<a refstr=NIELSEN_ET_AL__2019 href=https://ui.adsabs.harvard.edu/abs/2019MNRAS.489.2478N/abstract target=ref>Nielsen et al. 2019</a>,F7,6229,100,-100,0,1.204,0.064,-0.064,0,1.212,0.045,-0.045,0,0.15,0.069,-0.069,0,[Fe/H],4.359,0.045,-0.045,0,1.745,0.995,-0.995,0,0.977,0.176,-0.133,0,4,,,1,0.00077946,0.000106366,-0.000106366,7.863787852957202,0.4293954391745279,-0.429395439,0.002809568,0.000192145,-0.000194253,0.3448180144165099,0.044553737,-0.041231358,1.2020827288202719e+75,1.2020827288202719e+75,-1.20E+75,3.2256883643906797,0.081512744,-0.081512744,HJ,A1,0.999975901,B,2.4099157992339258e-05
WASP-176 b,WASP-176,1,1,1,Transit,2020,SuperWASP-North,Published Confirmed,0,<a refstr=COOKE_ET_AL__2020 href=https://ui.adsabs.harvard.edu/abs/2020AJ....159..255C/abstract target=ref>Cooke et al. 2020</a>,3.899052,5e-06,-5.00E-06,0,0.0535,0.001,-0.0019,0,16.869545,0.56045,-0.504405,0,1.505,0.05,-0.045,0,0.855,0.072,-0.069,0,0.31,0.042,-0.042,0,0,,,0,1721,28,-21,0,86.7,1.3,-1.1,0,0,,,,,,,,,<a refstr=COOKE_ET_AL__2020 href=https://ui.adsabs.harvard.edu/abs/2020AJ....159..255C/abstract target=ref>Cooke et al. 2020</a>,F9,5941,77,-79,0,1.925,0.047,-0.044,0,1.345,0.08,-0.13,0,0.164,0.081,-0.082,0,[Fe/H],3.995,0.037,-0.053,0,4.81,0.191,-0.191,0,0.371,0.042,-0.045,0,3.8,1,-1,0,0.000606604,7.776242276458814e-05,-6.08E-05,5.976303414854515,0.1764603619874474,-0.25756178,0.003140136,0.000259333,-0.000251459,0.3004092769296519,0.036844122,-0.030046886,9.12391317768504e+74,9.12391317768504e+74,-9.12E+74,2.9710801532318043,0.044855561,-0.045399325,HJ,A1,0.9999999172392176,B,8.275865636243579e-08
WASP-177 b,WASP-177,1,1,1,Transit,2019,SuperWASP,Published Confirmed,0,<a refstr=TURNER_ET_AL__2019 href=https://ui.adsabs.harvard.edu/abs/2019MNRAS.485.5790T/abstract target=ref>Turner et al. 2019</a>,3.071722,1e-06,-1.00E-06,0,0.03957,0.00058,-0.00058,0,17.71022,7.39794,-4.03524,0,1.58,0.66,-0.36,0,0.508,0.038,-0.038,0,0.172,0.203,-0.11,0,,,,,1142,32,-32,0,84.14,0.66,-0.83,0,0,9.61,0.42,-0.53,0,77.3,5.2,-5.2,0,<a refstr=TURNER_ET_AL__2019 href=https://ui.adsabs.harvard.edu/abs/2019MNRAS.485.5790T/abstract target=ref>Turner et al. 2019</a>,K2,5017,70,-70,0,0.885,0.046,-0.046,0,0.876,0.038,-0.038,0,0.25,0.04,-0.04,0,[Fe/H],4.486,0.049,-0.037,0,9.7,3.9,-3.9,0,1.78,0.32,-0.21,0,1.8,1,-1,0,0.000553377,4.7851101166618864e-05,-4.79E-05,9.614625435179295,0.5192337988959771,-0.519233799,0.002252506,0.000123505,-0.000120195,0.2408335949307146,0.051797152,-0.051768558,5.863927617424158e+74,5.863927617424158e+74,-5.86E+74,2.7027365767384297,0.2005549817910105,-0.364279776,HJ,A1,0.9999999829726806,B,1.7018147587388445e-08
WASP-178 b,WASP-178,1,1,1,Transit,2019,WASP-South,Published Confirmed,0,<a refstr=HELLIER_ET_AL__2019 href=https://ui.adsabs.harvard.edu/abs/2019MNRAS.490.1479H/abstract target=ref>Hellier et al. 2019</a>,3.3448285,1.2e-06,-1.20E-06,0,0.0558,0.001,-0.001,0,20.28829,1.00881,-1.00881,0,1.81,0.09,-0.09,0,1.66,0.12,-0.12,0,0.37,0.07,-0.07,0,0,,,0,2470,60,-60,0,85.7,0.6,-0.6,0,0,7.17,0.21,-0.21,0,139,9,-9,0,<a refstr=HELLIER_ET_AL__2019 href=https://ui.adsabs.harvard.edu/abs/2019MNRAS.490.1479H/abstract target=ref>Hellier et al. 2019</a>,A1 IV-V,9360,150,-150,0,1.67,0.07,-0.07,0,2.07,0.11,-0.11,0,0.21,0.16,-0.16,0,[Fe/H],4.31,0.04,-0.04,0,,,,,0.62,0.07,-0.07,0,8.2,0.6,-0.6,0,0.000765243,6.865720233105499e-05,-6.87E-05,7.185009024641532,0.3275397005650852,-0.327539701,0.003538834,0.000215934,-0.000207266,0.3142168474830087,0.031861711,-0.028965059,9.981904214296968e+74,9.981904214296968e+74,-9.98E+74,3.098937976665042,0.053394436,-0.053394436,UHJ,A1,0.999999999,B,7.635534173377087e-10
WASP-181 b,WASP-181,1,1,1,Transit,2019,SuperWASP,Published Confirmed,0,<a refstr=TURNER_ET_AL__2019 href=https://ui.adsabs.harvard.edu/abs/2019MNRAS.485.5790T/abstract target=ref>Turner et al. 2019</a>,4.5195064,3.4e-06,-3.40E-06,0,0.05427,0.00069,-0.00069,0,13.271456,0.795839,-0.661331,0,1.184,0.071,-0.059,0,0.299,0.034,-0.034,0,0.237,0.044,-0.044,0,,,,,1186,32,-26,0,88.38,0.76,-0.59,0,0,12.09,0.54,-0.54,0,35.7,3.9,-3.9,0,<a refstr=TURNER_ET_AL__2019 href=https://ui.adsabs.harvard.edu/abs/2019MNRAS.485.5790T/abstract target=ref>Turner et al. 2019</a>,G2,5839,70,-70,0,0.965,0.043,-0.043,0,1.04,0.04,-0.04,0,0.09,0.04,-0.04,0,[Fe/H],4.487,0.039,-0.039,0,2.5,1.7,-1.7,0,1.64,0.21,-0.21,0,3.3,0.9,-0.9,0,0.000274346,3.293276242844513e-05,-3.29E-05,12.09322403126236,0.5603754848099505,-0.560375485,0.002445039,0.000155369,-0.000155278,0.2294065257828261,0.025483007,-0.024868841,5.320666028404384e+74,5.320666028404384e+74,-5.32E+74,2.7231548219139836,0.065667639,-0.071776006,HJ,A1,0.9999389702902076,B,6.102970539471483e-05
WASP-182 b,WASP-182,1,1,1,Transit,2019,WASP-South,Published Confirmed,0,<a refstr=NIELSEN_ET_AL__2019 href=https://ui.adsabs.harvard.edu/abs/2019MNRAS.489.2478N/abstract target=ref>Nielsen et al. 2019</a>,3.3769848,2.4e-06,-2.40E-06,0,0.0451,0.0009,-0.0009,0,9.52765,0.33627,-0.33627,0,0.85,0.03,-0.03,0,0.148,0.011,-0.011,0,0.318,0.058,-0.058,0,0,,,0,1479,34,-34,0,83.88,0.33,-0.33,0,0,8.3,1.9,-1.4,0,19,1.2,-1.2,0,<a refstr=NIELSEN_ET_AL__2019 href=https://ui.adsabs.harvard.edu/abs/2019MNRAS.489.2478N/abstract target=ref>Nielsen et al. 2019</a>,G5,5638,100,-100,0,1.34,0.03,-0.03,0,1.076,0.064,-0.064,0,0.27,0.11,-0.11,0,[Fe/H],4.218,0.033,-0.033,0,5.952,2.684,-2.684,0,0.636,0.058,-0.058,0,1.4,1,-1,0,0.000131253,1.2494562140469108e-05,-1.25E-05,7.237379295845052,0.2170554300420914,-0.21705543,0.00158918,0.000105197,-0.00010025,0.1707207515121299,0.016892314,-0.015460445,2.9466400790875456e+74,2.9466400790875456e+74,-2.95E+74,2.705610902329728,0.044516358,-0.044516358,HJ,A1,0.9163831975719448,B,0.083616802
WASP-183 b,WASP-183,1,1,1,Transit,2019,SuperWASP,Published Confirmed,0,<a refstr=TURNER_ET_AL__2019 href=https://ui.adsabs.harvard.edu/abs/2019MNRAS.485.5790T/abstract target=ref>Turner et al. 2019</a>,4.1117771,5.1e-06,-5.10E-06,0,0.04632,0.00075,-0.00075,0,16.47723,10.53646,-3.69897,0,1.47,0.94,-0.33,0,0.502,0.047,-0.047,0,0.21,0.24,-0.16,0,,,,,1111,30,-30,0,85.37,0.61,-0.88,0,0,11.44,0.54,-0.54,0,74.8,6.6,-6.6,0,<a refstr=TURNER_ET_AL__2019 href=https://ui.adsabs.harvard.edu/abs/2019MNRAS.485.5790T/abstract target=ref>Turner et al. 2019</a>,G9,5313,72,-72,0,0.871,0.038,-0.038,0,0.784,0.038,-0.038,0,-0.31,0.04,-0.04,0,[Fe/H],4.452,0.043,-0.043,0,14.9,1.7,-1.7,0,1.68,0.24,-0.24,0,1,1,-1,0,0.000611011,6.441753681354273e-05,-6.44E-05,11.43562711866085,0.5321653649851841,-0.532165365,0.00272528,0.000175638,-0.000171174,0.2838587061894242,0.064494022,-0.079410377,8.146271906182136e+74,8.146271906182136e+74,-8.15E+74,2.760256086012023,0.19918376,-0.556910586,HJ,A1,0.9999999266975426,B,7.328168488252888e-08
WASP-184 b,WASP-184,1,1,1,Transit,2019,WASP-South,Published Confirmed,0,<a refstr=HELLIER_ET_AL__2019 href=https://ui.adsabs.harvard.edu/abs/2019MNRAS.490.1479H/abstract target=ref>Hellier et al. 2019</a>,5.1817,1e-05,-1.00E-05,0,0.0627,0.0012,-0.0012,0,14.90797,1.00881,-1.00881,0,1.33,0.09,-0.09,0,0.57,0.1,-0.1,0,0.32,0.09,-0.09,0,0,,,0,1480,50,-50,0,86.9,1.1,-1.1,0,0,8.19,0.42,-0.42,0,58,10,-10,0,<a refstr=HELLIER_ET_AL__2019 href=https://ui.adsabs.harvard.edu/abs/2019MNRAS.490.1479H/abstract target=ref>Hellier et al. 2019</a>,G0 V,6000,100,-100,0,1.65,0.09,-0.09,0,1.23,0.07,-0.07,0,0.12,0.08,-0.08,0,[Fe/H],4.09,0.05,-0.05,0,4.7,1.1,-1.1,0,0.38,0.07,-0.07,0,4.5,1.1,-1.1,0,0.000442213,8.156098374981814e-05,-8.16E-05,8.17133822,0.4723499,-0.4723499,0.003312106,0.000320513,-0.000321402,0.2953762726146204,0.049394766,-0.045310978,8.820753293739923e+74,8.820753293739923e+74,-8.82E+74,2.9023586121016756,0.096228494,-0.096228494,HJ,A1,0.99999805,B,1.949857231742455e-06
WASP-185 b,WASP-185,1,1,1,Transit,2019,WASP-South,Published Confirmed,0,<a refstr=HELLIER_ET_AL__2019 href=https://ui.adsabs.harvard.edu/abs/2019MNRAS.490.1479H/abstract target=ref>Hellier et al. 2019</a>,9.38755,2e-05,-2.00E-05,0,0.0904,0.0017,-0.0017,0,14.01125,0.89672,-0.89672,0,1.25,0.08,-0.08,0,0.98,0.06,-0.06,0,0.66,0.16,-0.16,0,0.24,0.04,-0.04,0,1160,35,-35,0,86.8,0.3,-0.3,0,0,12.9,0.7,-0.7,0,88,4,-4,0,<a refstr=HELLIER_ET_AL__2019 href=https://ui.adsabs.harvard.edu/abs/2019MNRAS.490.1479H/abstract target=ref>Hellier et al. 2019</a>,G0 V,5900,100,-100,0,1.5,0.08,-0.08,0,1.12,0.06,-0.06,0,-0.02,0.06,-0.06,0,[Fe/H],4.13,0.05,-0.05,0,6.6,1.6,-1.6,0,0.47,0.08,-0.08,0,2.8,0.9,-0.9,0,0.000834967,6.792722726975047e-05,-6.79E-05,12.959455704087013,0.73287803,-0.73287803,0.005902253,0.0003449,-0.000329468,0.5027082574513393,0.052663007,-0.047015965,2.5549740995023356e+75,2.5549740995023356e+75,-2.55E+75,3.191593088039738,0.061621533,-0.061621533,HJ,A2,0.9999992071614672,B,7.928303693533603e-07
WASP-188 b,WASP-188,1,1,1,Transit,2025,SuperWASP,Published Confirmed,0,<a refstr=SCHANCHE_ET_AL__2025 href=https://ui.adsabs.harvard.edu/abs/2025arXiv250408091S/abstract target=ref>Schanche et al. 2025</a>,5.748916,3e-06,-3.00E-06,0,0.072,0.003,-0.003,0,14.81827249,0.57165802,-0.57165802,0,1.322,0.051,-0.051,0,1.443,0.296,-0.298,0,0.78,0.2,-0.2,0,0,,,0,1666,70,-70,0,85.88,0.2,-0.2,0,0,8.46,0.01,-0.01,0,124.63,5.82,-6.49,0,<a refstr=SCHANCHE_ET_AL__2025 href=https://ui.adsabs.harvard.edu/abs/2025arXiv250408091S/abstract target=ref>Schanche et al. 2025</a>,,6850,125,-125,0,1.83,0.069,-0.069,0,1.5,0.09,-0.09,0,0,0.3,-0.3,0,[Fe/H],4.1,0.2,-0.2,0,,,,,0.345,0.002,-0.002,0,,,,,0.000917987,0.000196195,-0.000197417,8.460401953923045,0.4754243030812251,-0.475424303,0.004851815,0.000638553,-0.000630006,0.4574259939030622,0.081688335,-0.077257396,2.1154177531927097e+75,2.1154177531927097e+75,-2.12E+75,3.3109904591576074,0.095179479,-0.095743111,HJ,A1,0.99999924,B,7.602044203330764e-07
WASP-189 b,WASP-189,1,1,1,Transit,2020,CHaracterising ExOPlanets Satellite (CHEOPS),Published Confirmed,0,<a refstr=LENDL_ET_AL__2020 href=https://ui.adsabs.harvard.edu/abs/2020A&A...643A..94L/abstract target=ref>Lendl et al. 2020</a>,2.724033,,,0,0.05053,0.00098,-0.00098,0,18.14733975,0.23538859,-0.23538859,0,1.619,0.021,-0.021,0,1.99,0.16,-0.14,0,0.621987,0.076919,-0.03647,0,0,,,0,3353,27,-34,0,84.03,0.14,-0.14,0,0,4.6,0.031,-0.025,0,182,13,-13,0,<a refstr=LENDL_ET_AL__2020 href=https://ui.adsabs.harvard.edu/abs/2020A&A...643A..94L/abstract target=ref>Lendl et al. 2020</a>,,8000,80,-80,0,2.36,0.03,-0.03,0,2.03,0.066,-0.066,0,0.29,0.13,-0.13,0,[Fe/H],3.9,0.2,-0.2,0,0.73,0.13,-0.13,0,,,,,93.1,1.7,-1.7,0,0.000935445,8.11281683753284e-05,-7.25E-05,4.604122661482277,0.1067655235820596,-0.106765524,0.003426481,0.000197372,-0.000181961,0.3495525926997863,0.025842559,-0.023210635,1.2353201327057023e+75,1.2353201327057023e+75,-1.24E+75,3.2745464172663152,0.036690732,-0.032564425,UHJ,A1,0.999999977,B,2.2849403765621647e-08
WASP-19 b,WASP-19,1,1,1,Transit,2009,SuperWASP,Published Confirmed,0,<a refstr=CORT_EACUTE_S_ZULETA_ET_AL__2020 href=https://ui.adsabs.harvard.edu/abs/2020A&A...636A..98C/abstract target=ref>Cort&eacute;s-Zuleta et al. 2020</a>,0.78883852,7.5e-07,-8.20E-07,0,0.01652,0.0005,-0.00056,0,15.86070769,0.49319515,-0.53803107,0,1.415,0.044,-0.048,0,1.154,0.078,-0.08,0,0.506,0.031,-0.03,0,0.0126,0.014,-0.0089,0,2113,29,-29,0,79.08,0.34,-0.37,0,0,3.533,0.048,-0.052,0,255.4,6.1,-6.2,0,<a refstr=CORT_EACUTE_S_ZULETA_ET_AL__2020 href=https://ui.adsabs.harvard.edu/abs/2020A&A...636A..98C/abstract target=ref>Cort&eacute;s-Zuleta et al. 2020</a>,,5616,66,-65,0,1.006,0.031,-0.034,0,0.965,0.091,-0.095,0,0.04,0.25,-0.3,0,[Fe/H],4.417,0.02,-0.021,0,6.4,4.1,-3.5,0,1.339,0.056,-0.058,0,,,,,0.001141143,0.00013627,-0.00013356,3.5311946061163564,0.1602051049546132,-0.161768263,0.001196969,0.000107709,-0.00010135,0.2361287309406688,0.029224287,-0.025342731,5.637053154821843e+74,5.637053154821843e+74,-5.64E+74,3.1548799674624504,0.041591312,-0.040446614,UHJ,A1,0.9999944741349676,B,5.516836135169627e-06
WASP-190 b,WASP-190,1,1,1,Transit,2019,WASP-South,Published Confirmed,0,<a refstr=TEMPLE_ET_AL__2019 href=https://ui.adsabs.harvard.edu/abs/2019AJ....157..141T/abstract target=ref>Temple et al. 2019</a>,5.367753,4e-06,-4.00E-06,0,0.0663,0.0008,-0.0008,0,12.89035,1.00881,-1.00881,0,1.15,0.09,-0.09,0,1,0.1,-0.1,0,,,,,0,,,0,1500,50,-50,0,87.1,0.7,-0.7,0,0,,,,,99,9,-9,0,<a refstr=TEMPLE_ET_AL__2019 href=https://ui.adsabs.harvard.edu/abs/2019AJ....157..141T/abstract target=ref>Temple et al. 2019</a>,F6 IV-V,6400,100,-100,0,1.6,0.1,-0.1,0,1.35,0.05,-0.05,0,-0.02,0.05,-0.05,0,[Fe/H],4.17,0.04,-0.04,0,,,,,0.48,0.07,-0.07,0,13.3,0.6,-0.6,0,0.000706851,7.537740075984269e-05,-7.54E-05,8.910521776627856,0.5671914344371187,-0.567191434,0.004094954,0.000237351,-0.000236089,0.4129749825629857,0.04952932,-0.044718986,1.7242568142509526e+75,1.7242568142509526e+75,-1.72E+75,3.2727913576561325,0.080665515,-0.080665515,HJ,A1,0.9999740447593743,B,2.5955237969012972e-05
WASP-192 b,WASP-192,1,1,1,Transit,2019,WASP-South,Published Confirmed,0,<a refstr=HELLIER_ET_AL__2019 href=https://ui.adsabs.harvard.edu/abs/2019MNRAS.490.1479H/abstract target=ref>Hellier et al. 2019</a>,2.8786765,2.8e-06,-2.80E-06,0,0.0408,0.0008,-0.0008,0,13.78707,0.89672,-0.89672,0,1.23,0.08,-0.08,0,2.3,0.16,-0.16,0,1.62,0.41,-0.41,0,0,,,0,1620,60,-60,0,82.7,0.6,-0.6,0,0,6.65,0.34,-0.34,0,307,17,-17,0,<a refstr=HELLIER_ET_AL__2019 href=https://ui.adsabs.harvard.edu/abs/2019MNRAS.490.1479H/abstract target=ref>Hellier et al. 2019</a>,G0 V,5910,145,-145,0,1.32,0.07,-0.07,0,1.09,0.06,-0.06,0,0.14,0.08,-0.08,0,[Fe/H],4.236,0.051,-0.051,0,5.7,1.9,-1.9,0,0.671,0.113,-0.113,0,3.1,1.1,-1.1,0,0.002013552,0.000178621,-0.000178621,6.646543050165302,0.3757901924567076,-0.375790192,0.00357224,0.000223583,-0.00021374,0.5287020308218247,0.05869192,-0.052342238,2.8260277441688148e+75,2.8260277441688148e+75,-2.83E+75,3.576104651502153,0.06406464,-0.06406464,FHJ,A1,0.9999884779349834,C,9.217130219262802e-06
WASP-193 b,WASP-193,1,1,1,Transit,2023,WASP-South,Published Confirmed,0,<a refstr=BARKAOUI_ET_AL__2023 href=https://ui.adsabs.harvard.edu/abs/2023arXiv230708350B/abstract target=ref>Barkaoui et al. 2023</a>,6.2463345,3e-07,-3.00E-07,0,0.0676,0.0015,-0.0015,0,16.40994774,0.66132986,-0.6389119,0,1.464,0.059,-0.057,0,0.139,0.029,-0.029,0,0.059,0.015,-0.013,0,0.056,0.068,-0.04,0,1254,31,-31,0,88.49,0.78,-0.49,0,0,11.74,0.35,-0.34,0,14.8,3,-3,0,<a refstr=BARKAOUI_ET_AL__2023 href=https://ui.adsabs.harvard.edu/abs/2023arXiv230708350B/abstract target=ref>Barkaoui et al. 2023</a>,F9,6078,120,-120,0,1.239,0.028,-0.028,0,1.059,0.067,-0.068,0,-0.06,0.088,-0.088,0,[Fe/H],4.284,0.033,-0.033,0,4.4,1.9,-1.9,0,0.785273,0.071901,-0.066262,0,4.29,0.81,-0.81,0,0.000125251,2.734108593942087e-05,-2.73E-05,11.732349171777326,0.371579658,-0.371579658,0.002345127,0.000265451,-0.000267028,0.1555768641262782,0.026767596,-0.025451874,2.4470592830526815e+74,2.4470592830526815e+74,-2.45E+74,2.206119685172705,0.096713516,-0.097134797,HJ,A1,0.9999998780924404,B,1.218957573394873e-07
WASP-194 b,WASP-194,1,1,1,Transit,2025,SuperWASP,Published Confirmed,0,<a refstr=SCHANCHE_ET_AL__2025 href=https://ui.adsabs.harvard.edu/abs/2025arXiv250408091S/abstract target=ref>Schanche et al. 2025</a>,3.183387,4e-07,-5.00E-07,0,0.047,0.003,-0.003,0,15.47960235,0.9863903,-0.9863903,0,1.381,0.088,-0.088,0,1.174,0.265,-0.265,0,0.55,0.18,-0.18,0,0,,,0,1693,122,-122,0,83.23,0.47,-0.46,0,0,7.15,0.09,-0.09,0,135.9,13.42,-13.26,0,<a refstr=SCHANCHE_ET_AL__2025 href=https://ui.adsabs.harvard.edu/abs/2025arXiv250408091S/abstract target=ref>Schanche et al. 2025</a>,,6405,200,-200,0,1.409,0.09,-0.09,0,1.29,0.08,-0.08,0,0,0.25,-0.25,0,[Fe/H],4.27,0.5,-0.5,0,0.75,0.55,-0.55,0,0.683,0.027,-0.016,0,,,,,0.00086844,0.000203291,-0.000203291,7.172927727081077,0.6477224710522299,-0.647722471,0.003109119,0.000506993,-0.000489446,0.351701375,0.076853298,-0.069979947,1.2505544253746827e+75,1.2505544253746827e+75,-1.25E+75,3.1834677781176888,0.1125763645948839,-0.112576365,HJ,A1,0.9999992092163436,B,7.907601056541727e-07
WASP-195 b,WASP-195,1,1,1,Transit,2025,SuperWASP,Published Confirmed,0,<a refstr=SCHANCHE_ET_AL__2025 href=https://ui.adsabs.harvard.edu/abs/2025arXiv250408091S/abstract target=ref>Schanche et al. 2025</a>,5.051928,4e-06,-4.00E-06,0,0.063,0.003,-0.003,0,10.31226224,0.56044903,-0.56044903,0,0.92,0.05,-0.05,0,0.104,0.03,-0.031,0,0.16,0.06,-0.06,0,0,,,0,1522,71,-71,0,86.3,0.25,-0.25,0,0,8.57,0.02,-0.02,0,10.32,2.16,-2.19,0,<a refstr=SCHANCHE_ET_AL__2025 href=https://ui.adsabs.harvard.edu/abs/2025arXiv250408091S/abstract target=ref>Schanche et al. 2025</a>,,6300,125,-125,0,1.578,0.066,-0.066,0,1.3,0.08,-0.08,0,0,0.3,-0.3,0,[Fe/H],4.14,0.25,-0.25,0,0.6,0.2,-0.2,0,0.466,0.004,-0.003,0,,,,,7.633986928104575e-05,2.251664359759095e-05,-2.32E-05,8.585056165,0.5441132656676353,-0.544113266,0.001853036,0.000304571,-0.000315545,0.1479122482288226,0.034505718,-0.033599562,2.2118860038015606e+74,2.2118860038015606e+74,-2.21E+74,2.4836447229710257,0.1338760230047345,-0.137791583,HJ,A1,0.9817726232649372,B,0.018227377
WASP-197 b,WASP-197,1,1,1,Transit,2025,SuperWASP,Published Confirmed,0,<a refstr=SCHANCHE_ET_AL__2025 href=https://ui.adsabs.harvard.edu/abs/2025arXiv250408091S/abstract target=ref>Schanche et al. 2025</a>,5.167228,3e-06,-3.00E-06,0,0.065,0.002,-0.002,0,14.44837612,0.54924005,-0.54924005,0,1.289,0.049,-0.049,0,1.269,0.254,-0.254,0,0.74,0.18,-0.18,0,0,,,0,1665,67,-67,0,86.29,0.32,-0.32,0,0,6.6,0.03,-0.03,0,121.32,3.7,-3.59,0,<a refstr=SCHANCHE_ET_AL__2025 href=https://ui.adsabs.harvard.edu/abs/2025arXiv250408091S/abstract target=ref>Schanche et al. 2025</a>,,6050,100,-100,0,2.112,0.077,-0.077,0,1.36,0.08,-0.08,0,0,0.3,-0.3,0,[Fe/H],3.9,0.2,-0.2,0,2.6,1.5,-1.5,0,0.204,0.002,-0.002,0,,,,,0.000890398,0.000185757,-0.000185757,6.618034593455033,0.3157264225465191,-0.315726423,0.004335784,0.000510604,-0.00050852,0.4334852856453582,0.073218687,-0.06942209,1.8997794450593172e+75,1.8997794450593172e+75,-1.90E+75,3.2771428257512545,0.092987015,-0.092987015,HJ,A1,0.9999987145511552,B,1.2854380516173903e-06
WASP-42 b,WASP-42,1,1,1,Transit,2012,SuperWASP,Published Confirmed,0,<a refstr=SOUTHWORTH_ET_AL__2016 href=https://ui.adsabs.harvard.edu/abs/2016MNRAS.457.4205S/abstract target=ref>Southworth et al. 2016</a>,4.9816819,1.1e-06,-1.10E-06,0,0.0561,0.0012,-0.0012,0,12.576498,0.437151,-0.437151,0,1.122,0.039,-0.039,0,0.527,0.028,-0.028,0,0.464,0.04,-0.04,0,,,,,1021,19,-19,0,88,0.17,-0.17,0,0,13.5,0.32,-0.3,0,64.8,1.7,-1.7,0,<a refstr=SOUTHWORTH_ET_AL__2016 href=https://ui.adsabs.harvard.edu/abs/2016MNRAS.457.4205S/abstract target=ref>Southworth et al. 2016</a>,,5315,79,-79,0,0.892,0.026,-0.026,0,0.951,0.063,-0.063,0,0.29,0.05,-0.05,0,[Fe/H],4.515,0.023,-0.023,0,4.4,4.4,-3.4,0,1.885,0.13,-0.13,0,,,,,0.0005288,4.490579528698e-05,-4.49E-05,13.524075825168186,0.4889571536794609,-0.488957154,0.003145475,0.000198743,-0.000186737,0.332646406,0.030754391,-0.02779785,1.1187167330996079e+75,1.1187167330996079e+75,-1.12E+75,3.016011939735617,0.03799952,-0.03799952,HJ,A1,0.9999288158800136,B,7.118411389971831e-05
WASP-44 b,WASP-44,1,1,1,Transit,2011,SuperWASP,Published Confirmed,0,<a refstr=ADDISON_ET_AL__2019 href=https://ui.adsabs.harvard.edu/abs/2019PASP..131k5003A/abstract target=ref>Addison et al. 2019</a>,2.423804,8e-06,-8.00E-06,0,0.03453,0.00065,-0.00065,0,12.3299,0.907929,-0.851884,0,1.1,0.081,-0.076,0,0.87,0.063,-0.062,0,0.811,0.188,-0.155,0,,,,,1337,43,-42,0,86.21,0.68,-0.64,0,0,8.2,0.43,-0.42,0,138,8,-9,0,<a refstr=ADDISON_ET_AL__2019 href=https://ui.adsabs.harvard.edu/abs/2019PASP..131k5003A/abstract target=ref>Addison et al. 2019</a>,G8 V,5420,100,-100,0,0.906,0.053,-0.05,0,0.935,0.054,-0.052,0,-0.003,0.1,-0.1,0,[Fe/H],4.494,0.044,-0.044,0,,,,,1.77,0.3,-0.25,0,,,,,0.00088791,8.1071518406698e-05,-8.14E-05,8.195547483262844,0.4778802793909236,-0.503641017,0.002301155,0.000144806,-0.000139124,0.3415376227378131,0.0392135,-0.035597054,1.1793197355236637e+75,1.1793197355236637e+75,-1.18E+75,3.2509209206655245,0.067752685,-0.071054435,FHJ,A1,0.9998215318336112,B,0.000178468
WASP-46 b,WASP-46,1,1,1,Transit,2011,SuperWASP,Published Confirmed,0,<a refstr=CICERI_ET_AL__2016 href=https://ui.adsabs.harvard.edu/abs/2016MNRAS.456..990C/abstract target=ref>Ciceri et al. 2016</a>,1.43036763,9.3e-07,-9.30E-07,0,0.02335,0.00072,-0.00072,0,13.159366,0.414733,-0.414733,0,1.174,0.037,-0.037,0,1.91,0.13,-0.13,0,1.467,0.069,-0.069,0,,,,,1636,44,-44,0,82.8,0.17,-0.17,0,0,5.851,0.038,-0.037,0,,,,,<a refstr=CICERI_ET_AL__2016 href=https://ui.adsabs.harvard.edu/abs/2016MNRAS.456..990C/abstract target=ref>Ciceri et al. 2016</a>,G6 V,5600,,,0,0.858,0.027,-0.027,0,0.828,0.076,-0.076,0,-0.3,,,0,[Fe/H],4.489,0.014,-0.014,0,9.6,3.7,-5.5,0,1.845,0.035,-0.035,0,,,,,0.002201225,0.000251533,-0.000251533,5.852065619206628,0.2578280222183578,-0.257828022,0.002106046,0.000185491,-0.000169854,0.4280492031980065,0.050852917,-0.044713937,1.852430188260036e+75,1.852430188260036e+75,-1.85E+75,3.535884211787892,0.040287989,-0.040287989,FHJ,A1,0.9971826874308723,C,0.002751759
WASP-5 b,WASP-5,1,1,1,Transit,2008,SuperWASP,Published Confirmed,0,<a refstr=GILLON_ET_AL__2009 href=https://ui.adsabs.harvard.edu/abs/2009A&A...496..259G/abstract target=ref> Gillon et al. 2009 </a>,1.6284279,2.2e-06,-4.90E-06,0,0.0267,0.0012,-0.0008,0,12.184,0.762,-0.796,0,1.087,0.068,-0.071,0,1.58,0.13,-0.1,0,1.64,0.35,-0.21,0,0.038,0.026,-0.018,0,1706,52,-48,0,86.9,2.8,-0.7,0,0,,,,,279.7,9.2,-6.3,0,<a refstr=GILLON_ET_AL__2009 href=https://ui.adsabs.harvard.edu/abs/2009A&A...496..259G/abstract target=ref> Gillon et al. 2009 </a>,,5700,100,-100,0,1.029,0.056,-0.069,0,0.96,0.13,-0.09,0,0.09,0.09,-0.09,0,[Fe/H],4.395,0.043,-0.04,0,5.4,4.4,-4.3,0,1.24,0.17,-0.17,0,3.5,1,-1,0,0.001570534,0.0001959,-0.000234759,5.579630977629763,0.4504104285771417,-0.346633115,0.002151889,0.000233778,-0.000194135,0.4018061403816045,0.062470101,-0.053100251,1.6322534778476958e+75,1.6322534778476958e+75,-1.63E+75,3.5203850371451897,0.067049207,-0.060893492,FHJ,A1,0.9997200378768296,B,0.000279649
WASP-52 b,WASP-52,1,1,1,Transit,2012,SuperWASP,Published Confirmed,0,<a refstr=HEBRARD_ET_AL__2013 href=https://ui.adsabs.harvard.edu/abs/2013A%26A...549A.134H/abstract target=ref> Hebrard et al. 2013 </a>,1.7497798,1.2e-06,-1.20E-06,0,0.0272,0.0003,-0.0003,0,14.24,0.34,-0.34,0,1.27,0.03,-0.03,0,0.46,0.02,-0.02,0,0.29,0.03,-0.03,0,0,,,0,1315,35,-35,0,85.35,0.2,-0.2,0,0,7.3801,0.1106,-0.1073,0,,,,,<a refstr=HEBRARD_ET_AL__2013 href=https://ui.adsabs.harvard.edu/abs/2013A%26A...549A.134H/abstract target=ref> Hebrard et al. 2013 </a>,K2 V,5000,100,-100,0,0.79,0.02,-0.02,0,0.87,0.03,-0.03,0,0.03,0.12,-0.12,0,[Fe/H],4.582,0.014,-0.014,0,0.4,0.3,-0.2,0,2.48,0.11,-0.11,0,3.6,0.9,-0.9,0,0.000504545,2.7998479933940824e-05,-2.80E-05,7.403744157146158,0.2044520661042518,-0.204452066,0.001501396,5.63626256852353e-05,-5.48E-05,0.2126594394598475,0.012307792,-0.011661164,4.572184990022785e+74,4.572184990022785e+74,-4.57E+74,2.8493374281330164,0.027884153,-0.027884153,FHJ,A1,0.9999795776317906,B,2.0422347881320375e-05
WASP-53 b,WASP-53,1,1,2,Transit,2017,Multiple Facilities,Published Confirmed,0,<a refstr=TRIAUD_ET_AL__2017 href=https://ui.adsabs.harvard.edu/abs/2017MNRAS.467.1714T/abstract target=ref>Triaud et al. 2017</a>,3.3098443,2e-06,-2.00E-06,0,0.04101,0.00083,-0.00091,0,12.038466,0.414733,-0.414733,0,1.074,0.037,-0.037,0,2.132,0.092,-0.094,0,2.28,0.2,-0.17,0,0.03,,,1,1053,16,-16,0,87.08,0.16,-0.15,0,0,11.05,0.2,-0.19,0,326.1,1.8,-1.8,0,<a refstr=TRIAUD_ET_AL__2017 href=https://ui.adsabs.harvard.edu/abs/2017MNRAS.467.1714T/abstract target=ref>Triaud et al. 2017</a>,,4953,60,-60,0,0.798,0.023,-0.023,0,0.839,0.054,-0.054,0,0.22,0.11,-0.11,0,[Fe/H],4.553,0.019,-0.02,0,,,,,2.323,0.128,-0.12,0,0.86,0.21,-0.21,0,0.00242486,0.000187901,-0.000189177,11.050869951938925,0.389192533,-0.401968325,0.003820131,0.000221222,-0.000216209,0.622498268,0.053151772,-0.048944284,3.917696231908181e+75,3.917696231908181e+75,-3.92E+75,3.660965675990817,0.035307586,-0.035525508,HJ,A2,0.9988972565318034,C,0.001048944
WASP-57 b,WASP-57,1,1,1,Transit,2012,SuperWASP,Published Confirmed,0,<a refstr=SOUTHWORTH_ET_AL__2015 href=https://ui.adsabs.harvard.edu/abs/2015MNRAS.454.3094S/abstract target=ref>Southworth et al. 2015</a>,2.83891856,8.1e-07,-8.10E-07,0,0.03769,0.00097,-0.00097,0,11.76945,0.594077,-0.594077,0,1.05,0.053,-0.053,0,0.644,0.062,-0.062,0,0.693,0.096,-0.096,0,,,,,1338,29,-29,0,86.05,0.28,-0.28,0,0,8.7489,0.2278,-0.2165,0,,,,,<a refstr=SOUTHWORTH_ET_AL__2015 href=https://ui.adsabs.harvard.edu/abs/2015MNRAS.454.3094S/abstract target=ref>Southworth et al. 2015</a>,,5600,100,-100,0,0.927,0.033,-0.033,0,0.886,0.067,-0.067,0,-0.25,0.1,-0.1,0,[Fe/H],4.452,0.025,-0.025,0,,,,,1.568,0.12,-0.12,0,,,,,0.000693607,8.491249620466448e-05,-8.49E-05,8.742909712443785,0.3840539821302735,-0.384053982,0.002313255,0.000198335,-0.000186621,0.3227953542776774,0.042569298,-0.037850115,1.0534380847911802e+75,1.0534380847911802e+75,-1.05E+75,3.160694307583292,0.060583582,-0.060583582,FHJ,A1,0.9995894592355437,B,0.000410541
WASP-59 b,WASP-59,1,1,1,Transit,2012,SuperWASP,Published Confirmed,0,<a refstr=HEBRARD_ET_AL__2013 href=https://ui.adsabs.harvard.edu/abs/2013A%26A...549A.134H/abstract target=ref> Hebrard et al. 2013 </a>,7.919585,1e-05,-1.00E-05,0,0.0697,0.0011,-0.0011,0,8.687,0.762,-0.762,0,0.775,0.068,-0.068,0,0.863,0.045,-0.045,0,2.4,0.7,-0.7,0,0.1,0.042,-0.042,0,670,35,-35,0,89.27,0.52,-0.52,0,0,24.39,1.926,-1.663,0,,,,,<a refstr=HEBRARD_ET_AL__2013 href=https://ui.adsabs.harvard.edu/abs/2013A%26A...549A.134H/abstract target=ref> Hebrard et al. 2013 </a>,K5 V,4650,150,-150,0,0.613,0.044,-0.044,0,0.719,0.035,-0.035,0,-0.15,0.11,-0.11,0,[Fe/H],4.72,0.06,-0.06,0,0.5,0.7,-0.4,0,4.38,0.9,-0.9,0,2.3,1.2,-1.2,0,0.001145363,8.170369652394793e-05,-8.17E-05,24.450170600526516,1.7969079798583223,-1.79690798,0.005056385,0.000255189,-0.000244689,0.6565824561098611,0.072043401,-0.062807285,4.358459475953568e+75,4.358459475953568e+75,-4.36E+75,3.5515944290659447,0.079505019,-0.079505019,HJ,A2,0.9996929781314414,B,0.000307022
WASP-65 b,WASP-65,1,1,1,Transit,2013,SuperWASP,Published Confirmed,0,<a refstr=GOMEZ_ET_AL__2013 href=https://ui.adsabs.harvard.edu/abs/2013A%26A...559A..36G/abstract target=ref> Gomez et al. 2013 </a>,2.3114243,1.5e-06,-1.50E-06,0,0.0334,0.0016,-0.0017,0,12.464,0.661,-0.661,0,1.112,0.059,-0.059,0,1.55,0.16,-0.16,0,1.5,0.09,-0.11,0,0,,,0,1480,10,-10,0,88.8,0.8,-0.7,0,0,,,,,249,5,-5,0,<a refstr=GOMEZ_ET_AL__2013 href=https://ui.adsabs.harvard.edu/abs/2013A%26A...559A..36G/abstract target=ref> Gomez et al. 2013 </a>,G6,5600,100,-100,0,1.01,0.05,-0.05,0,0.93,0.14,-0.14,0,-0.07,0.07,-0.07,0,[Fe/H],4.4,0.02,-0.02,0,8,,,-1,1.28,0.04,-0.06,0,3.6,0.5,-0.5,0,0.001590414,0.000290298,-0.000290298,7.111065569687629,0.4898668348454387,-0.504904046,0.002703187,0.000387377,-0.000342077,0.4471240169592362,0.088903556,-0.072367254,2.021205450068944e+75,2.021205450068944e+75,-2.02E+75,3.492309162,0.064293163,-0.064293163,FHJ,A1,0.9999480932187592,B,5.170887226382984e-05
WASP-7 b,WASP-7,1,1,1,Transit,2008,SuperWASP,Published Confirmed,0,<a refstr=SOUTHWORTH_ET_AL__2011 href=https://ui.adsabs.harvard.edu/abs/2011A%26A...527A...8S/abstract target=ref> Southworth et al. 2011 </a>,4.9546416,3.5e-06,-3.50E-06,0,0.0617,0.0011,-0.0011,0,14.90797,1.042437,-1.042437,0,1.33,0.093,-0.093,0,0.96,0.13,-0.13,0,0.55,0.13,-0.13,0,,,,,1487,48,-48,0,87.03,0.93,-0.93,0,0,9.074,0.532,-0.476,0,97,13,-13,0,<a refstr=SOUTHWORTH_ET_AL__2011 href=https://ui.adsabs.harvard.edu/abs/2011A%26A...527A...8S/abstract target=ref> Southworth et al. 2011 </a>,,6400,100,-100,0,1.432,0.092,-0.092,0,1.276,0.065,-0.065,0,0,0.1,-0.1,0,[Fe/H],4.232,0.047,-0.047,0,2.4,0.9,-1.1,0,0.611,0.104,-0.104,0,,,,,0.00071793,0.000103871,-0.000103871,9.265134670036128,0.6177398775644097,-0.617739878,0.003830646,0.000308402,-0.000305295,0.373344557,0.053843333,-0.048899395,1.4092047979306955e+75,1.4092047979306955e+75,-1.41E+75,3.1287549894687525,0.084543194,-0.084543194,HJ,A1,0.9999987845990428,B,1.215395866794359e-06
WASP-79 b,WASP-79,1,1,1,Transit,2012,SuperWASP,Published Confirmed,0,<a refstr=GRESSIER_ET_AL__2023 href=https://ui.adsabs.harvard.edu/abs/2023A&A...672A..34G/abstract target=ref>Gressier et al. 2023</a>,3.662392,4e-06,-4.00E-06,0,0.0519,0.0008,-0.0008,0,17.14974047,0.44835923,-0.44835923,0,1.53,0.04,-0.04,0,0.85,0.08,-0.08,0,,,,,0,,,0,1716.2,25.8,-24.4,0,86.1,0.2,-0.2,0,0,7.407,0.109,-0.109,0,,,,,<a refstr=GRESSIER_ET_AL__2023 href=https://ui.adsabs.harvard.edu/abs/2023A&A...672A..34G/abstract target=ref>Gressier et al. 2023</a>,F5,6600,100,-100,0,1.51,0.04,-0.03,0,1.39,0.06,-0.06,0,0.03,0.1,-0.1,0,[Fe/H],4.2,0.15,-0.15,0,,,,,,,,,,,,,0.000583533,6.042144104402554e-05,-6.04E-05,7.390945514879958,0.1858523587079183,-0.226520479,0.003007106,0.00018591,-0.000182388,0.2878212201742169,0.026454341,-0.025094182,8.375294439806643e+74,8.375294439806643e+74,-8.38E+74,2.9542231024424512,0.046759063,-0.046759063,HJ,A1,0.999999928,B,7.197456956259684e-08
WASP-80 b,WASP-80,1,1,1,Transit,2012,SuperWASP,Published Confirmed,0,<a refstr=TRIAUD_ET_AL__2015 href=https://ui.adsabs.harvard.edu/abs/2015MNRAS.450.2279T/abstract target=ref>Triaud et al. 2015</a>,3.06785234,8.3e-07,-7.90E-07,0,0.0344,0.001,-0.0011,0,11.197791,0.33627,-0.347479,0,0.999,0.03,-0.031,0,0.538,0.035,-0.036,0,0.717,0.039,-0.032,0,0.002,0.01,-0.002,0,825,19,-19,0,89.02,0.11,-0.1,0,0,12.63,0.08,-0.13,0,109,3.1,-4.4,0,<a refstr=TRIAUD_ET_AL__2015 href=https://ui.adsabs.harvard.edu/abs/2015MNRAS.450.2279T/abstract target=ref>Triaud et al. 2015</a>,,4143,92,-94,0,0.586,0.017,-0.018,0,0.577,0.051,-0.054,0,-0.13,0.15,-0.17,0,[Fe/H],4.663,0.015,-0.016,0,,,,,4.05,0.077,-0.121,0,1.27,0.14,-0.17,0,0.00088975,0.000101411,-9.86E-05,12.62322771623444,0.5338548637231485,-0.545011585,0.002294073,0.000197083,-0.000184447,0.3580820013486818,0.041930167,-0.0366647,1.296341571330889e+75,1.296341571330889e+75,-1.30E+75,3.1258383375777807,0.039047764,-0.039049718,HJ,A1,0.999624356,B,0.000375643
WASP-81 b,WASP-81,1,1,1,Transit,2017,Multiple Facilities,Published Confirmed,0,<a refstr=TRIAUD_ET_AL__2017 href=https://ui.adsabs.harvard.edu/abs/2017MNRAS.467.1714T/abstract target=ref>Triaud et al. 2017</a>,2.7164762,2.3e-06,-2.30E-06,0,0.03908,0.0007,-0.00072,0,16.017661,0.571659,-0.515614,0,1.429,0.051,-0.046,0,0.729,0.036,-0.035,0,0.332,0.031,-0.031,0,0.066,,,1,1623,38,-37,0,88.69,0.88,-0.92,0,0,6.56,0.13,-0.16,0,100.8,3.4,-3.3,0,<a refstr=TRIAUD_ET_AL__2017 href=https://ui.adsabs.harvard.edu/abs/2017MNRAS.467.1714T/abstract target=ref>Triaud et al. 2017</a>,,5870,120,-120,0,1.283,0.04,-0.037,0,1.08,0.059,-0.058,0,-0.36,0.14,-0.14,0,[Fe/H],4.258,0.022,-0.027,0,,,,,0.723,0.042,-0.052,0,,,,,0.000644118,4.699296439708395e-05,-4.68E-05,6.549942521,0.2223613494837711,-0.237197948,0.002340108,0.000125449,-0.000120188,0.2715162540294358,0.021714389,-0.020380181,7.453257581439298e+74,7.453257581439298e+74,-7.45E+74,2.946850109,0.035238188,-0.037359313,FHJ,A1,0.9999995464109688,B,4.5357886902582475e-07
WASP-83 b,WASP-83,1,1,1,Transit,2015,SuperWASP,Published Confirmed,0,<a refstr=HELLIER_ET_AL__2015 href=https://ui.adsabs.harvard.edu/abs/2015AJ....150...18H/abstract target=ref>Hellier et al. 2015</a>,4.971252,1.5e-05,-1.50E-05,0,0.059,0.001,-0.001,0,11.65736,0.89672,-0.56045,0,1.04,0.08,-0.05,0,0.3,0.03,-0.03,0,0.35,0.07,-0.07,0,0,,,0,1120,30,-30,0,88.9,0.7,-0.7,0,0,,,,,32.9,3.1,-3.1,0,<a refstr=HELLIER_ET_AL__2015 href=https://ui.adsabs.harvard.edu/abs/2015AJ....150...18H/abstract target=ref>Hellier et al. 2015</a>,G8,5510,110,-110,0,1.05,0.06,-0.04,0,1.11,0.09,-0.09,0,0.29,0.12,-0.12,0,[Fe/H],4.44,0.02,-0.04,0,5,,,-1,1.4,0.1,-0.18,0,0.5,,,1,0.000257905,3.320283940125037e-05,-3.32E-05,12.082931203241682,0.5038047588227644,-0.720185262,0.002603943,0.000207758,-0.000195874,0.2474521649961278,0.032380041,-0.031737819,6.190660386675241e+74,6.190660386675241e+74,-6.19E+74,2.8372416144854578,0.060248968,-0.079688764,HJ,A1,0.998889699,B,0.001110301
WASP-89 b,WASP-89,1,1,1,Transit,2015,SuperWASP,Published Confirmed,0,<a refstr=HELLIER_ET_AL__2015 href=https://ui.adsabs.harvard.edu/abs/2015AJ....150...18H/abstract target=ref>Hellier et al. 2015</a>,3.3564227,2.5e-06,-2.50E-06,0,0.0427,0.0012,-0.0012,0,11.65736,0.44836,-0.44836,0,1.04,0.04,-0.04,0,5.9,0.4,-0.4,0,7,0.44,-0.44,0,0.193,0.009,-0.009,0,1120,20,-20,0,89.4,0.5,-0.5,0,0,,,,,848,13,-13,0,<a refstr=HELLIER_ET_AL__2015 href=https://ui.adsabs.harvard.edu/abs/2015AJ....150...18H/abstract target=ref>Hellier et al. 2015</a>,K3,5130,90,-90,0,0.88,0.03,-0.03,0,0.92,0.08,-0.08,0,0.15,0.14,-0.14,0,[Fe/H],4.515,0.018,-0.018,0,1.3,1.5,-0.8,0,1.92,0.1,-0.1,0,2.5,0.9,-0.9,0,0.006119636,0.000674766,-0.000674766,10.434095155958028,0.4609899898855927,-0.46098999,0.005415385,0.000450475,-0.000414859,1.025444461437872,0.1212446154968878,-0.106738998,1.0631113418378495e+76,1.0631113418378495e+76,-1.06E+76,4.130972371,0.044530626,-0.044530626,HJ,C,1,A,1.3879435599725738e-18
WASP-90 b,WASP-90,1,1,1,Transit,2016,SuperWASP,Published Confirmed,0,<a refstr=WEST_ET_AL__2016 href=https://ui.adsabs.harvard.edu/abs/2016A&A...585A.126W/abstract target=ref>West et al. 2016</a>,3.916243,3e-06,-3.00E-06,0,0.0562,0.0012,-0.0012,0,18.27067,1.00881,-1.00881,0,1.63,0.09,-0.09,0,0.63,0.07,-0.07,0,0.193,0.036,-0.036,0,0,,,0,1840,50,-50,0,82.1,0.4,-0.4,0,0,,,,,60,6,-6,0,<a refstr=WEST_ET_AL__2016 href=https://ui.adsabs.harvard.edu/abs/2016A&A...585A.126W/abstract target=ref>West et al. 2016</a>,F6,6430,130,-130,0,1.98,0.09,-0.09,0,1.55,0.1,-0.1,0,0.11,0.14,-0.14,0,[Fe/H],4.033,0.029,-0.029,0,4.4,8.4,-2.4,0,0.28,0.03,-0.03,0,6,0.5,-0.5,0,0.000387856,4.983306928967372e-05,-4.98E-05,6.103524827,0.3065183228521166,-0.306518323,0.002841751,0.000232,-0.0002229,0.2365710322961302,0.031495989,-0.028384828,5.658190873765876e+74,5.658190873765876e+74,-5.66E+74,2.769152379009022,0.068033782,-0.068033782,HJ,A1,0.999999986,B,1.3541312918909209e-08
WASP-91 b,WASP-91,1,1,1,Transit,2017,SuperWASP-South,Published Confirmed,0,<a refstr=ANDERSON_ET_AL__2017 href=https://ui.adsabs.harvard.edu/abs/2017A&A...604A.110A/abstract target=ref>Anderson et al. 2017</a>,2.798581,3e-06,-3.00E-06,0,0.037,0.001,-0.001,0,11.54527,0.44836,-0.44836,0,1.03,0.04,-0.04,0,1.34,0.08,-0.08,0,1.59,0.13,-0.13,0,0,,,0,1160,30,-30,0,86.8,0.4,-0.4,0,0,9.1,0.3,-0.3,0,217,5,-5,0,<a refstr=ANDERSON_ET_AL__2017 href=https://ui.adsabs.harvard.edu/abs/2017A&A...604A.110A/abstract target=ref>Anderson et al. 2017</a>,K3,4920,80,-80,0,0.86,0.03,-0.03,0,0.84,0.07,-0.07,0,0.19,0.13,-0.13,0,[Fe/H],4.3,0.2,-0.2,0,,,,,1.83,0.14,-0.14,0,2.4,0.4,-0.4,0,0.001522253,0.000156049,-0.000156049,9.251515121,0.4082564980063384,-0.408256498,0.002951143,0.000229851,-0.000212142,0.4783852598398797,0.053301437,-0.047058183,2.313715963989492e+75,2.313715963989492e+75,-2.31E+75,3.4956173873178193,0.042545084,-0.042545084,FHJ,A1,0.9998987300506696,B,0.000101205
WASP-92 b,WASP-92,1,1,1,Transit,2016,SuperWASP,Published Confirmed,0,<a refstr=HAY_ET_AL__2016 href=https://ui.adsabs.harvard.edu/abs/2016MNRAS.463.3276H/abstract target=ref>Hay et al. 2016</a>,2.1746742,1.6e-06,-1.60E-06,0,0.0348,0.00036,-0.00036,0,16.376349,0.863093,-0.863093,0,1.461,0.077,-0.077,0,0.805,0.068,-0.068,0,0.346,0.059,-0.059,0,0,,,0,1871,56,-56,0,83.75,0.69,-0.69,0,0,5.587,0.217,-0.202,0,111.6,9.2,-9.2,0,<a refstr=HAY_ET_AL__2016 href=https://ui.adsabs.harvard.edu/abs/2016MNRAS.463.3276H/abstract target=ref>Hay et al. 2016</a>,F7,6280,120,-120,0,1.341,0.058,-0.058,0,1.19,0.037,-0.037,0,0,0.14,-0.14,0,[Fe/H],4.259,0.031,-0.031,0,2.29,6.8,-1.51,0,0.697,0.077,-0.077,0,5.73,1.15,-1.15,0,0.000645521,5.810501456155699e-05,-5.81E-05,5.580332235827691,0.2481642724642042,-0.248164272,0.002085334,0.000102212,-0.000101749,0.253671547,0.023489147,-0.021906654,6.50575910830419e+74,6.50575910830419e+74,-6.51E+74,2.970682486862631,0.058663872,-0.058663872,FHJ,A1,0.9999995776422684,B,4.22349613733311e-07
WASP-93 b,WASP-93,1,1,1,Transit,2016,SuperWASP,Published Confirmed,0,<a refstr=HAY_ET_AL__2016 href=https://ui.adsabs.harvard.edu/abs/2016MNRAS.463.3276H/abstract target=ref>Hay et al. 2016</a>,2.7325321,2e-06,-2.00E-06,0,0.04211,0.00035,-0.00035,0,17.900773,0.863093,-0.863093,0,1.597,0.077,-0.077,0,1.47,0.29,-0.29,0,0.479,0.112,-0.112,0,0,,,0,1942,38,-38,0,81.18,0.29,-0.29,0,0,5.938,0.133,-0.128,0,174,34,-34,0,<a refstr=HAY_ET_AL__2016 href=https://ui.adsabs.harvard.edu/abs/2016MNRAS.463.3276H/abstract target=ref>Hay et al. 2016</a>,F4,6700,100,-100,0,1.524,0.04,-0.04,0,1.334,0.033,-0.033,0,0.07,0.17,-0.17,0,[Fe/H],4.197,0.019,-0.019,0,0.7,0.65,-0.65,0,0.53,0.039,-0.039,0,37,3,-3,0,0.001051533,0.00020907,-0.00020907,5.941688293706711,0.1635823920088744,-0.163582392,0.002969061,0.000236508,-0.000254841,0.3406463179117455,0.047833687,-0.047393598,1.1731724665871104e+75,1.1731724665871104e+75,-1.17E+75,3.154894540834566,0.095364848,-0.095364848,FHJ,A1,0.9999999828981628,B,1.6989724755559867e-08
WASP-96 b,WASP-96,1,1,1,Transit,2014,SuperWASP,Published Confirmed,0,<a refstr=HELLIER_ET_AL__2014 href=https://ui.adsabs.harvard.edu/abs/2014MNRAS.440.1982H/abstract target=ref> Hellier et al. 2014 </a>,3.4252602,2.7e-06,-2.70E-06,0,0.0453,0.0013,-0.0013,0,13.45,0.67,-0.67,0,1.2,0.06,-0.06,0,0.48,0.03,-0.03,0,0.37,0.05,-0.05,0,0,,,0,1285,40,-40,0,85.6,0.2,-0.2,0,0,,,,,62,4,-4,0,<a refstr=HELLIER_ET_AL__2014 href=https://ui.adsabs.harvard.edu/abs/2014MNRAS.440.1982H/abstract target=ref> Hellier et al. 2014 </a>,G8,5540,140,-140,0,1.05,0.05,-0.05,0,1.06,0.09,-0.09,0,0.14,0.19,-0.19,0,[Fe/H],4.42,0.02,-0.02,0,8,26,-8,0,1.299,0.103,-0.103,0,1.5,1.3,-1.3,0,0.000432112,4.555707698858998e-05,-4.56E-05,9.277233619,0.5157945264443746,-0.515794526,0.002374598,0.000192833,-0.000177728,0.261281673,0.031687913,-0.027677183,6.901958752203792e+74,6.901958752203792e+74,-6.90E+74,2.9170657836436935,0.051214074,-0.051214074,HJ,A1,0.9999578376454484,B,4.2162350426601074e-05
WTS-1 b,WTS-1,1,1,1,Transit,2012,United Kingdom Infrared Telescope,Published Confirmed,0,<a refstr=CAPPETTA_ET_AL__2012 href=https://ui.adsabs.harvard.edu/abs/2012MNRAS.427.1877C/abstract target=ref> Cappetta et al. 2012 </a>,3.352057,1.3e-05,-1.50E-05,0,0.047,0.001,-0.001,0,16.7,1.79,-2.02,0,1.49,0.16,-0.18,0,4.01,0.35,-0.35,0,1.61,0.56,-0.56,0,0.1,,,1,1500,100,-100,0,85.5,1,-0.7,0,0,,,,,,,,,<a refstr=CAPPETTA_ET_AL__2012 href=https://ui.adsabs.harvard.edu/abs/2012MNRAS.427.1877C/abstract target=ref> Cappetta et al. 2012 </a>,F6 V,6250,200,-200,0,1.15,0.1,-0.12,0,1.2,0.1,-0.1,0,-0.5,0.5,-0.5,0,[Fe/H],4.4,0.1,-0.1,0,2.55,1.95,-1.95,0,1.1129,0.4367,-0.2536,0,7,2,-2,0,0.00318878,0.000384807,-0.000384807,8.788395797788903,0.9359192742729774,-0.786751908,0.004796587,0.000388857,-0.000362708,0.6488138944424664,0.1127645732850168,-0.088942093,4.255932658703102e+75,4.255932658703102e+75,-4.26E+75,3.6509588741589902,0.1115670831961771,-0.10067969,HJ,C,0.955812031,A,0.044187968
WTS-2 b,WTS-2,1,1,1,Transit,2014,United Kingdom Infrared Telescope,Published Confirmed,0,<a refstr=BIRKBY_ET_AL__2014 href=https://ui.adsabs.harvard.edu/abs/2014MNRAS.440.1470B/abstract target=ref> Birkby et al. 2014 </a>,1.0187068,6.5e-07,-6.50E-07,0,0.01855,0.00062,-0.00062,0,15.277867,0.683749,-0.683749,0,1.363,0.061,-0.061,0,1.12,0.16,-0.16,0,0.54,0.11,-0.11,0,0,,,0,2000,100,-100,0,83.55,0.53,-0.53,0,0,,,,,256,32,-32,0,<a refstr=BIRKBY_ET_AL__2014 href=https://ui.adsabs.harvard.edu/abs/2014MNRAS.440.1470B/abstract target=ref> Birkby et al. 2014 </a>,K2 V,5000,250,-250,0,0.752,0.032,-0.032,0,0.82,0.082,-0.082,0,0.2,0.3,-0.2,0,[Fe/H],4.6,0.023,-0.023,0,0.6,,,-1,2.72,0.23,-0.23,0,2.2,1,-1,0,0.001303364,0.00022728,-0.00022728,5.304392636836004,0.2870202447820668,-0.287020245,0.001404943,0.000167301,-0.000155312,0.2724638555766289,0.046884844,-0.041124095,7.505372641824573e+74,7.505372641824573e+74,-7.51E+74,3.1744133493641904,0.073214275,-0.073214275,UHJ,A1,0.9999925066991228,B,7.402356636074095e-06
Wolf 503 b,Wolf 503,1,1,1,Transit,2018,K2,Published Confirmed,0,<a refstr=BONOMO_ET_AL__2023 href=https://ui.adsabs.harvard.edu/abs/2023arXiv230405773B/abstract target=ref>Bonomo et al. 2023</a>,6.00127,2.1e-05,-2.10E-05,0,0.05712,0.00063,-0.00045,0,2.043,0.069,-0.069,0,0.18226457,0.00615578,-0.00615578,0,0.01972763,0.0026744,-0.00264294,0,4.03,0.72,-0.64,0,0.409,0.085,-0.085,0,789,16,-16,0,89.87,0.13,-0.13,0,0,,,,,3.11,0.39,-0.39,0,<a refstr=BONOMO_ET_AL__2023 href=https://ui.adsabs.harvard.edu/abs/2023arXiv230405773B/abstract target=ref>Bonomo et al. 2023</a>,,4716,60,-60,0,0.689,0.021,-0.02,0,0.688,0.023,-0.016,0,-0.47,0.08,-0.08,0,[Fe/H],,,,,11,2,-2,0,,,,,,,,,2.7362003913968697e-05,3.76354688494678e-06,-3.78E-06,17.827012419021013,0.553570532,-0.56120612,0.00119343,7.530607940161617e-05,-7.71E-05,0.189438826,0.019503927,-0.019550226,3.628210289105135e+74,3.628210289105135e+74,-3.63E+74,3.1678574416532808,0.065779336,-0.065160178,HSubN,B,0.999996514,A,3.4855890801378727e-06
XO-5 b,XO-5,1,1,1,Transit,2008,XO,Published Confirmed,0,<a refstr=SMITH_2015 href=https://ui.adsabs.harvard.edu/abs/2015AcA....65..117S/abstract target=ref>Smith 2015</a>,4.1877558,6e-07,-6.00E-07,0,0.0515,0.0005,-0.0005,0,12.78,0.34,-0.34,0,1.14,0.03,-0.03,0,1.19,0.03,-0.03,0,1.06,0.08,-0.08,0,0,,,0,1230,20,-20,0,86.8,0.2,-0.2,0,0,,,,,146,3,-3,0,<a refstr=SMITH_2015 href=https://ui.adsabs.harvard.edu/abs/2015AcA....65..117S/abstract target=ref>Smith 2015</a>,,5430,70,-70,0,1.13,0.03,-0.03,0,1.04,0.03,-0.03,0,0.05,0.06,-0.06,0,[Fe/H],4.35,0.02,-0.02,0,,,,,1.01,0.06,-0.06,0,,,,,0.00109188,4.18298337020113e-05,-4.18E-05,9.800277558351493,0.2770362883633409,-0.277036288,0.003676985,0.000103344,-0.000100621,0.4543502628463124,0.021031147,-0.019928027,2.087065270071887e+75,2.087065270071887e+75,-2.09E+75,3.3559242970829413,0.025344465,-0.025344465,HJ,A1,0.99998613,B,1.386959274565044e-05
XO-6 b,XO-6,1,1,1,Transit,2016,XO,Published Confirmed,0,<a refstr=CROUZET_ET_AL__2017 href=https://ui.adsabs.harvard.edu/abs/2017AJ....153...94C/abstract target=ref>Crouzet et al. 2017</a>,3.7650007,8.1e-06,-8.10E-06,0,0.0815,0.0077,-0.0077,0,23.20263,2.46598,-2.46598,0,2.07,0.22,-0.22,0,4.4,,,1,0.62,,,1,0,,,0,1577,28,-28,0,86,0.2,-0.2,0,0,9.08,0.17,-0.17,0,450,,,1,<a refstr=CROUZET_ET_AL__2017 href=https://ui.adsabs.harvard.edu/abs/2017AJ....153...94C/abstract target=ref>Crouzet et al. 2017</a>,F5,6720,100,-100,0,1.93,0.18,-0.18,0,1.47,0.06,-0.06,0,-0.07,0.1,-0.1,0,[Fe/H],4.04,0.1,-0.1,0,1.88,0.9,-0.2,0,1,0.056,-0.056,0,48,3,-3,0,0.002856254,,,9.080502658447411,1.2054999910274558,-1.205499991,0.008017693,,,0.6860315456537877,,,4.7581993842951916e+75,,,3.405699023935708,,,HJ,A2,0.9784058084542088,C,0.021594192
XO-7 b,XO-7,1,1,1,Transit,2019,XO,Published Confirmed,0,<a refstr=CROUZET_ET_AL__2020 href=https://ui.adsabs.harvard.edu/abs/2020AJ....159...44C/abstract target=ref>Crouzet et al. 2020</a>,2.8641424,4.3e-06,-4.30E-06,0,0.04421,0.00062,-0.00062,0,15.389957,0.291434,-0.291434,0,1.373,0.026,-0.026,0,0.709,0.034,-0.034,0,0.34,0.027,-0.027,0,0.038,0.033,-0.033,0,1743,23,-23,0,83.45,0.29,-0.29,0,0,6.43,0.14,-0.14,0,80.5,3.2,-3.2,0,<a refstr=CROUZET_ET_AL__2020 href=https://ui.adsabs.harvard.edu/abs/2020AJ....159...44C/abstract target=ref>Crouzet et al. 2020</a>,G0 V,6250,100,-100,0,1.48,0.022,-0.022,0,1.405,0.059,-0.059,0,0.432,0.057,-0.057,0,[Fe/H],4.246,0.023,-0.023,0,1.18,0.98,-0.71,0,,,,,6,1,-1,0,0.000481539,3.069435847441002e-05,-3.07E-05,6.4234506174997765,0.1312705841219482,-0.131270584,0.00240265,0.000107675,-0.000103921,0.2547374095065274,0.016129051,-0.01521359,6.560545019688536e+74,6.560545019688536e+74,-6.56E+74,2.969492199072912,0.026538391,-0.026538391,FHJ,A1,0.9999974395146018,B,2.560483884539186e-06
pi Men c,HD 39091,1,1,3,Transit,2018,Transiting Exoplanet Survey Satellite (TESS),Published Confirmed,0,<a refstr=DAMASSO_ET_AL__2020 href=https://ui.adsabs.harvard.edu/abs/2020A&A...642A..31D/abstract target=ref>Damasso et al. 2020</a>,6.267852,1.6e-05,-1.60E-05,0,0.068,0.0008,-0.0008,0,2.11,0.05,-0.05,0,0.18824192,0.00446071,-0.00446071,0,0.01352931,0.00220245,-0.00220245,0,2.8,0.5,-0.5,0,0,,,0,,,,,87.05,0.15,-0.15,0,0,12.5,0.3,-0.3,0,1.5,0.2,-0.2,0,<a refstr=DAMASSO_ET_AL__2020 href=https://ui.adsabs.harvard.edu/abs/2020A&A...642A..31D/abstract target=ref>Damasso et al. 2020</a>,,5998,62,-62,0,1.17,0.02,-0.02,0,1.07,0.04,-0.04,0,0.09,0.04,-0.04,0,[Fe/H],4.43,0.1,-0.1,0,3.92,1.03,-0.98,0,0.944584,0.056393,-0.056393,0,3.34,0.07,-0.07,0,1.2065721458676928e-05,2.01531553309599e-06,-2.02E-06,12.49777325672108,0.2593442210590164,-0.259344221,0.0010814,8.383974347666917e-05,-8.64E-05,0.1350594582394055,0.016051686,-0.015848309,1.844184937603569e+74,1.844184937603569e+74,-1.84E+74,2.9760299986638965,0.073634426,-0.073634426,HSubN,B,0.9999999401882408,A,5.981175926901108e-08