ID,rrp,rrpla,tt0,tt0_Myr,mmpla,mmice,mmgas,Mp,Mp_earth,Mp_jup,Mp_Ms_ratio_q,log_Mp_Ms_ratio_q,transit_prob_rrpla,Rp_earth,Rp_m,Rp_jup,Rp_jup_err1,Rp_jup_err2,log_Rp_jup,log_Rp_jup_err1,log_Rp_jup_err2,gp_cgs,log_gp_cgs,G1,gas_frac,IceRock,cluster_map,pred3D_conf_margin
D24-2740,765684163102.7864,15024594631.297705,46885643020704.77,1.4857163732573064,1.354062009009602e+25,6.506384524163144e+24,1.4330090750635174e+24,1.4973629165159537e+25,2.506382304770435,0.0078891618362273,7.528219791432648e-06,-5.123307709876638,0.0463040778851223,1.306092978041335,8330261.013947635,0.1165201842716336,0.0056231481222465,-0.0054351731658706,-0.9335988372258808,0.020468601752039,0.0207456999917811,1440.1760287947836,3.1584155779716414,0.5519562189742737,0.09570218811067031,0.9249597149793874,B,39.11182510182585
D25-3321,726323355946.9594,14971896818.83911,56473456893421.7,1.7895358612005254,1.3706610936465512e+25,6.519576095765865e+24,1.3547096003260462e+24,1.506132053679156e+25,2.5210606502613837,0.0079353638233885,7.572307962187813e-06,-5.120771731797641,0.0464670581435347,1.3080905302014465,8343001.401624824,0.1166983914511389,0.0056731298776553,-0.0054695826614982,-0.9329351301475072,0.0206154893882645,0.0208475837039128,1444.189362887907,3.1596241418938917,0.4887939030618765,0.08994626978536063,0.9071301642849966,B,38.19830937608296
D25-7911,646450303323.9882,15007783457.129744,54471200776828.586,1.7260881935517463,1.3709986313704837e+25,6.333544391547544e+24,1.0868813198032536e+24,1.479686763350809e+25,2.4767948233249792,0.0077960314191296,7.439350243091046e-06,-5.128464994314728,0.04635594603209,1.30202098150191,8304289.820019183,0.1161569101440606,0.005552665866048,-0.0053785163749023,-0.9349549490306208,0.0202796985403796,0.0205899871640262,1432.0906759388745,3.155970517143032,0.5013577918374492,0.07345347317576646,0.8586178076618346,B,38.568728605999084
D25-8364,598267258552.381,15057519080.503948,52071678678261.07,1.6500519265806357,1.387453707175268e+25,6.238736492089448e+24,9.712977755185904e+23,1.484583484727127e+25,2.4849912703410113,0.0078218307941366,7.463969254535581e-06,-5.127030158196852,0.0462028303786626,1.3031108354671708,8311240.908609615,0.1162541390450625,0.0055746912921959,-0.0053992239202719,-0.9345915757934412,0.0203416504183683,0.0206534704254141,1434.4275135892383,3.156678606786549,0.5168405992741893,0.06542560829424283,0.8170376409129062,B,38.70896179529232
D24-3851,611438644210.3356,15018564208.85544,42604565992815.92,1.3500572284589425,1.448575868631086e+25,6.571682060328863e+24,1.1661745619436976e+24,1.5651933248254555e+25,2.6199212025467102,0.0082465401729476,7.86924748529641e-06,-5.104066796053761,0.0463226704181077,1.321339695897375,8427504.58043346,0.1178803863429958,0.0058987825847846,-0.0057010330440984,-0.9285584494563484,0.0212060119035404,0.0215286185208033,1470.8748299604613,3.167575716255453,0.5827349126128991,0.07450674261428662,0.8303788768930997,B,38.99765209037902
D24-5366,510614750075.4318,15069420204.601282,37988875683932.48,1.2037948286286815,1.481740623469855e+25,6.202156460750453e+24,8.789551206237024e+23,1.569636135532225e+25,2.6273578647052744,0.0082699480270401,7.891584391816113e-06,-5.102835794820468,0.0461663415416324,1.322351276613126,8433956.442238517,0.1179706322698835,0.0059108044145979,-0.0057234808948204,-0.9282260929526124,0.0212323262899651,0.0215985788222642,1472.793994063435,3.168142004481274,0.6178448335478314,0.05599738058563938,0.7199044280184812,B,39.43968638701947
D24-7538,816834704208.1656,14965328684.632397,46838688410652.58,1.484228471450699,1.3515492245208295e+25,6.570331744136609e+24,1.6169903632982944e+24,1.513248260850659e+25,2.5329722152767884,0.007972857011858,7.608085776021413e-06,-5.118724599666491,0.0464874520740998,1.3097024999448703,8353282.544648385,0.1168421997516978,0.005704993301229,-0.005500372248336,-0.932400275294594,0.02070364346869,0.0209413794058335,1447.4433133158905,3.1606015643192147,0.552284819411763,0.10685559039660271,0.9460302239412266,B,39.02436155224811
D24-7735,627203154370.162,15035198883.631931,43422407666514.04,1.3759730672330608,1.43245392640762e+25,6.543464539199019e+24,1.1779681874856136e+24,1.5502507451561813e+25,2.5949093521411757,0.0081678121451853,7.794121393444854e-06,-5.108232834353865,0.046271419845159,1.3179988613209177,8406196.737504812,0.1175823412060763,0.0058481865352568,-0.0056451791216912,-0.9296578967344749,0.0210804826062064,0.021367811117496,1464.227544945913,3.165608572511602,0.5767252896958247,0.0759856552990683,0.840946112274009,B,39.020312609740735
D25-0714,620300927548.6122,15009367619.43585,51489094218956.92,1.6315909390751173,1.4268334797942246e+25,6.498234124743086e+24,1.1407196272493142e+24,1.540905442519156e+25,2.579266583842449,0.0081185745127458,7.747136463143068e-06,-5.110858794018038,0.0463510533980877,1.3159370227386735,8393046.33102726,0.1173983988561973,0.0058162795673831,-0.0056093716920251,-0.9303378261945382,0.0210002741093096,0.0212629970522225,1459.9650916969156,3.1643424717675557,0.520671280637553,0.07402917763626064,0.8363127323635546,B,38.3245171960503
D25-1104,634311448687.3322,15021804188.534084,52237621279422.125,1.6553103302983156,1.420440877755716e+25,6.516619785777738e+24,1.173050891998666e+24,1.5377459669555829e+25,2.573978050543307,0.0081019281715257,7.7312517192337e-06,-5.111750186450749,0.0463126793072577,1.3152115953605117,8388419.555209343,0.1173336814637909,0.0058073080541051,-0.0055904748911131,-0.9305773026826186,0.0209799417905697,0.021201567640303,1458.5792546625778,3.163930032311006,0.5157546391464445,0.07628378920876397,0.8476585130973263,B,38.27535928316209
D25-1520,795369681479.6885,14974823389.792606,57756380115684.58,1.8301892449262485,1.362106278703074e+25,6.591478961598036e+24,1.5769668413265856e+24,1.5198029628357325e+25,2.543943896815862,0.0080073917957625,7.641040537132894e-06,-5.1168474962980826,0.0464579769584604,1.311199918181116,8362833.078159158,0.1169757885939567,0.005735115964227,-0.0055241485000552,-0.9319040183234336,0.0207871758264805,0.021009517846489,1450.3945318288024,3.1614861537453027,0.4809097300173372,0.10376126905189036,0.9376769841978946,B,37.978031957830595
D25-2915,614849773603.8722,15031872846.359703,51485802833937.41,1.631486641377589,1.4204555821699351e+25,6.442548599606703e+24,1.1028830976212042e+24,1.5307438919320556e+25,2.562257527253951,0.0080650363115492,7.696047722132004e-06,-5.113732247961624,0.0462816581214282,1.3136330486766172,8378351.584459465,0.1171928549272571,0.0057850546300352,-0.0055634202292674,-0.93109886579453,0.0209259722015754,0.0211224087670175,1455.4292441805067,3.162991097023954,0.5206930030169644,0.07204883216807619,0.8300106422562413,B,38.39387485953364
D25-3188,579244976279.6659,15079328061.689137,49196777232453.84,1.5589517971092175,1.440785926699531e+25,6.396003314804268e+24,1.0280066639151228e+24,1.5435865930910437e+25,2.5837544660223015,0.0081327007012173,7.760616355409973e-06,-5.110103785298065,0.0461360079941168,1.3165594701067582,8397016.300340904,0.1174539291157178,0.0058230160802458,-0.0056189776619978,-0.9301324504510136,0.0210143144727509,0.0212899959871457,1461.1228379232966,3.1646867290004796,0.5360216543376639,0.06659857428902204,0.7983173128637093,B,38.468876822168454
D25-3329,692649140415.212,15022958257.060926,55069460049938.58,1.7450458859336129,1.3906243269222724e+25,6.542645876917659e+24,1.295643601265101e+24,1.5201886870487824e+25,2.544589546799207,0.0080094240624277,7.642979824277438e-06,-5.116737286851836,0.0463091215522092,1.3112879995254585,8363394.860973374,0.1169836465754682,0.0057377890951748,-0.0055253804658113,-0.9318748450780108,0.0207952723559203,0.0210128722117248,1450.5677466442748,3.161538016700703,0.4975703355564788,0.08522913058775605,0.8885121671310685,B,38.1708270757947
D25-4291,616647516943.501,15071208807.896338,50481632455824.36,1.5996664022556963,1.4495184806612085e+25,6.587961829703596e+24,1.1839281616438244e+24,1.567911296825591e+25,2.624470718800159,0.0082608603626216,7.882912502893872e-06,-5.103313293901566,0.0461608626665366,1.321961235339401,8431468.7589947,0.1179358356039095,0.0059071203072217,-0.0057164771231713,-0.9283542115266128,0.0212255208261292,0.0215780068102063,1472.0438342944115,3.167920742548177,0.5273627901630396,0.07550989421664461,0.8331574623534029,B,38.15939940194741
D25-4914,426021568119.67413,15016694061.258776,36637836620208.31,1.1609829841372066,1.5058424082200223e+25,5.727298518594221e+24,6.596429778358712e+23,1.5718067060036094e+25,2.6309911050912413,0.0082813841201454,7.902497264975412e-06,-5.102235645796044,0.0463284393463685,1.322842707333386,8437090.787372336,0.1180144741701496,0.0059159598093869,-0.0057310094937768,-0.9280647243317872,0.0212426948429148,0.0216194706850124,1473.7350627218068,3.168419416264048,0.6285163772245067,0.041967181798902214,0.6137843156813028,B,39.62702666189753
D25-4923,875440429180.5292,14992256613.015942,57865633614465.55,1.8336512793896096,1.377980998287819e+25,6.770553652425355e+24,1.9832557098928797e+24,1.576306569277107e+25,2.63852326550351,0.0083050925673187,7.925121011951268e-06,-5.100994097637474,0.0464039549187017,1.323908364598175,8443887.54940716,0.1181095444162586,0.0059224572385305,-0.0057481992769819,-0.927715005690231,0.0212487581830613,0.0216680645717162,1475.5758105997459,3.1689615271395053,0.48024422050343196,0.12581662403414326,0.965944649935201,B,37.50437153618118
D25-6176,476607418109.7528,15051789500.576788,41802366544953.17,1.3246370619107022,1.4645366855930623e+25,5.863022433437076e+24,7.386413103204526e+23,1.5384008166251075e+25,2.575074180015914,0.0081053783805327,7.734544075541014e-06,-5.111565281358597,0.0462204178428977,1.3153709907213005,8389436.178820454,0.1173479015668949,0.0058082659420153,-0.0055937093826491,-0.930524672116232,0.0209808377677432,0.0212115042826022,1458.8467636551234,3.164009676270385,0.5886904267465486,0.04801358022812671,0.6675919494139362,B,39.279002325607394
D25-8530,788400487868.8418,15007027086.87737,57036395461944.53,1.8073743079937805,1.382091255991921e+25,6.676155781950456e+24,1.625833399823331e+24,1.544674595974254e+25,2.5855756351884,0.00813843306625,7.766086455375838e-06,-5.109797779012266,0.0463582824214625,1.3168271941839484,8398723.844505223,0.1174778135246632,0.0058239942352788,-0.0056243627373848,-0.9300441450825891,0.0210135890295953,0.0213064678727332,1461.5582359480507,3.1648161245494304,0.4853185870418712,0.10525410361901424,0.9344133032683136,B,37.81625717037756
D24-0440,542082248722.5738,15034289114.072523,39061715899005.17,1.2377910835743267,1.4945223919675496e+25,6.449982988940146e+24,1.0171888691612088e+24,1.5962412788836704e+25,2.6718912639075865,0.0084101226495451,8.025345796297992e-06,-5.095536245628559,0.0462742198664255,1.3282147731653728,8471353.823248748,0.1184937310922725,0.005993186417444,-0.0058222686222239,-0.9263046253842622,0.021428338648344,0.021881443141018,1484.5629527430879,3.1715986185364824,0.6094999369966466,0.06372400479911024,0.7592466230833355,B,39.12813718576319
D24-0836,444637200019.09674,15007271656.595564,33044507760108.043,1.0471172636736648,1.5321341745550052e+25,6.013216581101561e+24,7.570447419025563e+23,1.607838648745261e+25,2.691303687096617,0.0084712257573512,8.083653337080246e-06,-5.0923923192316085,0.0463575269322352,1.3306513093437835,8486894.050994653,0.1187111012560098,0.0060468812031787,-0.0058643257770691,-0.9255086661440391,0.0215770090331992,0.022002179938948,1489.8777227378669,3.1731506264529874,0.6578048938908293,0.047084621488191335,0.6460180191891356,B,39.797789291014524
D24-1730,403430964145.3388,14989027662.134533,31360475503065.08,0.9937535016308299,1.5524531813328062e+25,6.396379076699387e+24,7.150212369433354e+23,1.6239553050271398e+25,2.718280782409594,0.0085561396471398,8.164682277662846e-06,-5.088060710834546,0.0464139513036917,1.3342058073771546,8509564.639451493,0.1190282079037024,0.0060963717296915,-0.0059381755723916,-0.9243501051182896,0.0216927365590785,0.0222255666518933,1496.8046124933292,3.1751651127985503,0.6719970014127626,0.04402961305215145,0.7007309431877208,B,39.90874712056839
D24-2259,840446498548.4543,14997079682.935583,44707607391286.88,1.4166985889702286,1.4363818552850517e+25,7.022192762822469e+24,2.1207674307134705e+24,1.6484585983563986e+25,2.7592959699313693,0.0086852402442381,8.287876311495218e-06,-5.081556738973835,0.0463890313786624,1.3392637343888707,8541824.097932218,0.1194794396286608,0.0062117212435717,-0.0060373560073331,-0.9227068229506608,0.0220115603073363,0.0225189823332798,1507.934648561089,3.1783825203240044,0.5674064235827084,0.12865154349814967,0.9564901513177835,B,38.14031102395964
D24-2394,807553307581.8373,14991064657.096949,45177153491808.82,1.4315776070363024,1.420175285218646e+25,6.895394925484978e+24,1.877619644199516e+24,1.6079372496385977e+25,2.6914687316102532,0.0084717452562623,8.08414906806736e-06,-5.092365686888278,0.0464076445478238,1.3306752605135128,8487046.811555184,0.1187132380064228,0.0060470443215212,-0.005865123735658,-0.9255008490944772,0.0215771979731829,0.0220048446352398,1489.915453464829,3.1731616246971943,0.5640394727348573,0.11677194770016881,0.9437526869968115,B,38.40837244936753
D24-4938,384577680076.2566,14992054042.245646,30331594132471.656,0.9611502184092471,1.5536873817112108e+25,6.52415667228722e+24,6.842164735340464e+23,1.6221090290646155e+25,2.715190367019208,0.0085464121657777,8.155399844467651e-06,-5.088554741430698,0.0464045819231713,1.3337664736460682,8506762.568914622,0.1189890137206208,0.0060888336761863,-0.0059251641809304,-0.9244931352526028,0.0216735336331171,0.0221830967368281,1496.0880101957737,3.174957142471025,0.6808181192969093,0.04218067104457201,0.7238834379744622,B,40.06274901083131
D24-5280,746344640288.2611,15037483021.36258,44850435810521.59,1.4212245484612769,1.430770860266999e+25,6.844051586081677e+24,1.6444054586138398e+24,1.595211406128383e+25,2.6701673966863897,0.008404696554944,8.020167954391066e-06,-5.0958165368403385,0.0462643913886169,1.327976850792987,8469836.354357671,0.1184725053762333,0.0059915111832764,-0.0058176213781041,-0.926382427281379,0.0214262392077101,0.0218675480084571,1484.1367908674704,3.171473931118937,0.5663801294609,0.10308385786965077,0.9169836677744523,B,38.50796307303075
D24-8161,835924192593.8042,14989994479.13692,45273008679293.92,1.4346150746347606,1.4135328852439562e+25,6.899893114376753e+24,1.9781694921419245e+24,1.6113498344581483e+25,2.697180935452694,0.0084897251552062,8.101306357255649e-06,-5.091444944330953,0.0464109577203831,1.33145205336867,8492001.196385378,0.1187825378557793,0.0060561228848209,-0.0058770195499325,-0.9252474000138174,0.0215965009548297,0.0220374312125778,1491.3358883528433,3.1735754690931994,0.5633545882329324,0.12276474356092432,0.9536250979438741,B,38.37207613998768
D25-0513,678436094058.9806,15019319870.649826,51812334298250.4,1.6418337990927827,1.4719524817904335e+25,6.892043071269798e+24,1.5049036750290385e+24,1.6224428492933374e+25,2.715749136777037,0.0085481709657183,8.157078176437092e-06,-5.088465375447827,0.0463203398017715,1.3338496318565785,8507292.951981258,0.1189964324956814,0.0060898670756711,-0.0059260431489008,-0.9244660585290166,0.0216758035030458,0.0221850538487465,1496.2093177196018,3.174992355006724,0.5185423796055711,0.09275541974772833,0.8804930237279779,B,37.645177643633986
D25-0540,824656351597.1991,15022922079.97542,56566421062381.87,1.7924817179500934,1.407774764403716e+25,6.857792695317787e+24,1.895963352752566e+24,1.5973710996789725e+25,2.673782430583128,0.0084160753407743,8.031026142176836e-06,-5.09522896039839,0.0463092330703973,1.3284727126989513,8472998.961593911,0.1185167425948904,0.0059952619014759,-0.0058275999690135,-0.926220293510795,0.0214315183176473,0.0218976318345544,1485.0368827001364,3.1717372400197177,0.48821827554432956,0.11869272914312788,0.9498387100786795,B,37.42906261157303
D25-0652,560672829735.865,15062855505.57868,46772953818749.25,1.482145467930047,1.4829051017635831e+25,6.497228944407914e+24,1.0588626698513766e+24,1.5887913687487208e+25,2.6594211254205096,0.0083708712789711,7.987890240063956e-06,-5.097567911310356,0.046186461772958,1.3266110347378488,8461125.179558,0.1183506571302803,0.0059638086165648,-0.0057934308457485,-0.9268293263511864,0.0213509942405749,0.021797291284709,1481.2090429013429,3.170616354788535,0.5527451756591623,0.06664579696737033,0.7798088926172609,B,38.348619778572214
D25-0932,486107612618.9342,15085540555.162872,40419498344908.66,1.2808166129524634,1.5306642082551383e+25,6.258036294158938e+24,8.858991104685518e+23,1.6192541193019935e+25,2.710411635536128,0.0085313704915805,8.141046351442904e-06,-5.089319772573524,0.0461170083667902,1.3331690459855523,8502952.175295854,0.1189357155387435,0.0060783679467909,-0.0059077126207917,-0.9246877102910532,0.0216466515832669,0.0221262355520804,1494.7937089953973,3.174581261405099,0.5991000627325266,0.05471032001144042,0.6916022689580255,B,38.75360678999605
D25-1764,546456997443.12946,15082005716.050615,44474878072318.09,1.4093238418738463,1.5257329548239276e+25,6.621607662966883e+24,1.1037186709654832e+24,1.636104821920476e+25,2.738617424794074,0.0086201518541647,8.225765821621297e-06,-5.084823658530383,0.0461278170223487,1.3367311181076582,8525671.071290644,0.1192534978919409,0.006152070112353,-0.0059794252107243,-0.9235288735634122,0.0218456931510629,0.0223406109248395,1502.3104977557614,3.176759701992959,0.5690826863198171,0.06746014412878067,0.7667694433582399,B,38.197167212231925
D25-2013,543470279789.8092,15040794820.603676,44719525277637.625,1.4170762439994684,1.5123809570212905e+25,6.552433809358658e+24,1.0642069079848756e+24,1.618801647819778e+25,2.7096542596829334,0.0085289865533181,8.138771482251273e-06,-5.089441145325173,0.0462542045349221,1.3330633796373477,8502278.235327004,0.1189262887501679,0.006076906102394,-0.005906057454187,-0.9247221336305425,0.0216432465514542,0.0221216746227138,1494.6129309786788,3.174528735332429,0.567320716500618,0.06574041417725035,0.7644553210797078,B,38.3344102877304
D25-2830,575296378325.0408,14964581124.931553,46953677392239.85,1.4878722523968824,1.4959714923121229e+25,6.629395090881238e+24,1.150275230074407e+24,1.6109990153195635e+25,2.6965937118267944,0.008487876793043,8.099542560681566e-06,-5.091539508156124,0.0464897743673518,1.3313743801709237,8491505.79673015,0.1187756084139505,0.0060546079831524,-0.0058757542736013,-0.9252727362811444,0.0215924596575388,0.02203388287522,1491.1851764466685,3.1735315778026822,0.5514804437871398,0.0714013614618029,0.7958151937005065,B,38.224408413622925
D25-3633,434735692823.4562,15089796039.768389,36236920785538.984,1.1482787279621702,1.5478837457442787e+25,6.109802027953982e+24,7.566294772128352e+23,1.6235466934655623e+25,2.7175968221110143,0.0085539867938122,8.162627920892722e-06,-5.088169999603239,0.0461040028749572,1.3341119427851371,8508965.971083604,0.1190198339825939,0.0060944061046945,-0.0059292463111677,-0.924380659855913,0.0216874023181132,0.0221928792722453,1496.6385708057144,3.1751169335051044,0.631718439524287,0.04660349346637897,0.6521271131843019,B,39.19848213177717
D25-5257,888366913374.723,15001291497.07679,57525182431328.83,1.8228630324019832,1.3901313639164065e+25,6.843717330004817e+24,2.1083903136470684e+24,1.6009703952811131e+25,2.6798071629358127,0.0084350389635464,8.049122148220782e-06,-5.094251481988975,0.046376007034832,1.3292306455797864,8477833.057507878,0.1185843598935248,0.0060134371494523,-0.005845136018713,-0.925972586349875,0.0214829501775474,0.0219523729481692,1486.6861792938237,3.1722193041072932,0.4823210957552069,0.1316945222635961,0.9696952092772916,B,37.335615998810255
D25-5879,450502096360.50775,15080139790.28558,37191818152270.664,1.1785375995725487,1.5553416665732623e+25,6.189467886664621e+24,8.147595948816992e+23,1.6368176260614322e+25,2.7398105621864555,0.0086239074081213,8.229349552847825e-06,-5.0846344900334755,0.04613352460089,1.336884872213992,8526651.714980843,0.1192672147230577,0.0061552686382604,-0.0059816494437939,-0.9234789228148632,0.0218543183567279,0.0223465011164083,1502.6193216987929,3.1768489689927684,0.6241184906176198,0.049777054077930614,0.6609890797886938,B,38.989693400660144
D25-5961,630711320654.308,14992274865.424644,50809676933052.97,1.6100615044570237,1.4564183854615784e+25,6.667354853305692e+24,1.259505747954657e+24,1.582368960257044e+25,2.648670885234917,0.008337033510311,7.955600604610578e-06,-5.099327027906531,0.0464038984240097,1.3252190905214334,8452247.359345702,0.1182264779184482,0.0059415184149085,-0.0057686470444051,-0.9272852482762498,0.0212949213561824,0.021725049293375,1478.3221430855108,3.1697690820424858,0.52517454667837,0.07959621172991535,0.8443078673983659,B,38.06350445490116
D24-0271,886237025024.4061,15002959749.52053,44580616725710.47,1.412674497607881,1.432442760318538e+25,7.057500947793863e+24,2.344728496948793e+24,1.6669156100134174e+25,2.7901905025165163,0.0087824847735164,8.380671744662732e-06,-5.076721169519116,0.0463708502598784,1.3431217108268032,8566430.27165335,0.1198236204282066,0.0062851271211293,-0.0061035355571967,-0.9214575624936232,0.0222027750036142,0.022705262367347,1516.0710991259548,3.180719568864648,0.5683204771475973,0.14066269959100808,0.9711809795902816,B,38.009881151326894
D24-0635,703133906911.4294,15051610517.612589,41748922273349.05,1.3229435151389537,1.5394738465825566e+25,7.283502756366279e+24,1.883057434568471e+24,1.7277795900394037e+25,2.8920685448083487,0.0091031590623783,8.686674660831592e-06,-5.061146443670788,0.0462209674629787,1.355981492259747,8648449.957632666,0.1209708772678434,0.0065190223831508,-0.0063692214352511,-0.917319169883407,0.0227949491663655,0.023489937496019,1541.7626110885294,3.188017509492543,0.5890893517596372,0.10898713270050413,0.8979522994100997,B,37.81541408188167
D24-0869,533159554289.3653,15017527896.276276,36395998963487.47,1.1533196112342976,1.57600269001925e+25,6.808230487061422e+24,1.1762595330436286e+24,1.6936286433236128e+25,2.834904494867284,0.0089232278362677,8.514975582320828e-06,-5.069816593089346,0.0463258670005537,1.3487686609378766,8602446.519461777,0.1203274005407846,0.006387915150769,-0.0062003195743273,-0.9196354653562602,0.0224645752542056,0.0229758252053494,1527.4955405681785,3.183979951019692,0.6304459552785259,0.06945203351871235,0.7605434901395508,B,38.70192630388418
D24-3704,623143629205.7963,15057690342.952656,39719718232872.62,1.2586419193117544,1.5614076002633386e+25,7.153806351984551e+24,1.551939900849702e+24,1.716601590348309e+25,2.873358090369102,0.0090442654918246,8.630475567362036e-06,-5.063965272582521,0.0462023048790881,1.3535213328454132,8632759.060888045,0.1207513996095793,0.0064804505273671,-0.006296259072473,-0.9181078267114864,0.022703669212909,0.023256870321079,1537.3614765076245,3.1867759942369696,0.604437643723319,0.09040769329211702,0.8455766361342762,B,38.11546337044534
D24-5031,588503589009.6691,15075053183.147346,38487280760035.78,1.2195883324472008,1.5724867178295569e+25,7.052214956524885e+24,1.4131623518499047e+24,1.7138029530145474e+25,2.868673551294813,0.0090295203003927,8.616404992531661e-06,-5.064673896306163,0.0461490909217975,1.3529795136116762,8629303.337815272,0.1207030624099937,0.0064623514486213,-0.0062812111941134,-0.9182817110883208,0.0226507200988465,0.0232093190326512,1536.0846145173205,3.186415139266997,0.6139539626896638,0.08245769149622356,0.8131555118539094,B,38.26033915974759
D24-5925,501719776045.8169,15101628186.236277,34419026456570.492,1.0906731328291914,1.5991213032479775e+25,6.726577339080017e+24,1.091942873198354e+24,1.708315590567813e+25,2.859488451286889,0.0090006090124753,8.588816443277088e-06,-5.066066678726164,0.0460678803252529,1.3518509598813502,8622105.422123251,0.1206023809954016,0.0064403059799171,-0.0062535157378691,-0.9186441180419962,0.0225937886273266,0.0231240227208529,1533.7238488679448,3.1857471707543454,0.6464436455246335,0.06391927107774109,0.7260487688546797,B,38.76081023811078
D24-5978,665162358351.2587,15068072626.980783,41651088530512.76,1.3198433509047822,1.5216989163228549e+25,7.083317581482286e+24,1.6132407512339873e+24,1.6830229914462536e+25,2.8171520729909503,0.0088673497968717,8.46165405453119e-06,-5.07254473429654,0.0461704703197597,1.3465592189954447,8588354.698752947,0.1201302900849458,0.0063501037764223,-0.0061624652525876,-0.9203474742111034,0.0223706835352599,0.0228702662950598,1522.9155723830431,3.1826758275221847,0.5898203143824251,0.09585375597559122,0.8708634852406383,B,38.14666533274395
D24-6632,725114099306.5348,15014093172.31366,42463394904651.86,1.3455837866203977,1.518336471175871e+25,7.230821153423987e+24,1.912364782773328e+24,1.7095729494532035e+25,2.861593099416162,0.009007233664137,8.595138006300672e-06,-5.065747145749043,0.0463364648144642,1.3521051635064083,8623726.732843874,0.1206250592072382,0.0064456938808873,-0.0062557002967166,-0.9185624604803124,0.0226080642674993,0.0231278528119588,1534.2756360879766,3.185903388608099,0.5837785783855977,0.11186213395485615,0.9092463436865645,B,37.902478644751966
D24-7215,541717226529.3629,15100007591.258184,36607134096582.07,1.160010079872426,1.5821320104117003e+25,6.867651232083957e+24,1.22265738189473e+24,1.7043977486011733e+25,2.852930515552163,0.0089799670632306,8.569118896939032e-06,-5.06706383127047,0.0460728245198207,1.3510452403976108,8616966.54325596,0.1205305005211206,0.0064248081782,-0.006243521431681,-0.9189030399614384,0.0225539057904532,0.0231002067362825,1532.0320896790545,3.1852678620489248,0.6287610193296431,0.07173544924582215,0.7670209084384609,B,38.52752969374502
D24-7678,729810274848.4277,14989820746.961157,43497341376944.35,1.3783475732294075,1.480054333047072e+25,7.058611440811877e+24,1.775617042904223e+24,1.6576160373374943e+25,2.774624279966346,0.0087334880787012,8.333916728695296e-06,-5.079150843265447,0.0464114956238577,1.3411700677967864,8553982.692407904,0.119649508929781,0.0062441366184846,-0.0060715927986763,-0.9220890794953744,0.0220928892460466,0.0226170242947494,1512.0039618110604,3.1795529291218196,0.5761777746890676,0.10711871765890156,0.9117377343812983,B,38.20123698333497
D24-7732,655395171426.7352,15012389789.61122,41469196445508.86,1.314079538542502,1.523542520228375e+25,7.072874569158292e+24,1.5798546419285644e+24,1.6815279844212315e+25,2.814649634128806,0.0088594730475301,8.454137679342542e-06,-5.072930683773163,0.0463417223872933,1.3462646196314834,8586475.744009601,0.1201040080569798,0.0063438608252439,-0.0061508238001737,-0.9204424992749906,0.0223540135367521,0.0228310353083253,1522.2287782719186,3.1824799281733354,0.5911817286144423,0.09395351469409756,0.8665029948426884,B,38.218582824460626
D24-8123,757515566132.9912,14980753339.421425,43217275703126.19,1.3694728275637624,1.4981017258829742e+25,7.200256894358046e+24,1.997124916689967e+24,1.6978142175519708e+25,2.841910578072329,0.0089452803875235,8.536019193323132e-06,-5.068744617067074,0.0464395871313951,1.3496347100686132,8607970.180817615,0.1204046631905334,0.0064051679806821,-0.006207597745257,-0.9193566928232196,0.022509617172561,0.0229883633133457,1529.3059632216334,3.1844943819758833,0.5782267819043125,0.11762917850750264,0.9253924497193964,B,37.93482241769407
D24-8323,471840520417.4922,14962961544.267378,32470170385050.13,1.0289176104979507,1.6196871063451903e+25,6.734552897979591e+24,1.030297562613387e+24,1.722716862606529e+25,2.8835942261834706,0.0090764850506139,8.661221028690443e-06,-5.06242087834734,0.0464948063885479,1.3548822242505807,8641438.826270204,0.1208728085138225,0.0064956387034131,-0.0063426287638944,-0.9176713868198568,0.0227332410622106,0.0234086708552108,1539.7404129934166,3.187447508688891,0.6626110952750055,0.059806552369523557,0.711723362098915,B,39.02185582047926
D24-8436,749682244246.9436,14997263507.410343,42898695703612.83,1.3593776365633898,1.5095581174260698e+25,7.243125593332598e+24,2.0081712674476773e+24,1.7103752441708376e+25,2.8629360318885166,0.0090114607174438,8.599171665011753e-06,-5.065543381156486,0.046388462778976,1.3522540010466657,8624676.018675635,0.1206383374178318,0.0064479889118034,-0.0062640621268407,-0.9185146566801764,0.0226134824580863,0.0231569880540241,1534.6577807156445,3.1860115456003846,0.580566426478827,0.11741115140035872,0.922402618987692,B,37.86327840017392
D24-8716,523920812178.6714,15071944161.946642,35203358385755.84,1.1155271118765635,1.6054009930573655e+25,6.904667051237076e+24,1.2068561676956735e+24,1.7260866098269328e+25,2.8892347256987256,0.0090942392509322,8.678162945334001e-06,-5.061572199609546,0.046158610496746,1.3556201884693362,8646145.562057426,0.1209386443526188,0.0065105064348247,-0.0063606891693568,-0.9174349038752466,0.0227718499217576,0.0234640287832498,1541.0730354105401,3.187823221537465,0.64004880690272,0.06991863333072723,0.7546626181024418,B,38.556015183338786
D25-0315,762489397297.1946,15031199420.618734,52339225915986.58,1.6585299869440826,1.515398040423868e+25,7.294124573340749e+24,2.1041435093998007e+24,1.725812391363848e+25,2.888775721207606,0.0090927944750466,8.676784270305924e-06,-5.0616412002179425,0.0462837316259465,1.3555621500698154,8645775.393145282,0.1209334665857058,0.0065090814189458,-0.0063595376769713,-0.917453497797386,0.0227679436828799,0.0234606962569925,1540.9601534849278,3.1877914087733465,0.5150908455350885,0.12192191456783846,0.9280226928166757,B,36.825108705845615
D25-0596,763069156442.3936,14961941107.00553,53727845892822.63,1.7025326987103782,1.4729043782250018e+25,7.087437388659766e+24,1.9109783738984865e+24,1.6640022156148503e+25,2.7853138756902185,0.0087671349610898,8.366024211236051e-06,-5.077480882907313,0.0464979774365143,1.3425126347799792,8562545.584626706,0.1197692830614153,0.0062693942451078,-0.0060950050593128,-0.9216545501223844,0.0221583870117441,0.0226832453967628,1514.7948876599908,3.1803538307339734,0.5061040089746504,0.11484229744203664,0.927480038046016,B,37.20076479056598
D25-1076,619658165693.3877,15077161214.697838,47362381751856.37,1.5008233120343868,1.5427274222964358e+25,7.038392460885297e+24,1.4690317899801976e+24,1.6896306012944555e+25,2.8282123151124092,0.0089021633366409,8.49487481797112e-06,-5.0708430165906915,0.0461426385307734,1.3479177045407005,8597019.119560586,0.1202514843557403,0.0063714241163411,-0.0061926227150264,-0.9199095540931868,0.0224218389449543,0.0229614130924403,1525.814384974591,3.1835017049921994,0.5486309285615538,0.08694396212135047,0.8390143836216061,B,37.515167683328094
D25-1581,757851863721.5751,14982462258.080652,53439633226381.9,1.6933997904270888,1.4783319337693503e+25,7.106599014945174e+24,1.908836188615704e+24,1.6692155526309206e+25,2.7940402943170977,0.0087946024901523,8.392235055962398e-06,-5.076122360601227,0.0464342901731509,1.3436099066342648,8569543.98451334,0.1198671737329119,0.0062970188004949,-0.0061098151963197,-0.9212997344871156,0.0222358469882908,0.0227207663949571,1517.0598750044808,3.1810027217695223,0.5079562708205075,0.1143552841696872,0.9257337399522395,B,37.17465288222897
D25-2495,514249388223.846,14972859531.955338,40308114989484.93,1.277287087404775,1.5958467174565272e+25,6.786154651083105e+24,1.1430804119257592e+24,1.7101547586491031e+25,2.862566969048748,0.0090102990445158,8.598063140518367e-06,-5.065599369933361,0.046464070441269,1.3522223185638669,8624473.947800344,0.1206355109354941,0.0064482241084682,-0.0062566729930113,-0.9185248320530228,0.0226148024916158,0.0231294880263313,1534.5318524799093,3.185975907569202,0.5999464756699686,0.06684075848367717,0.7398520965906662,B,38.16229675478583
D25-2675,572895992779.5103,15028107674.712973,45146632529732.45,1.430610456109858,1.545872822262409e+25,6.864875303863402e+24,1.270189910836998e+24,1.6728918133461088e+25,2.8001938558235557,0.0088139716193156,8.41071801581754e-06,-5.07516692727025,0.046293253619058,1.3443684481022833,8574381.961996363,0.1199348453253002,0.0063136309290025,-0.0061178124977976,-0.9210546206215076,0.0222807657619761,0.0227381198724785,1518.6857830039662,3.1814679273692827,0.5642577194670839,0.07592779764379211,0.7988122869635265,B,37.89029018783998
D25-3616,891772168515.5721,14999513396.120096,55873405281934.74,1.7705213730427771,1.4467750756710253e+25,7.135834026590705e+24,2.4672275509442316e+24,1.6934978307654485e+25,2.8346855323983937,0.0089225386236325,8.514317902289837e-06,-5.069850138439741,0.0463815046280071,1.3487400805140588,8602264.233518668,0.1203248508017493,0.0063875044876961,-0.0061999963817762,-0.9196446681589532,0.0224636316802629,0.0229750952933698,1527.4422921598648,3.183964811274683,0.49252574323057724,0.1456882616630848,0.9732562833503912,B,36.779751000191354
D25-5680,765530962833.287,14991269593.217258,53410560101280.18,1.6924785186858373,1.4828341354183317e+25,7.139391141912186e+24,1.9668997563228785e+24,1.6795241110506195e+25,2.811295422065916,0.0088489152320896,8.444062901209751e-06,-5.073448540221492,0.0464070101384052,1.3458460072848497,8583805.83446277,0.120066662486191,0.0063354038755213,-0.006145590055357,-0.9205775613573932,0.0223317350043454,0.0228183739667394,1521.3607090415069,3.182232195889812,0.5081434916178742,0.1171105400262752,0.9285261244790114,B,37.094495458173824
D25-6010,645624120859.2847,15076249469.697945,48805567957566.27,1.5465551232529176,1.530929411069384e+25,7.080336751667723e+24,1.5556568174491252e+24,1.6864950928142965e+25,2.822963899458164,0.0088856432708867,8.479110572218685e-06,-5.071649701261696,0.0461454290338125,1.34730102340575,8593085.927281873,0.1201964685179023,0.0063611810625751,-0.0061808615617013,-0.9201082921146316,0.0223966926573954,0.0229274043468432,1524.37738226304,3.183092496364085,0.5386862094535472,0.09224200082629128,0.8604172366869172,B,37.40261306852095
D25-6338,773395495107.4788,15007792881.020964,52716827385482.27,1.6704954554681686,1.5096657976140449e+25,7.285018531249133e+24,2.139229326976739e+24,1.7235887303117188e+25,2.885053614394762,0.0090810786633915,8.66560447617757e-06,-5.0622011373341405,0.046355916923653,1.3550833020682649,8642721.300591392,0.1208907472247439,0.0064985644012343,-0.0063463546149827,-0.9176069380392612,0.0227399288597233,0.0234192283065165,1540.0625215404016,3.1875383521408995,0.5126314145591244,0.12411483606009943,0.9325850972312112,B,36.82262231106169
D25-6421,300496234514.03424,15037420474.875595,22902826413225.48,0.7257467745717507,1.6672298512076367e+25,6.947910992729639e+24,6.129278330812101e+23,1.7285226345157576e+25,2.89331230041806,0.0091070739437078,8.690410429943478e-06,-5.060959712245181,0.046264583820235,1.356122577386711,8649349.798572442,0.1209834638641028,0.0065214582366156,-0.0063755416854843,-0.9172739854136368,0.022800935673187,0.0235113756675311,1542.1047396853517,3.18811387197861,0.7480400872760143,0.035459635925040735,0.7144831465124903,B,40.28719287226237
D25-7129,795887597456.851,15019343861.12873,54227996753059.34,1.7183815230898212,1.473168254202244e+25,7.138358080632049e+24,2.0739914483766503e+24,1.680567399039909e+25,2.813041744568158,0.0088544120075864,8.449308190245898e-06,-5.073178848619354,0.0463202658140431,1.3460575434013888,8585155.011814058,0.1200855342110174,0.0063404354556712,-0.0061460244779838,-0.9205093055922104,0.0223455988778262,0.0228163479960655,1521.8273186965507,3.182365375961585,0.5029056961634517,0.1234101916746392,0.9400833741437363,B,37.000362706370105
D25-7994,475368234021.1468,15059983938.3955,37977265055589.22,1.2034269100181643,1.5898161583969654e+25,6.543445609532393e+24,9.710911596838976e+23,1.6869252743653551e+25,2.823683964991723,0.0088879097701019,8.481273375391428e-06,-5.071538938027637,0.0461952683911109,1.3473541138518446,8593424.538147064,0.1202012048641395,0.0063625901157451,-0.0061814510677064,-0.9200911790618592,0.0224006676088954,0.0229287220438041,1524.6460519187042,3.183169033492599,0.6179357668839502,0.057565748432409705,0.6994809492252936,B,38.532003219648054
D24-0738,284347403903.86224,15103371009.19134,17859100095088.23,0.5659207320926887,1.7164752280409442e+25,7.371537245832365e+24,5.905886313346955e+23,1.7755340911744138e+25,2.9720030986147328,0.0093547633886955,8.926767678101628e-06,-5.049305767727696,0.0460625644153628,1.365559850756768,8709540.728126666,0.1218253892481209,0.0066770986447077,-0.00660860790898,-0.9142621923165346,0.0231737282925456,0.0242220689416724,1562.2273267923588,3.1937442303018906,0.797424361897272,0.03326259035353442,0.7527188180598046,B,40.694451715224616
D24-0826,643730768547.591,15056869060.330362,38864435308793.305,1.2315396389076896,1.614332047097761e+25,7.478572931330975e+24,1.8572245614523792e+24,1.8000545032429987e+25,3.013046940582837,0.0094839541793624,9.050047778999491e-06,-5.043349127965951,0.0462048250012964,1.3702898820890037,8739708.867963666,0.1222473684882737,0.0067633378997498,-0.0067335672525271,-0.9127604807795754,0.0233862339648542,0.0246056437156081,1572.8867247863925,3.1966974469897176,0.6110259462060909,0.10317601817647089,0.863103384964401,B,37.61396396539779
D24-3132,303795015107.8133,15062282943.034784,19812224026886.742,0.6278114947552014,1.7321213875085529e+25,7.522887116288759e+24,7.090682003586876e+23,1.8030282075444215e+25,3.018024518001442,0.0094996217468093,9.0649985296351e-06,-5.042632262012092,0.0461882174588753,1.3708812252974305,8743480.45494701,0.1223001238592711,0.0067773759578288,-0.0067506892727917,-0.912573103132392,0.023423647824028,0.0246590721634516,1574.1262369940914,3.1970395576492097,0.7779254376426961,0.03932651732189931,0.7677726311316205,B,40.207740100662406
D24-3171,861158636150.339,14968415200.93506,42635417490021.55,1.3510348534115886,1.527522099995514e+25,7.505513011365457e+24,2.814817031959728e+24,1.809003803191487e+25,3.0280268541252164,0.0095311053908929,9.095041745558004e-06,-5.0411953032168935,0.0464778662711427,1.371966362398016,8750401.459374547,0.122396931955667,0.0068129987694552,-0.006780868466423,-0.9122294682314996,0.0235253618702887,0.0247523533926401,1576.8458761140773,3.197789246642623,0.5825070786864894,0.1556003932658274,0.9659967945240395,B,37.21193450595353
D24-4419,797689330434.8434,15003259702.172272,42230372293948.664,1.3381997456697805,1.5446018961336598e+25,7.501920854252873e+24,2.4835623192249163e+24,1.7929581280561517e+25,3.0011685716182104,0.0094465654797479,9.014369673484926e-06,-5.045064635763311,0.0463699231907098,1.368893478446995,8730802.605534934,0.1221227914386915,0.0067349643224917,-0.0066975926833729,-0.913203277313394,0.0233138405411537,0.0244960916335482,1569.8838880722255,3.195867532259995,0.585505385264329,0.13851758612553258,0.9443388982776328,B,37.33902696733552
D24-4757,531065067213.7893,15032653225.78822,35235157261817.87,1.1165347574536044,1.6173468862427558e+25,6.997358376412908e+24,1.271629627300252e+24,1.744509848972781e+25,2.920072727683675,0.0091913058428492,8.770788582065264e-06,-5.05696135743864,0.0462792555346477,1.3593391100741572,8669864.844052974,0.1212704196840621,0.0065946151656963,-0.0064408296351145,-0.9162451194518662,0.0229969207886961,0.0237010661874335,1549.0109751532857,3.1900544948616103,0.6397908819458539,0.07289323290717017,0.7625625679940986,B,38.45046589758412
D24-6214,574361978174.6562,15046458803.963848,36173113539318.94,1.146256798340778,1.6432449917748767e+25,7.337562690966357e+24,1.5653737889411393e+24,1.7997823706689906e+25,3.0125914275869414,0.0094825203934088,9.048679591095982e-06,-5.043414789649856,0.0462367929267665,1.3702319970449508,8739339.677152697,0.1222422044026282,0.0067627267562155,-0.0067326314102436,-0.9127788270335586,0.023385138372686,0.0246031945782403,1572.7818104609676,3.1966684778137786,0.6322295622773745,0.08697572631291414,0.8067788536573466,B,37.933257235400795
D24-7401,806903868953.5353,15032988035.629108,42124647606829.35,1.334849532500233,1.5516340608093698e+25,7.546923431968261e+24,2.581563325480791e+24,1.8097903933574488e+25,3.0293434993094452,0.0095352497015671,9.098996447247104e-06,-5.041006504542295,0.0462782248180566,1.3721199196193403,8751380.847332153,0.1224106312221249,0.0068161804864619,-0.0067836668829785,-0.912180862577673,0.023533492096269,0.0247600135614622,1577.178448589836,3.197880834009568,0.586290538373908,0.14264432693178247,0.9469856157834389,B,37.21341321257481
D24-7790,580713101067.1437,15037081671.429344,36285730582196.945,1.1498254170848525,1.6469821017071843e+25,7.390560888919386e+24,1.614823542872319e+24,1.808464455994416e+25,3.027124060115858,0.0095282637302129,9.092330095497317e-06,-5.041324805673568,0.0462656262166773,1.3718801775976186,8749851.772717612,0.1223892431701115,0.0068091096766143,-0.0067772394079588,-0.9122567507946484,0.0235137276569814,0.0247403208559692,1576.5738154933367,3.197714309312246,0.6313277315818902,0.08929252314137298,0.8140047519955015,B,37.86773670005267
D24-7993,301684167475.1372,14979848346.706411,19559336720457.51,0.6197979795820187,1.7361604759748426e+25,7.547077549186477e+24,7.058431469224523e+23,1.806744790667088e+25,3.024245573745586,0.0095192033227981,9.083684216526336e-06,-5.041737971920804,0.0464423927330988,1.3715706579516482,8747877.656415612,0.1223616300623232,0.0067987620057521,-0.0067696950423271,-0.9123547461172647,0.0234841007710231,0.0247177199582498,1575.7856227197883,3.197497133710243,0.7804230052827292,0.03906711952725987,0.7689700570664937,B,40.3194114567658
D24-8791,287749617503.16925,14996992700.92534,18234982549140.547,0.5778317283044512,1.7242423662224896e+25,7.407908373683092e+24,6.180930134171553e+23,1.786051667564205e+25,2.9896080940782115,0.0094101773844267,8.979646392982429e-06,-5.046740764958546,0.0463893004333511,1.3675418503555588,8722181.921567753,0.1220022089404094,0.0067123873329309,-0.0066590545972674,-0.913632306030613,0.0232601048505215,0.0243758698779608,1566.9295128609917,3.195049460499197,0.7936341506837163,0.03460667038037611,0.753256073770514,B,40.67968718117455
D25-0373,605103916571.2839,15003883091.494093,44630737024324.57,1.4142627140316302,1.6093871550879564e+25,7.304512410434561e+24,1.6219638649463452e+24,1.771583541582591e+25,2.9653904147544288,0.0093339491126585,8.906905689203575e-06,-5.050273146188314,0.0463679965884566,1.3648018728810132,8704706.345235102,0.1217577679353648,0.0066613900552159,-0.0065749396854466,-0.91450332199137,0.0231331400306269,0.0241089398257448,1560.483249347157,3.193259111190943,0.5679595454409657,0.09155446677368725,0.8310631405220671,B,37.239194637352696
D25-1577,281138691408.8678,15015922095.488483,18427202693077.695,0.5839228171051568,1.744450445438539e+25,7.474984342603005e+24,5.992595905813872e+23,1.8043764044966775e+25,3.0202812167263864,0.0095067249973481,9.071776794855092e-06,-5.042307643851884,0.0463308210828439,1.3711267525824975,8745046.42797117,0.1223220280307051,0.0067854577914573,-0.0067589691898778,-0.91249532717681,0.023446751139634,0.0246856441498974,1574.7391469833674,3.1972086238982538,0.791702865929646,0.033211451285218276,0.7497837668002459,B,40.487970822663875
D25-1804,367251535429.2351,15107190053.024565,29854501589069.035,0.9460320679984864,1.7077466566835025e+25,8.214480976375042e+24,9.799258436422264e+23,1.8057392410477252e+25,3.022562420152866,0.0095139053795981,9.078628662884493e-06,-5.041979747196993,0.0460509199631546,1.3713906926323771,8746729.8376093,0.122345574856058,0.006793109070282,-0.0067625645391825,-0.9124117341205328,0.0234680902461013,0.0246942645621955,1575.321986563978,3.1973693344405905,0.6849476772599546,0.05426729515351587,0.9268300046901821,B,38.63442550494934
D25-1946,321585055494.77325,14963853667.119976,23513601794715.93,0.7451010784950671,1.7220630577098422e+25,7.243698908432107e+24,7.628673703230454e+23,1.7983497947421467e+25,3.0101934899101916,0.0094749725750376,9.04147709774835e-06,-5.043760613440762,0.0464920344368683,1.3699391144260344,8737471.671809247,0.1222160755302585,0.0067584431972086,-0.006728769089089,-0.9128716659845224,0.0233755819491725,0.0245940817830354,1572.2019548144074,3.196508331924801,0.7422713280735622,0.042420410787347845,0.726044754940215,B,39.75250301296016
D25-2199,679592689408.389,14991495036.30914,48612661138536.66,1.540442275031582,1.5717652303936555e+25,7.368065823665258e+24,1.890465500093685e+24,1.760811780403024e+25,2.9473599484500417,0.0092771958925343,8.852749021634107e-06,-5.052921847998207,0.0464063122667236,1.3626057469983333,8690699.45435537,0.1215618454422225,0.006630274486609,-0.0065124038900868,-0.9152027154751952,0.0230640450526257,0.0239127695724201,1555.9985801103246,3.192009196348701,0.5400049839050386,0.10736329238216394,0.8824467943502098,B,36.93834577462915
D25-2218,354951415911.1466,14977639317.761158,27687548197330.027,0.8773654586321529,1.6967235861835743e+25,7.573440797246075e+24,8.82174935186644e+23,1.7849410797022387e+25,2.9877491207228393,0.0094043260258284,8.974062743600999e-06,-5.047010898352707,0.046449242450044,1.3673286994574694,8720822.44513974,0.1219831931564334,0.0067078287298203,-0.0066503979365005,-0.9137000022943698,0.0232482517530188,0.0243471799350503,1566.4434447642907,3.19491471963255,0.7040216408499598,0.049423196385496776,0.8062173748919114,B,39.20793191864957
D25-2476,694974174270.5823,15054128676.915384,48817802412773.21,1.5469428097438718,1.5801903946221395e+25,7.458437725157107e+24,2.0142252154727417e+24,1.7816129161694136e+25,2.982178226656981,0.009386790917647,8.95732989527106e-06,-5.047821430579836,0.0462132359122726,1.3666804223866134,8716687.73398182,0.1219253585573465,0.0066933661840438,-0.006639402577838,-0.9139059585639696,0.0232101577889273,0.0243176362409826,1565.0063352700874,3.1945160999446216,0.5386026793839032,0.11305627598409311,0.8939255613365105,B,36.73534067754096
D25-3465,284913676213.92084,15011200623.625738,20467919597985.91,0.6485892335914617,1.6885318210290667e+25,7.18619268806931e+24,5.6895845779126744e+23,1.7454276668081935e+25,2.9216090301767492,0.009196141553257,8.775403050820482e-06,-5.056732927428819,0.0463453935126985,1.3595308939985862,8671088.041922983,0.121287529260938,0.0065968369345975,-0.0064433512633442,-0.9161838508365144,0.0230013062611385,0.0237071655454361,1549.388712110289,3.1901603876407276,0.7714868180648282,0.03259708028071442,0.7409114019202301,B,40.585736081951204
D25-3612,675424856821.0677,15051615059.300848,47821662641673.85,1.5153770452022286,1.5939409336618298e+25,7.472201241484198e+24,1.958834071390039e+24,1.7898243408008338e+25,2.995923037060751,0.0094300544826176,8.998614081452156e-06,-5.045824373130206,0.0462209535162212,1.368274384099204,8726854.021784723,0.1220675603114295,0.006724453024398,-0.0066844040218037,-0.913399735314591,0.023288667657304,0.0244578498377771,1568.55846524741,3.195500710895493,0.5454463557829862,0.10944281104779166,0.8824870202231466,B,36.773170192363594
D25-3757,945115570186.71,14963152209.236898,55725320888602.375,1.7658288617829738,1.4592892044323144e+25,7.249433925464897e+24,2.9008214866326194e+24,1.7493713530955764e+25,2.9282102257968874,0.0092169196685752,8.795230533411647e-06,-5.055752772684469,0.0464942139377916,1.3602956506923585,8675965.660115862,0.1213557553308882,0.0066081582588412,-0.0064547291228375,-0.9159396223054672,0.0230271361841905,0.0237364702029101,1551.1438858378472,3.1906520853229825,0.4934510844320437,0.165820795081588,0.9871961966866956,B,36.41158184232577
D25-4479,366492188605.5228,14997146027.056175,31057791450014.457,0.9841620227778556,1.6657777932709632e+25,8.052915562938618e+24,9.103766228252448e+23,1.7568154555534878e+25,2.9406706430208023,0.0092561404402185,8.832656890666104e-06,-5.053908639639462,0.0463888261636511,1.3617537652798355,8685265.514954792,0.1214858377854136,0.0066316638330634,-0.0064833786867349,-0.9154743470050432,0.0230828080311039,0.0238185260190121,1554.4103085802335,3.191565667767142,0.674580131463021,0.0518197070698259,0.935856405005222,B,38.926314797996206
D25-5366,510614750075.4318,15067574852.196856,37988875683932.48,1.2037948286286815,1.6680643720263332e+25,7.206733151823944e+24,1.3165798781479094e+24,1.799722359841124e+25,3.0124909776055775,0.009482204214126,9.048377877532047e-06,-5.043429270737311,0.0461719956147134,1.3702192313538242,8739258.25757469,0.1222410655398462,0.0067625919795087,-0.0067324250272406,-0.9127828731330888,0.0233848967498213,0.0246026544431647,1572.758673502141,3.196662088925384,0.6178448335478314,0.07315461026244817,0.760692546099376,B,37.706543906310046
D25-5519,333456489258.733,15064542305.889784,24425964876821.207,0.7740121199590972,1.7137241484774172e+25,7.138831043075329e+24,7.89376388762414e+23,1.7926617873536586e+25,3.0006725375006837,0.0094450041483332,9.01287977553373e-06,-5.045136422029109,0.0461812902027565,1.3688338313747477,8730422.17650814,0.122117470157614,0.00673402229189,-0.0066966462166152,-0.9132222013269362,0.0233116545501452,0.0244936284426486,1569.7612132175932,3.195833594021281,0.7337368365375584,0.04403375998367754,0.7139965982295041,B,39.54553585276058
D25-5757,813366568518.5737,15023745122.502296,52544809455536.94,1.6650445361984731,1.536700001242139e+25,7.482054318196006e+24,2.534009306973638e+24,1.7901009319395028e+25,2.9963860130887863,0.0094315117594283,9.000004685467585e-06,-5.045757264463766,0.0463066961218606,1.3683152385906876,8727114.591731405,0.1220712050541515,0.006725971826632,-0.0066923465686377,-0.9133867681674042,0.0232931119479177,0.0244869939334289,1568.7071833964746,3.195541885267561,0.5137503589532963,0.1415567838528602,0.948903722149356,B,36.36416797629832
D25-6430,739479465162.3921,15002396621.910707,50949889003799.75,1.6145045568674345,1.5458602730877706e+25,7.397139988153294e+24,2.1231979194607483e+24,1.7581800650338457e+25,2.9429548140903306,0.0092633301635081,8.839517672367248e-06,-5.053571431586948,0.0463725908288508,1.36203142037936,8687036.399179557,0.1215106081684602,0.0066290042099381,-0.006494335045817,-0.9153858054573116,0.0230692113767927,0.0238549035161904,1554.983527409333,3.191725792724193,0.5242420243587245,0.1207611189369205,0.9175927774186293,B,36.73729102236188
D25-7083,731144457309.2357,15001746723.406658,49960043366429.375,1.5831382413881085,1.5740560997514924e+25,7.518651361869395e+24,2.2133000164045367e+24,1.795386101391946e+25,3.0052326694652773,0.0094593577523284,9.02657667869254e-06,-5.0444769242643925,0.0463745997600749,1.3693483223529048,8733703.599966828,0.1221633693275727,0.0067464145739784,-0.0067145743086022,-0.913058997724774,0.0233448780976008,0.0245515978877125,1570.9656337868357,3.1961666845816734,0.5308608756180012,0.1232771053919035,0.9144653365287299,B,36.570009246879074
D25-8432,335663508977.0089,15000204167.13273,24513226150945.57,0.7767772628763141,1.7168752676580082e+25,7.180449435293021e+24,8.048270432036486e+23,1.7973579719783732e+25,3.0085333132107612,0.0094697469545752,9.03649055796065e-06,-5.044000200855647,0.0463793687238179,1.3697276187580976,8736122.752439147,0.1221972074139644,0.0067541803556287,-0.006725324764049,-0.91293871895896,0.0233647393176262,0.0245850344455937,1571.8201446919954,3.19640285045879,0.7329257302985214,0.04477833885910696,0.7188858069118624,B,39.566231499176176
D25-8777,602255970205.7568,14994422619.367395,44804319176853.44,1.419763200523913,1.602965795810666e+25,7.261200140135078e+24,1.585858963387562e+24,1.761551692149422e+25,2.9485984602949715,0.0092810942684374,8.856469040469693e-06,-5.052739391192834,0.0463972516755267,1.3627580676354034,8691670.955378603,0.1215754343895625,0.006632230379683,-0.0065152037374525,-0.9151541700209164,0.0230681598486672,0.0239205896930605,1556.3044607402414,3.1920945622455164,0.5667112976154309,0.09002625188094922,0.8281045870178823,B,37.29958140882181
D24-0052,833663934995.3763,15004239440.861431,41358886165399.125,1.3105840166995946,1.587117537600791e+25,7.76710715565244e+24,3.031403870884893e+24,1.8902579246892805e+25,3.1640352259537345,0.0099592092976252,9.503559199041128e-06,-5.022113715656619,0.0463668953526149,1.387378147202455,8848697.822857255,0.1237718601082254,0.0071132730852169,-0.0072286034004886,-0.907378082204864,0.0242684014926111,0.0261347678608315,1611.2690392530446,3.2071680621496266,0.5920089022185627,0.16036985383268232,0.9584207517087944,B,36.7771267104474
D24-0101,768284089910.2273,14970889893.267628,40898087607241.664,1.295982191524123,1.598180249263294e+25,7.721966325816775e+24,2.608447714348815e+24,1.8590250206981757e+25,3.111755583506035,0.0097946523745952,9.346531024123557e-06,-5.029349548124982,0.0464701834667059,1.3814039312663455,8810594.273616752,0.1232388837019072,0.007003460369187,-0.0070440592145125,-0.9092522441776992,0.0240044481231659,0.025560971542712,1598.3819023814942,3.2036805536269344,0.5954767840377394,0.14031267386434562,0.9348812942367697,B,37.05828453717589
D24-3608,827917947919.7062,15019141108.28069,41238766906171.82,1.3067776670650435,1.5922979380161435e+25,7.788539038580878e+24,3.0234921669699574e+24,1.8946471547131391e+25,3.171382201320912,0.0099823348509649,9.525626720528604e-06,-5.021106441131267,0.0463208911204936,1.3881568734903826,8853664.539121661,0.1238413324444925,0.0071315557253395,-0.0072627081356411,-0.9071343839368812,0.0243157884717701,0.0262466899604592,1613.1989852033958,3.207687940139013,0.5929109458904729,0.1595807514580588,0.9574769389810942,B,36.750961295420495
D24-4746,388005731939.77167,14988651076.914722,27253143567557.543,0.8636000065771017,1.7724822830705343e+25,8.780381348722978e+24,1.2171346865057104e+24,1.8941957517211056e+25,3.1706266139752692,0.0099799565422608,9.523357223333864e-06,-5.0212099248777955,0.0464151174398546,1.3880734529490095,8853132.482908783,0.1238338902661666,0.0071291894735715,-0.0072609563263167,-0.9071604834146236,0.0243093628472756,0.0262417895334665,1613.0084976617368,3.2076366553479696,0.7079088031955554,0.06425601395208476,0.9816578672251511,B,38.498274102210836
D24-7438,284352613814.8532,15027621207.047367,15887795567324.389,0.5034538611087152,1.7886209818313376e+25,7.738839105162669e+24,6.542990150771292e+23,1.8540508833390504e+25,3.1034295526414426,0.0097684451176978,9.321522792051536e-06,-5.0305131341950675,0.0462947522042772,1.3804328579987013,8804400.768315718,0.1231522515570373,0.0069840367017874,-0.0070080768554682,-0.909557643671746,0.0239560593191683,0.0254449240121229,1596.348713324336,3.203127766544942,0.8176004211370473,0.03529024046517915,0.7626447602957239,B,40.565158474703885
D24-7874,369537507319.5675,14997864221.216408,26232714119882.008,0.8312645486311382,1.7342528716191905e+25,8.358782761141251e+24,1.03996130230534e+24,1.8382490018497248e+25,3.0769793476109344,0.009685189683086,9.242076429611486e-06,-5.034230444298024,0.0463866047684204,1.3775676127761391,8786126.234286215,0.1228966350680665,0.006920455037891,-0.0069099078914121,-0.9104600080116484,0.0237918780579541,0.0251316979661089,1589.334040031403,3.2012151851217903,0.717124495579936,0.05657347297666892,0.9304340085932584,B,39.02073298281557
D24-8415,315244632764.54834,15005299685.379084,19742323994041.098,0.6255964963761851,1.7877465198171655e+25,7.867636565391776e+24,8.391668468750543e+23,1.871663204504671e+25,3.132910187982777,0.0098612392228907,9.410071415307546e-06,-5.026407080594391,0.0463636191603609,1.383831073781717,8826074.58857979,0.1234554158308592,0.0070531229026008,-0.0071215181935369,-0.9084898533718602,0.0241287803987265,0.0258038677395038,1603.6080936965157,3.2050982395458476,0.7786149844999724,0.044835355252770326,0.7859911347160411,B,39.796481610185815
D24-8775,767260815278.8787,15004869318.507978,40553290585468.84,1.2850562332201703,1.613634055928235e+25,7.799059417689753e+24,2.6933324666797443e+24,1.8829673025962092e+25,3.1518317140306804,0.0099207971685785,9.466904487663194e-06,-5.023792004491377,0.0463649489530627,1.3860004456568125,8839910.84239915,0.1236489515246342,0.0070893657153839,-0.0071810539032076,-0.907809561866342,0.0242124526379141,0.0259842021030776,1608.2469359030483,3.206352732637824,0.5980849410145929,0.1430366030767616,0.9354439757083648,B,36.91041776258104
D25-0211,800577887946.9579,15037832089.456863,50478750748148.14,1.599575086449798,1.6012721886418636e+25,7.783507296757037e+24,2.8585796586847374e+24,1.8871301545103376e+25,3.1587997631655074,0.0099427300026888,9.48783385877495e-06,-5.022832928833206,0.0462633174689961,1.3867729381888405,8844837.799768424,0.1237178677302135,0.0071056428932699,-0.0072103851017571,-0.90756757364285,0.0242533728031902,0.0260786077771505,1610.0072505473875,3.2068278318490115,0.5273820531381141,0.1514776101612592,0.945838416528291,B,35.89446901025067
D25-0323,343209764854.53546,15019298995.23005,24214834399150.965,0.7673217988424648,1.7864340375520345e+25,7.829470446219534e+24,9.64418505640271e+23,1.8828758881160616e+25,3.151678698597405,0.0099203155327505,9.466444887461344e-06,-5.023813089174032,0.0463204041827082,1.3859820925671444,8839793.786393248,0.1236473141945007,0.0070890894626965,-0.0071807963448622,-0.9078153127290972,0.024211846798523,0.0259835962702881,1608.2114494023613,3.2063431496806802,0.7357030402916321,0.05122050325925804,0.7802264006789233,B,38.99058308827129
D25-0422,383197898801.4587,15040493781.287537,31351367165313.03,0.9934648758243032,1.7279608388623038e+25,8.550209868006314e+24,1.1011366066290583e+24,1.8380744995252097e+25,3.076687254402614,0.0096842702820084,9.241199092635544e-06,-5.0342716732032855,0.0462551303246139,1.3775346786718827,8785916.180569269,0.1228936969251002,0.0069197029360939,-0.0069093673396034,-0.9104703910016304,0.0237899154028777,0.0251302924806845,1589.259156147516,3.201194722196493,0.6720745881619906,0.05990707160746157,0.979472966873123,B,38.27289163208493
D25-0440,542082248722.5738,14962486040.706406,39061715899005.17,1.2377910835743267,1.6968499342985803e+25,7.51407132219436e+24,1.5766363910116678e+24,1.854513573399747e+25,3.10420403300818,0.0097708828946245,9.323849036700589e-06,-5.030404766796535,0.0464962839803027,1.3805303666416266,8805022.678440295,0.1231609505740543,0.0069852994621957,-0.007020090892478,-0.9095269678081924,0.0239586269071054,0.0254879958089245,1596.5215395342257,3.203174782216368,0.6094999369966466,0.08501616885560632,0.7947674154026027,B,37.29636046271415
D25-0738,284347403903.86224,15091495396.942947,17859100095088.23,0.5659207320926887,1.7810301397101402e+25,7.683717507612604e+24,6.466586490677723e+23,1.8456960046169176e+25,3.0894446195589658,0.0097244257356001,9.279517368611954e-06,-5.032474611022445,0.0460988113968431,1.378940260042461,8794880.978550816,0.1230190927453535,0.0069485750445845,-0.0069603594723894,-0.9100274801828576,0.0238628059754021,0.0252946936848222,1592.5972546285407,3.2021059627397883,0.797424361897272,0.035036032339572046,0.7587669831667673,B,40.19859726551905
D25-1328,354575436218.2277,15000624527.828878,26989441710349.883,0.8552437989691828,1.7281176475560618e+25,7.722905097240701e+24,9.324084949257731e+23,1.821358497048639e+25,3.04870693490114,0.0095961986145871,9.157156847906684e-06,-5.038239346958026,0.0463780690403489,1.374285654054096,8765193.901557025,0.1226038424097385,0.0068670862616946,-0.0068058143272855,-0.9114959187964192,0.0236681819246138,0.0248029173233994,1582.2609286849786,3.1992781040313303,0.7102789352227704,0.05119302413207856,0.8079813589262388,B,39.02732976350614
D25-2406,968010143938.4893,14980947877.89672,54965620809683.35,1.7417554189698632,1.4893297765594823e+25,7.420248997786458e+24,3.321694533126908e+24,1.8214992298721731e+25,3.048942502547911,0.0095969400941631,9.15786440358056e-06,-5.038205791165681,0.0464389840796692,1.3743145052554349,8765377.914519163,0.1226064163055889,0.0068673932887523,-0.0068083765491487,-0.9114868014881082,0.0236687282142595,0.0248119908490308,1582.3167491624506,3.199293425207053,0.49822566222854353,0.18236046870906522,0.9929346413140842,B,35.973921124491355
D25-2776,633801071117.7892,15063835296.195448,45041927380547.06,1.4272925501478904,1.6387079594927156e+25,7.563489116896424e+24,1.8954580952672745e+24,1.828253769019443e+25,3.0602486843752184,0.0096325277609032,9.191823876417511e-06,-5.036598305711504,0.0461834576866163,1.3755980100423777,8773564.108050283,0.1227209213345588,0.0068844002753561,-0.0068497792345617,-0.9110813928914038,0.0237042269751476,0.0249433194388886,1585.2220092925443,3.2000900934678214,0.5650070782380823,0.10367587516496003,0.8571895007738913,B,36.77220573584322
D25-3424,932200078344.6542,14962819530.330368,54038972557942.42,1.71239170779598,1.5188731333434358e+25,7.539076433581603e+24,3.2980970879770505e+24,1.848682842141141e+25,3.094444180210138,0.0097401624981092,9.29453414852258e-06,-5.031772372626468,0.0464952476764009,1.3794043156001052,8797840.72489747,0.1230604924312856,0.0069625921750047,-0.0069750839819873,-0.9098813513984682,0.023901816221452,0.0253410148078961,1594.1014013635688,3.2025159435669868,0.504112065664552,0.17840253681140897,0.9855446464293075,B,35.88355700558766
D25-3554,279277183642.2356,15101529608.007273,15924170725528.12,0.5046065203161242,1.8114554252654811e+25,7.654764999397252e+24,6.332292829238879e+23,1.8747783535578696e+25,3.1381245247194096,0.0098776520208528,9.425733300944544e-06,-5.025684852669607,0.0460681810424766,1.3844383566443896,8829947.838677917,0.123509593222709,0.007065648557159,-0.0071306322932334,-0.9082993086239068,0.0241601472957971,0.0258262160286648,1604.8682231238238,3.2054393779747237,0.8172235421649652,0.03377622115820646,0.7318278422305,B,40.31831792232839
D25-3851,611438644210.3356,15066800032.499994,42604565992815.92,1.3500572284589425,1.6860944082234911e+25,7.728109250333092e+24,1.9481113216976088e+24,1.880905540393252e+25,3.148380603918938,0.0099099343540213,9.45653866462168e-06,-5.024267797417787,0.0461743700387164,1.385615646023904,8837456.59034046,0.1236146224800042,0.0070802695770376,-0.0071712301239797,-0.9079301531407148,0.0241887675400052,0.0259549975672521,1607.378378872492,3.2061181222601602,0.5827349126128991,0.10357305456659485,0.8461895339810709,B,36.66434468257606
D25-3976,752754230550.1202,15000938260.23169,48975653886403.96,1.551944821101857,1.624127322617418e+25,7.814082800303007e+24,2.6430031651411956e+24,1.8884276391315376e+25,3.1609715763307844,0.0099495660649712,9.494357160037896e-06,-5.0225344349606065,0.046377099080818,1.3870358936429548,8846514.929654766,0.123741326717042,0.0071077554966121,-0.0072149363565416,-0.9074852319171046,0.0242559127260695,0.0260904745663149,1610.5033861178647,3.2069616422701204,0.5375261180495623,0.1399578734378553,0.9272464968056321,B,36.04370445879455
D25-4638,633369854898.4656,15056134544.094902,45178075265831.266,1.4316068162924704,1.6320874714342329e+25,7.522093404318074e+24,1.864162322873032e+24,1.818503703721536e+25,3.043928398315316,0.0095811575538542,9.142803940279216e-06,-5.038920593211193,0.046207079112006,1.3737940673598543,8762058.561621152,0.1225599865946001,0.0068560654381759,-0.0068022780179196,-0.9116512952138498,0.0236394423108226,0.0247987834473947,1580.911689155541,3.1989076106130243,0.5640328827039761,0.10251077955233504,0.8549017346013954,B,36.82878457733342
D25-4938,384577680076.2566,15078420044.048555,30331594132471.656,0.9611502184092471,1.7596858134466873e+25,8.691214851244322e+24,1.1665017322028884e+24,1.876335986666976e+25,3.1407317911468917,0.0098858587284877,9.433564538295508e-06,-5.025324175046032,0.0461387862897872,1.3847502362808752,8831937.006999422,0.1235374168718097,0.0070674616786043,-0.0071391653824328,-0.908201483863208,0.0241608835277842,0.025852059656416,1605.478174883629,3.2056044060769016,0.6808181192969093,0.06216912858314892,0.9759221849383758,B,38.111735332860675
D25-5558,682067922777.5017,14970962133.374355,47132399133257.47,1.4935356026205246,1.621560036336789e+25,7.628268398444206e+24,2.1324175758733703e+24,1.834801793924126e+25,3.071209189387911,0.0096670273652482,9.224745067491836e-06,-5.035045627045476,0.0464699592318849,1.376888625935241,8781795.656214967,0.1228360607650501,0.0069073360397744,-0.0068876891964659,-0.9106741194141934,0.0237593833974871,0.0250612269972618,1587.918561072674,3.2008282251794284,0.5502325669955895,0.11622059575779724,0.8883164677461027,B,36.58736989664785
D25-6458,395644443297.26794,15030982863.59891,31773111368550.027,1.0068291431715348,1.7559023092520895e+25,8.754694298897124e+24,1.2168685056404225e+24,1.877589159816132e+25,3.142829432921783,0.0098924613267446,9.439865056893572e-06,-5.025034213908008,0.0462843984530647,1.3850218519820316,8833669.371941397,0.1235616484633441,0.0070667704905802,-0.0071422711742651,-0.9081163063129768,0.0241539767605781,0.0258584217122219,1605.9203894072784,3.205724012114463,0.6684914600817128,0.06481015824354183,0.9943624896468435,B,37.95745465240576
D25-7735,627203154370.162,15009564605.143112,43422407666514.04,1.3759730672330608,1.6814536836292805e+25,7.768460388841634e+24,2.040538719752264e+24,1.8855075556045068e+25,3.1560837528112664,0.0099341810095074,9.479675996000537e-06,-5.023206506074778,0.0463504450863028,1.386483685627324,8842992.946931072,0.1236920627053526,0.0070986152259375,-0.0072016390425485,-0.9076581680658252,0.0242349589403442,0.0260516071845312,1609.2941903371952,3.206635443453391,0.5767252896958247,0.10822225101601639,0.8587657238990591,B,36.591042701485094
D25-8078,827107726721.0267,15032069939.467869,52157315209285.266,1.6527655844958193,1.555729100694944e+25,7.597032168874744e+24,2.7514924482862685e+24,1.8308783455235708e+25,3.064641869243699,0.0096463558773633,9.205019333954604e-06,-5.035975294979523,0.0462810512990885,1.3760768544556106,8776618.177717885,0.122763640375397,0.0068973663743105,-0.0068722819266298,-0.91093024168445,0.0237396310332816,0.0250187047327498,1586.3930618055142,3.2004108017858943,0.5162798922094323,0.15028264739782218,0.9543699926612181,B,36.12003071859862
D25-8791,287749617503.16925,15079888097.712082,18234982549140.547,0.5778317283044512,1.785253779045798e+25,7.82442179713308e+24,6.751306465545841e+23,1.8527668437012564e+25,3.1012802445536747,0.0097616798930519,9.315067087487465e-06,-5.030814012950166,0.0461342945976868,1.3801768751776686,8802768.10988317,0.1231294146181834,0.0069797899470829,-0.00699348287373,-0.909638185246036,0.023946207022834,0.0253952061777233,1595.8349452874224,3.202987970938424,0.7936341506837163,0.036439050539455974,0.7802484337378341,B,40.09907168579684
D24-0762,705286475395.2021,15036049808.25701,38462825815894.98,1.2188134020297796,1.6769922760890792e+25,7.977790961025471e+24,2.5859665283443695e+24,1.935588928923516e+25,3.2399131748577488,0.0101980449363725,9.73146771706142e-06,-5.0118216537347475,0.0462688012391364,1.3952844080025264,8899123.954240113,0.1244771996061113,0.0072937756985281,-0.0074881426965504,-0.90491019067326,0.0247299510587992,0.0269445693417742,1631.2643345340366,3.21252434100829,0.6141443008281362,0.13360101877533279,0.9073784541250479,B,36.78096239293295
D24-1385,602118858715.6786,14965084631.016674,34376229140467.996,1.0893169677183308,1.759105330995508e+25,8.091058458068554e+24,2.216067736564826e+24,1.9807121046519904e+25,3.315443247048961,0.0104357855882612,9.958331345661089e-06,-5.001813427448172,0.0464882102008357,1.402443506751868,8944784.686063414,0.1251158827010492,0.0075285912219369,-0.0076870062441829,-0.9026875557614968,0.0253767173942449,0.0275375386062223,1652.2938922084236,3.218087297471339,0.6467944143834087,0.11188237459447381,0.8516908255441651,B,37.040336178046644
D24-2471,281509697471.26276,15076850053.980925,12875177358225.076,0.4079897507486335,1.883495062044246e+25,7.964166164350212e+24,7.10464347350905e+23,1.9545414967793366e+25,3.2716372012643307,0.0102979004045275,9.826754634385803e-06,-5.007589887772403,0.0461435908368874,1.398547359477102,8919935.058744958,0.1247682965750707,0.0073645157530609,-0.0075562464773621,-0.9038957541700096,0.024906432825667,0.0271319837901944,1639.5596964017166,3.2147272339641333,0.849424769547652,0.03634941230572987,0.7326211090393668,B,40.36192950744311
D24-2663,706144811198.4052,15047003305.711952,37840670249566.87,1.1990984818099877,1.7058632399342982e+25,8.126801559263658e+24,2.763740554157079e+24,1.982237295350006e+25,3.3179962092832613,0.0104438213664383,9.96599947385624e-06,-5.001479140093051,0.0462351197687254,1.4027197235769489,8946546.39697378,0.1251405247716357,0.0075341464254553,-0.0076959253652715,-0.9026020281586592,0.0253900481648801,0.0275649209443274,1652.9150333619705,3.2182505296207844,0.6190065698368895,0.13942531303594918,0.9098696230112977,B,36.56257229426968
D24-3692,514024575752.26514,15075802802.875889,31205117009176.836,0.988830488033844,1.7726907973348765e+25,7.973649915505428e+24,1.690033464742118e+24,1.941694143809088e+25,3.25013247599526,0.0102302115058434,9.762162613419248e-06,-5.010453962350214,0.0461467962334508,1.3963972752106464,8906221.821293503,0.1245764815824638,0.0073219611627775,-0.0075102952714276,-0.904563939081551,0.0248036071742318,0.0270045904333261,1633.802398200077,3.2131995292094055,0.6733216053433879,0.08703911839723227,0.8175370597410995,B,37.575041679444126
D24-3929,680755180569.5674,14993996449.030209,37374436483474.055,1.1843244252881733,1.7076139294661866e+25,8.069905815895414e+24,2.568858518770316e+24,1.964499781343218e+25,3.288306018116598,0.010350367657235,9.876821424551122e-06,-5.005382798315343,0.0463985704121596,1.3999495148221288,8928878.005535537,0.1248933867500634,0.0074360831790125,-0.0076034680744736,-0.9034605574144474,0.0251171302666443,0.0272787574241313,1644.6137992221707,3.2160639299100695,0.6226754953618838,0.1307640012570462,0.8960355996678778,B,36.760853404905
D24-4028,432278965294.20264,15004532246.691378,30501912832527.133,0.9665472923329763,1.772182594239769e+25,8.860888299467326e+24,1.4542381413564584e+24,1.9176064083754148e+25,3.209812875992459,0.0101033003602498,9.641057860107669e-06,-5.015875310744317,0.0463659905261896,1.3921200972729175,8878941.98040667,0.1241949026521382,0.00722498670677,-0.0073706903776737,-0.9058962285996776,0.0245573258261432,0.0265709100669647,1623.4643632705029,3.210442759851556,0.6793499343602646,0.07583611188431941,0.9999944313497028,B,37.88571246738188
D24-4358,376286277684.8379,15029727500.663862,23569708969051.543,0.7468790075624111,1.8512635414843631e+25,8.926071791080863e+24,1.300171335334819e+24,1.9812806750178452e+25,3.316394956676785,0.0104387812171646,9.961189919647286e-06,-5.001688779581357,0.0462882643726754,1.402524980808156,8945304.32759442,0.1251231512280314,0.0075325817422423,-0.0076920109405108,-0.9026623264348708,0.0253883500223733,0.0275543955485254,1652.5761726893656,3.218161486684901,0.7417436334285175,0.06562277378105999,0.9311023367075241,B,38.443958761147336
D24-5178,364200761813.4989,15050190614.290049,22015549085261.21,0.697630652687822,1.8581460560425976e+25,8.708369056218642e+24,1.224586655415998e+24,1.9806047215841973e+25,3.315263502367174,0.0104352198186733,9.957791460956248e-06,-5.001836973090113,0.0462253281589296,1.4024297896558748,8944697.19842517,0.1251146589607951,0.0075273903957798,-0.0076816532913743,-0.9026918035534416,0.0253730267820798,0.0275180197604054,1652.236634543029,3.2180722474132875,0.756500366659448,0.06182892740134971,0.8820306235901535,B,38.66514140170246
D24-5438,546266234912.3536,15080799949.855856,33159748134610.523,1.050769010780621,1.7321817102477329e+25,7.746282247772261e+24,1.7189904976090924e+24,1.904080760008642e+25,3.1871727762857653,0.0100320377239654,9.573055605875528e-06,-5.0189494184445245,0.0461315051133378,1.3897736557424865,8863976.37632558,0.123985570082325,0.0071676111926317,-0.0073190031750689,-0.9066288567594224,0.0244076861379695,0.0264247249669363,1617.461337624383,3.208833908470838,0.6568447404617662,0.09027928508669403,0.808966012375384,B,37.56576902985232
D24-6427,296326408643.22253,14978716174.664076,17034241533029.9,0.5397825415440306,1.8241338292619056e+25,8.145318848276345e+24,7.821043167852457e+23,1.90234426094043e+25,3.184266112517877,0.0100228886245544,9.564325092712068e-06,-5.019345670576812,0.0464459030992756,1.389470720944591,8862044.258184599,0.123958544427133,0.0071611907757965,-0.0073146697572553,-0.9067235320695372,0.0243915955726249,0.0264145303464975,1616.690949082076,3.2086270069587797,0.8058053905035747,0.04111265940890267,0.8067851783744892,B,40.07996313093134
D24-6725,728009572466.7772,14981665235.238022,39190275442589.48,1.2418648896807576,1.6573053922705135e+25,7.933004180169767e+24,2.657064916007576e+24,1.9230118838712711e+25,3.218860908358058,0.0101317802100699,9.6682347102628e-06,-5.014652815015041,0.0464367604719707,1.3930933300438433,8885149.259019632,0.1242817274522972,0.0072417048392471,-0.0073894217154152,-0.905592718904458,0.0245958527822142,0.0266213557847641,1625.7667463492767,3.211058236190393,0.6085075519470128,0.13817204866454394,0.9181664940093132,B,36.82078138393776
D24-7988,665976250250.7637,15010258275.803024,37137228646275.02,1.1768077625128344,1.704070334542022e+25,8.000352026077531e+24,2.4256120467441965e+24,1.946631539216442e+25,3.2583970058190914,0.0102562251802763,9.786986119740783e-06,-5.009351027612919,0.0463483030882612,1.3972236642304243,8911492.530461647,0.1246502060434964,0.0073236164957372,-0.0075274464358593,-0.9043069992823132,0.0247947952290759,0.0270517041801996,1636.0199089191983,3.2137885843482255,0.6245504893757656,0.12460560706421894,0.884960301151131,B,36.880698300472154
D24-7992,395595087558.6495,15045410202.14721,27440945713781.07,0.8695510974782958,1.7942575547606089e+25,8.930449825602343e+24,1.3038824811187545e+24,1.9246458028724845e+25,3.221595867015641,0.010140388845482,9.676449486538385e-06,-5.014283966169052,0.0462400154367817,1.3933903259564069,8887043.498949962,0.1243082232830241,0.0072421849107977,-0.0074119326039782,-0.905500140800736,0.0245923408169036,0.0266991287318689,1626.4545389934653,3.211241928828938,0.7062256754245828,0.06774662014032626,0.99093711085255,B,38.21787264894006
D25-0633,273243602707.88956,15038825888.264692,12383101331533.438,0.3923968024036504,1.873962855612196e+25,7.369879232427182e+24,6.185979590602543e+23,1.9358226515182216e+25,3.2403043947611754,0.0101992763515185,9.732642792952349e-06,-5.011769215789987,0.0462602602868671,1.3953315588767148,8899424.682515686,0.1244814060666324,0.0072945759810568,-0.0074892419767279,-0.9048955147990289,0.0247317762354695,0.0269477106896721,1631.351051476534,3.2125474272045884,0.8547393409076696,0.03195530120360468,0.648200679065827,B,40.62996184427664
D25-0869,533159554289.3653,14976530457.425009,36395998963487.47,1.1533196112342976,1.7884645708945325e+25,8.062599032137655e+24,1.861903237892866e+24,1.974654894683819e+25,3.305304299628099,0.0104038719424858,9.92787780132639e-06,-5.003143577050851,0.0464526815458174,1.4014061032638694,8938168.126616959,0.1250233330528864,0.0075007616299055,-0.0076618570547752,-0.9030089272282787,0.0253037733234172,0.0274655099920154,1649.6806896816333,3.2173998908022243,0.6304459552785259,0.09429005761490254,0.8208675134048675,B,36.82868157770345
D25-1730,403430964145.3388,15007813602.320517,31360475503065.08,0.9937535016308299,1.7995699405236173e+25,8.988121228970564e+24,1.3577266873474315e+24,1.935342609258361e+25,3.2395008691680234,0.0101967471509924,9.73022930748296e-06,-5.011876924808623,0.0463558529200036,1.3952441082091482,8898866.922157947,0.1244736043495488,0.0072920939125481,-0.0074871773743874,-0.904922734517758,0.0247251023299884,0.0269417886226992,1631.1509659089313,3.2124941576234116,0.6719970014127626,0.07015433240875753,0.9978399357835925,B,37.656376379078154
D25-3132,303795015107.8133,14998386111.476318,19812224026886.742,0.6278114947552014,1.823694957374766e+25,8.220745607962846e+24,8.319683006583235e+23,1.9068917874405985e+25,3.191878054702886,0.0100468481951559,9.58718847380894e-06,-5.018308734782607,0.0463849906802753,1.3903102409033896,8867398.71648182,0.1240334403357273,0.0071751698753909,-0.0073292647653255,-0.9064612100365114,0.0244235454151853,0.0264523949743095,1618.5991153322313,3.209139298686933,0.7779254376426961,0.04362954972788356,0.8207446290076336,B,39.549940700510376
D25-5112,814637466729.5358,15030571982.939798,49835426967274.4,1.5791893859886177,1.632066830990496e+25,7.973836677832746e+24,3.213788231259575e+24,1.9534456541164537e+25,3.2698029093710517,0.0102921267340171,9.821245118735311e-06,-5.007833449696034,0.0462856636986032,1.3983716078588555,8918814.114923783,0.124752617284784,0.0073581491565882,-0.0075662913462876,-0.9039503341982348,0.0248885463286123,0.0271727274637048,1639.0523775209342,3.2145928320969532,0.5317000553374233,0.16451894755747257,0.9553129893256435,B,35.54613819334237
D25-5208,992330429170.297,14990225799.680208,53508291424780.64,1.6955754374471013,1.546133677703418e+25,7.729961217112709e+24,4.140570762685888e+24,1.960190753972007e+25,3.2810932911050967,0.0103276646679241,9.855157134097571e-06,-5.0063364467851015,0.0464102415331756,1.399358661635982,8925109.543914292,0.1248406750953154,0.0074038115390003,-0.0075858692832711,-0.9036438914855776,0.0250214665277327,0.0272254567445333,1642.3924864807539,3.215476949582572,0.5075144096963992,0.21123305241062362,0.9998170645316864,B,35.2146461576499
D25-6427,296326408643.22253,14993844955.360262,17034241533029.9,0.5397825415440306,1.8791692534230097e+25,8.449406262369918e+24,8.354337536044226e+23,1.962712628783452e+25,3.285314567278383,0.0103409516795756,9.867836243255165e-06,-5.005778066239533,0.0463990392105054,1.3996726799486263,8927112.35271234,0.1248686895416597,0.0074246828105443,-0.007591290324097,-0.903546446045118,0.0250845334452832,0.0272392276092717,1643.7676883771467,3.215840439247221,0.8058053905035747,0.04256526102459785,0.8169766374925721,B,39.66271722206176
D25-7438,284352613814.8532,15046427040.697369,15887795567324.389,0.5034538611087152,1.8485543149632631e+25,7.9935412858131e+24,7.07339031043412e+23,1.9192882180676043e+25,3.212627997167159,0.0101121613175321,9.649513414115658e-06,-5.015494585816052,0.0462368905334323,1.3924139122191064,8880815.93213346,0.1242211147000148,0.0072328498024721,-0.0073765141070474,-0.9058045779250088,0.0245782663939415,0.026586773698126,1624.202532919769,3.210640183430484,0.8176004211370473,0.03685423712732326,0.7618699833992514,B,40.086302496147376
D25-7874,369537507319.5675,14976760485.84665,26232714119882.008,0.8312645486311382,1.8236118741282988e+25,8.675055920793486e+24,1.1996429694383844e+24,1.9435761710721375e+25,3.2532827342106683,0.010240127350222,9.771624791715122e-06,-5.0100332173040165,0.0464519680779732,1.3966847559811228,8908055.373647602,0.124602128540922,0.007333845711513,-0.007512544382492,-0.904474538690644,0.0248377670584941,0.0270071976948134,1634.7128386121665,3.213441473473789,0.717124495579936,0.061723486184574065,0.9073317562774204,B,38.33490601185224
D25-7993,301684167475.1372,15033525669.250412,19559336720457.51,0.6197979795820187,1.819366767762683e+25,8.231916208611906e+24,8.131064605024852e+23,1.9006774138129317e+25,3.181476036645796,0.010014106500595,9.555944765273664e-06,-5.0197263691990734,0.0462765698017854,1.389153756038509,8860022.65601361,0.1239302671069995,0.0071567939091198,-0.0073058963487114,-0.9068226142675136,0.0243824409185409,0.0263880721885666,1616.0115957011358,3.2084444727324715,0.7804230052827292,0.04277982442435193,0.8263522970048485,B,39.594581853201134
D25-8415,315244632764.54834,14976229855.922235,19742323994041.098,0.6255964963761851,1.872574731184877e+25,8.573948924629766e+24,9.678513333064594e+23,1.969359864515523e+25,3.296441137751537,0.0103759739963936,9.901256231852803e-06,-5.004309700356991,0.046453613939752,1.4006254011948571,8933188.8088208,0.1249536844516981,0.0074751456639813,-0.007614299805238,-0.9032509335075204,0.0252334759915002,0.0273052601419736,1647.091705116438,3.2167177800545668,0.7786149844999724,0.04914547872867095,0.8445743894425907,B,39.18247162308033
D25-8993,272893378124.40195,15057833535.134169,12859688761393.465,0.4074989467321173,1.8499251728159992e+25,7.337192861568293e+24,5.9799878372427775e+23,1.909725051188427e+25,3.1966205536949333,0.0100617758229105,9.601433138202248e-06,-5.017663938047952,0.0462018655191489,1.390834432115181,8870742.008030627,0.124080204890486,0.0071893965659423,-0.0073330946825575,-0.9062974980544288,0.0244616647515275,0.0264563624828637,1619.7823839499765,3.209456671457423,0.8495915463535105,0.031313344470825344,0.6573332885323406,B,40.69168551648768
D24-1558,604416675109.864,14972708387.549028,33985124612628.43,1.0769236130956863,1.7789816930966398e+25,8.21375154293353e+24,2.329633568455539e+24,2.0119450499421935e+25,3.3677229586257464,0.010600342728884,1.0115359728216155e-05,-4.99501866798944,0.0464645394802805,1.407821435651449,8979085.116584942,0.125595662683726,0.0076212223578221,-0.007821537284782,-0.9010253582504868,0.025584632751608,0.0279247539364425,1665.5499505871421,3.2215576619080513,0.6500087561141928,0.1157901190453722,0.8577376208393678,B,36.889339621800396
D24-1996,411199948741.3183,15026102039.282324,26517949642447.24,0.8403031169178657,1.8677142582402752e+25,9.329729565044196e+24,1.567512971544117e+24,2.024465555394687e+25,3.3886805855088324,0.010666309564777,1.0178308473578114e-05,-4.9923243911181885,0.0462994326926072,1.4097524513740702,8991401.13486382,0.1257679339627345,0.0076690780910489,-0.0079325034814648,-0.9004300733438755,0.0257063819441746,0.0282940339217504,1671.3267682421754,3.2230613689660794,0.7145364653272949,0.07742848315532426,0.9981081982489143,B,37.74769677265911
D24-3734,344848636307.5743,15059106867.702044,18579436233367.133,0.588746806898089,1.938229049853601e+25,8.960675499296293e+24,1.2512840740733254e+24,2.0633574572609338e+25,3.453780350943948,0.010871219479773,1.0373843425142956e-05,-4.984060311201657,0.0461979588903841,1.4158256740970625,9030136.149391064,0.1263097430396557,0.0078472123209797,-0.0081053819143527,-0.8985631483745156,0.026176341941839,0.0288033515801299,1688.8520250738432,3.2275915989438917,0.7901766722540216,0.06064310716837112,0.8598164008121578,B,38.69585570372756
D24-4117,591479592850.171,15078667885.70288,33596145286007.27,1.0645976020358732,1.778861453313528e+25,8.155559522984515e+24,2.2129769096786032e+24,2.0001591442813886e+25,3.3479949520963284,0.0105382462817776,1.0056104295029608e-05,-4.997570231093682,0.0461380279261698,1.4057646589399644,8965966.994719094,0.1254121719174046,0.0076050058535811,-0.0077728934648799,-0.9016603108735,0.0255680400317578,0.0277873370542017,1660.6419479893334,3.2202760040498366,0.6532214756561157,0.11064004161897203,0.8466223346997032,B,36.92095477806487
D24-4125,757562351848.78,15037370868.141691,38448747812643.16,1.2183672970264898,1.7058310964747566e+25,8.242243461658773e+24,3.2359669245762386e+24,2.0294277889323804e+25,3.396986690991899,0.010692454103964,1.0203256857377478e-05,-4.991261180255627,0.0462647364423202,1.410650159511256,8997126.717362791,0.1258480210004307,0.0076853399942833,-0.0079592339704426,-0.9001536094787517,0.0257433896805789,0.0283738913005134,1673.2916817442147,3.223571652098394,0.614253899744507,0.15945218362652763,0.9349115644555837,B,36.219422079213196
D24-4705,415181005847.05365,15101474016.36914,26776425785815.555,0.8484937316467525,1.877431429250347e+25,9.387134183071748e+24,1.616628453575094e+24,2.0390942746078564e+25,3.4131670761070207,0.0107433839547305,1.0251856584252672e-05,-4.989197477897795,0.0460683506289452,1.4119944745231154,9005700.75850843,0.1259679510785602,0.007735761453542,-0.0079739764385678,-0.8997399345664422,0.0258834009893915,0.0284002348004372,1678.0620069464007,3.2248080046316066,0.7121992988250293,0.07928169254881519,0.9999951075446045,B,37.5526949937419
D24-4712,992562936418.095,14983851143.75021,41244134610454.01,1.3069477593496972,1.5634845856797211e+25,7.817316809779315e+24,4.3504827489172294e+24,1.998532860571444e+25,3.345272773880091,0.0105296778744543,1.0047927906342102e-05,-4.99792348964889,0.0464299860780569,1.4055534723032843,8964620.046350347,0.1253933313706477,0.0076007882239997,-0.0077649129868532,-0.9017255594059342,0.0255579982372716,0.027762183001285,1659.7903778358077,3.2200532425594957,0.5928706074317874,0.21768382370622058,0.9999728511096916,B,36.14207265648552
D24-5158,318780648260.51917,15008818576.956884,17532091449778.77,0.5555584534241758,1.8978223397727917e+25,8.736591884053176e+24,1.0259570650027957e+24,2.000418046273071e+25,3.348428318893025,0.0105396103597105,1.005740596416828e-05,-4.997514019351653,0.0463527489810631,1.4057874501505183,8966112.357060006,0.1254142051846361,0.007608198318001,-0.0077735106935695,-0.9016532698537392,0.025578060431275,0.0277891504490425,1660.8030500702694,3.220318133752342,0.8007364747446288,0.051287133052725184,0.8530468873428986,B,39.31884160231015
D24-5381,300661885541.15234,14965241209.458485,13770473654642.145,0.4363599784090724,1.976489896025803e+25,9.006966206363232e+24,9.93866618385774e+23,2.0758765578643807e+25,3.474735626300393,0.0109371789139324,1.0436785107412674e-05,-4.981433258530034,0.0464877238036294,1.4178711136762936,9043181.9630274,0.1264922223889022,0.007881208368573,-0.0081380574436769,-0.8979361770764983,0.0262495825791655,0.0288802773385701,1694.2001233287197,3.2289647090194804,0.8398399077137823,0.04787696140315028,0.8372394968821825,B,39.5707552113837
D24-6056,287447602083.43823,15001446434.642923,11666098477093.262,0.3696763529892407,1.9655873823640907e+25,8.410583549280871e+24,8.342833709427232e+23,2.049015719458363e+25,3.4297742282788706,0.0107956571098965,1.0301738157156174e-05,-4.987089492928297,0.0463755280553091,1.4135224676501703,9015446.298672786,0.1261042675917975,0.0077856912759305,-0.0080379850333466,-0.899270215883641,0.0260182240244475,0.0286038948815979,1682.5832151544396,3.225976552235502,0.8625427714702846,0.04071629919770736,0.747920537761264,B,40.08746290307546
D24-7136,288978940513.5919,15071623094.094149,11059769025862.564,0.3504629320944104,1.9898574138629548e+25,8.517659144816155e+24,8.622396543065827e+23,2.076081379293613e+25,3.475078469575195,0.0109382580573952,1.0437814878298707e-05,-4.9813904099184105,0.0461595938046388,1.417906408903503,9043407.075986542,0.1264953711742089,0.0078821590290068,-0.0081385765579186,-0.897925366269026,0.0262520209646093,0.0288814388113864,1694.2829327144711,3.2289859360161595,0.8691972687711069,0.04153207397871657,0.748416023619042,B,39.941369217809516
D24-8549,685605140038.4938,14984090588.324724,36170192260535.695,1.1461642286021654,1.7655148719532317e+25,8.361730910977208e+24,2.9520783532881714e+24,2.060722707282049e+25,3.4493701370594367,0.0108573377622868,1.0360596818914272e-05,-4.9846152264734505,0.0464292441305763,1.4154051498644658,9027454.045835562,0.1262722269042069,0.0078353943268738,-0.0080996382963356,-0.8986921603600597,0.0261456195282402,0.0287910906491655,1687.6978908410085,3.2272947076431864,0.6322529728409231,0.14325451662449817,0.8997476583135828,B,36.33864846998387
D24-8830,391863140198.4284,15094944474.055098,23833140811646.57,0.7552266589235738,1.8909799214495016e+25,9.297064766615186e+24,1.4881763915252584e+24,2.0397975606020275e+25,3.414344281413457,0.01074708936039,1.0255392461548656e-05,-4.9890477150495345,0.0460882781778863,1.4121540106406991,9006718.27986638,0.1259821837389691,0.0077350720212311,-0.0079783768024629,-0.8996908679851567,0.0258783230995888,0.0284131136506827,1678.261509743763,3.224859634317297,0.7392710369000982,0.07295706300805835,0.9671613022313055,B,37.976044285793904
D25-0836,444637200019.09674,15000199491.2132,33044507760108.043,1.0471172636736648,1.8461268888086548e+25,9.230461517898532e+24,1.7368061172049867e+24,2.019807500529154e+25,3.380883633840771,0.010641767652946,1.0154889394314498e-05,-4.99332480251033,0.0463793831813721,1.408982991473474,8986493.519617816,0.1256992883066331,0.0076641312908095,-0.0078860604288404,-0.9006671812271452,0.0257039040193458,0.028138763705367,1669.3029979343298,3.2225351733404786,0.6578048938908293,0.08598869529645645,0.9999625328234452,B,36.93634166962007
D25-2471,281509697471.26276,14962930982.741774,12875177358225.076,0.4079897507486335,1.9205869857015904e+25,7.997749072261257e+24,7.323990421986287e+23,1.993826889921453e+25,3.33739561769183,0.0105048835085429,1.0024267923184782e-05,-4.9989473342719135,0.0464949013533792,1.4048602024724448,8960198.371369254,0.1253314828424055,0.0075604228040532,-0.007759271204101,-0.901939822004222,0.0254383511777019,0.0277554902541021,1657.5167396207582,3.2194579231330485,0.849424769547652,0.036733331559565915,0.7135673522665675,B,40.25538655357249
D25-2740,765684163102.7864,14991110916.746267,46885643020704.77,1.4857163732573064,1.7070714049364325e+25,8.264869137347802e+24,3.3339715298928244e+24,2.040468557925715e+25,3.4154674398676224,0.0107506246466054,1.0258766002643112e-05,-4.98890487611246,0.0464075013428689,1.4122024122679222,9007026.985444808,0.1259865017826443,0.007743672346921,-0.007976863176557,-0.8996759827819653,0.025905392881997,0.0284065368400127,1678.6985018652103,3.224972702847989,0.5519562189742737,0.1633924481189776,0.9385662840904112,B,35.337085955909295
D25-3397,272666786829.48016,15009555968.966251,9982073203186.828,0.31631281222864943,1.93901820762618e+25,7.119195673606886e+24,6.39838949458766e+23,2.0030021025720565e+25,3.3527536784373746,0.0105532249872078,1.0070397700211446e-05,-4.996953377947204,0.0463504717553556,1.406279228878028,8969248.921784064,0.125458078131596,0.007616146216526,-0.0077975306105888,-0.90150136962218,0.0255953130950979,0.0278677653779061,1661.7855363680305,3.220574974693674,0.8811520104167738,0.0319439978938189,0.5801649060638351,B,40.69607258623022
D25-4746,388005731939.77167,14966358507.91723,27253143567557.543,0.8636000065771017,1.8683522305025912e+25,9.169884960790822e+24,1.4232941681153702e+24,2.0106816473141284e+25,3.365608194091474,0.0105936862345317,1.0109007779357109e-05,-4.995291469245498,0.0464842533093119,1.407640039197377,8977928.170000868,0.125579479801948,0.0076158995951421,-0.0078225241700157,-0.9010813202871568,0.0255704795271969,0.0279321103802835,1664.933089511559,3.2213967847253335,0.7079088031955554,0.07078664939408029,0.9638674072800801,B,37.78363191332754
D25-4757,531065067213.7893,15076970170.360403,35235157261817.87,1.1165347574536044,1.8452388338458575e+25,8.52466668493484e+24,2.105066455002264e+24,2.055745479346084e+25,3.4410389329886577,0.0108311142220552,1.0335573048497155e-05,-4.985665439220458,0.0461432232165363,1.414677874018014,9022815.480486894,0.1262073446048074,0.0078031755399458,-0.0080590160110612,-0.8989153706978645,0.0260542635513142,0.0286570471140898,1685.3531440987235,3.226690915571789,0.6397908819458539,0.1023991771428761,0.8586730150627363,B,36.40100471068452
D25-5031,588503589009.6691,15092861774.320251,38487280760035.78,1.2195883324472008,1.8054853895131563e+25,8.316166838837177e+24,2.320903524538913e+24,2.0375757419670477e+25,3.410625258556874,0.0107353832558853,1.024422193045273e-05,-4.989521021561773,0.0460946380085252,1.4118372903139842,9004698.23762259,0.1259539282384405,0.0077325435254846,-0.007975709054433,-0.8997882832220446,0.0258757448180912,0.0284098803304496,1677.1857286077734,3.224581158278834,0.6139539626896638,0.11390514113101603,0.8539310063836794,B,36.128041098004076
D25-5925,501719776045.8169,14998796047.45681,34419026456570.492,1.0906731328291914,1.8437900368838972e+25,8.677571098181066e+24,1.9582377600059536e+24,2.0396138128844925e+25,3.414036712671977,0.0107461212480742,1.0254468641953203e-05,-4.9890868386448455,0.0463837229200781,1.4120910307953187,9006316.594412543,0.1259765651319384,0.0077371525037382,-0.007976308990743,-0.8997102372671583,0.0258862009082022,0.0284068127098774,1678.2600218525633,3.224859249285989,0.6464436455246335,0.09601022250562943,0.8890654052285006,B,36.65456752780227
D25-7215,541717226529.3629,15034080695.723774,36607134096582.07,1.160010079872426,1.7945183166324783e+25,8.137176127754162e+24,1.9401072849679432e+24,1.988529045129273e+25,3.328527744516877,0.0104769707330309,9.997632202761552e-06,-5.0001028443036954,0.0462748613686689,1.4038045632766347,8953465.504578376,0.1252373063360708,0.0075622058616303,-0.0077302412680932,-0.902266281968259,0.0254627617424586,0.0276697388470131,1655.599677112443,3.21895533302934,0.6287610193296431,0.09756494579347814,0.8296462365651035,B,36.673361515392195
D25-7624,889967504928.7756,14998746951.284525,50480682749255.78,1.5996363078705536,1.643841781997388e+25,8.13293319108084e+24,4.096966058803304e+24,2.0535383878777186e+25,3.4373445614102613,0.0108194857106307,1.0324476560471185e-05,-4.986131957362747,0.0463838747503116,1.4142616489813054,9020160.797202766,0.1261702120125715,0.0078017979013704,-0.0080531164853134,-0.8990431671647082,0.0260572400841896,0.0286440736143238,1684.5348119120029,3.2264799903631873,0.527369138464816,0.1995076441223686,0.9792243986326902,B,34.93332460677503
D25-7732,655395171426.7352,15027468584.132446,41469196445508.86,1.314079538542502,1.7918340004171894e+25,8.434311904256465e+24,2.831529795055203e+24,2.07498697992271e+25,3.4732465935568104,0.0109324919911628,1.043231261901815e-05,-4.981619407168113,0.0462952223859307,1.4177263520055718,9042258.673091536,0.1264793077979569,0.0078763150560434,-0.0081302512615256,-0.8979805198970862,0.0262363665007747,0.0288546799641745,1693.8199589435396,3.2288672460225776,0.5911817286144423,0.13646012348283137,0.8893174730610167,B,35.64697328430097
D25-7992,395595087558.6495,14997854900.792202,27440945713781.07,0.8695510974782958,1.8769750334510663e+25,9.272207355969128e+24,1.4839708464252962e+24,2.025372118093596e+25,3.390198048430913,0.0106710859752033,1.0182866355422806e-05,-4.992129956073649,0.0463866335953985,1.4099129595368771,8992424.855926204,0.1257822533419991,0.0076733419377992,-0.0079367011756373,-0.9003806293146561,0.0257174161170898,0.0283061750516321,1671.6945090488614,3.2231569159521807,0.7062256754245828,0.07326904686641486,0.9762743245193495,B,37.63969283464005
D25-8659,901138400128.1418,14996331214.03535,51526547107899.016,1.6327777495088034,1.6073083936234811e+25,7.958534997548457e+24,3.8386261325408334e+24,1.9911710068775644e+25,3.3329500299246164,0.0104908904471947,1.001091506725774e-05,-4.999526223170323,0.0463913466614341,1.4043077842061735,8956675.047666976,0.1252822000736722,0.0075711248817983,-0.0077287569984192,-0.9021106285981846,0.0254830566839127,0.0276540175096827,1656.6114068065222,3.219220647422565,0.5204241640549491,0.19278234362001573,0.9807735534880939,B,35.199941241718086
D25-8716,523920812178.6714,15076825263.4981,35203358385755.84,1.1155271118765635,1.8304202583290144e+25,8.415853004336573e+24,1.990230401812251e+24,2.02944329851024e+25,3.3970126519203236,0.0106925358193374,1.0203334834138964e-05,-4.991257861242071,0.0461436667097503,1.4106531375428586,8997145.711248351,0.125848286678906,0.0076853729281731,-0.0079593010728232,-0.9001526926381601,0.0257434440246895,0.0283740766005426,1673.2974045858775,3.2235731374307672,0.64004880690272,0.09806780033091962,0.8510877307825898,B,36.55553240710765
D24-0399,300733260567.0839,15002625260.434916,11604130123493.742,0.3677126943586883,2.05647890112936e+25,9.21964335731871e+24,1.0731022854247688e+24,2.1637891296718366e+25,3.621889340282944,0.0114003642237715,1.0878778932487868e-05,-4.963419848446924,0.046371884115156,1.4299239681149245,9120055.068636987,0.1275674910288841,0.0083329839589708,-0.0085685102700162,-0.894259986003352,0.0274809606478692,0.030196772374664,1736.3038848806684,3.2396257369562975,0.8632205334370333,0.049593662834766024,0.8126509468028305,B,39.42108678344711
D24-0479,861558327629.1176,15009061723.247969,38868932448720.98,1.2316821446726296,1.7115966643365668e+25,8.444049852465033e+24,4.494879629493058e+24,2.1610846272858727e+25,3.617362370335564,0.0113861150015061,1.0865181635424197e-05,-4.963963009094668,0.0463519980681011,1.4296157055481444,9118088.969986064,0.1275399900686239,0.0083115218236036,-0.0085600165314337,-0.8943536211667187,0.0274180972132156,0.0301725108374896,1734.8816226750507,3.239269846635287,0.610991117310819,0.2079918376513659,0.973723578773876,B,35.47779117132824
D24-0620,596113074017.5698,15023834028.358587,32630689416836.73,1.0340041516730274,1.8337129750740991e+25,8.519206963758471e+24,2.5434029313460844e+24,2.088053268208708e+25,3.49511778683122,0.0110013343951986,1.049800537058174e-05,-4.9788932093909475,0.0463064220948404,1.4195249273051334,9053729.98635214,0.1266397636987654,0.0079222957641496,-0.0082250825608545,-0.8974299085090768,0.0263525338604702,0.0291645416215918,1700.1695003503926,3.2304922210237237,0.6612643063913606,0.1218073777173324,0.8677198984548948,B,36.5736408053971
D24-0705,292508762804.2138,15056424846.619549,10510409748257.434,0.3330547870642075,2.039672387802754e+25,8.814154575629058e+24,9.514134613084965e+23,2.1348137339336036e+25,3.5733884602684935,0.011247701443275,1.0733100723648084e-05,-4.9692747950298015,0.0462061881945499,1.426397974442133,9097566.280991925,0.1272529273344139,0.0081393381944653,-0.0084975643626468,-0.8953322183384749,0.026926073721048,0.0300145502576467,1721.5326152919008,3.235915255043666,0.8752708349805298,0.04456657956548855,0.7609844021225801,B,39.718464374783984
D24-0873,690231842076.1873,14996481924.425394,36003798083212.13,1.1408915152993933,1.775967007900423e+25,8.459428280225622e+24,3.080325788353604e+24,2.0839995867357836e+25,3.4883324741986934,0.0109799767478176,1.0477624870466485e-05,-4.9797371546190154,0.0463908804415577,1.4190625519044655,9050780.956046682,0.1265985139043065,0.0078920287595398,-0.0081852408177541,-0.8975713923198274,0.0262631382693128,0.0290282219726245,1697.9748114041151,3.229931243417157,0.6335878555010579,0.14780836848333492,0.9095922948300754,B,36.21484429555199
D24-2453,354460924876.72894,14964473469.261845,19010963810887.76,0.6024210906687378,1.956305831772855e+25,9.115351372565392e+24,1.361791505317501e+24,2.092484982304605e+25,3.5025358747691824,0.0110246837845342,1.052028648720264e-05,-4.9779724333650615,0.0464901088186644,1.4201465418946149,9057694.644203853,0.1266952196637925,0.0079399618695149,-0.0082591150089279,-0.8972397711686678,0.0263983314229617,0.0292761137574127,1702.2867641273256,3.231032722368792,0.785866430874691,0.06508010890561622,0.8724738758857905,B,38.56037454681711
D24-3124,462024678564.68695,15024849905.80468,28214518957280.266,0.8940641543488815,1.9220091941789095e+25,9.610018203786968e+24,2.11650939269574e+24,2.1336601334484836e+25,3.571457489619503,0.0112416234639013,1.072730082176211e-05,-4.969509540445972,0.046303291171729,1.4262705754435312,9096753.730178842,0.1272415617157002,0.0081289377443727,-0.0084802422659754,-0.8953710091626886,0.0268950404422609,0.0299539768328782,1720.9097347044153,3.235758091275923,0.6993348137917136,0.09919618216210357,0.999994221249839,B,36.886459914548254
D24-3884,464912437593.1352,15033877334.161116,27989808606764.27,0.8869435130290095,1.930450142458e+25,9.6522226364648e+24,2.1640182082441172e+24,2.1468519632824117e+25,3.5935388224070364,0.0113111273091802,1.079362475255109e-05,-4.966832684541068,0.0462754873234982,1.4280041568830852,9107810.512600318,0.1273962193336361,0.0082120060213867,-0.0084934472823061,-0.8948434601239235,0.0271294927077614,0.0299645601727539,1727.3480303262247,3.2373798491032963,0.7013295381351065,0.10079960077617366,0.9999941825498794,B,36.838270850886495
D24-4009,977373541714.7312,15002170571.595123,39883344760416.69,1.2638269310852754,1.6433373036559445e+25,8.21658318852712e+24,5.257886853190454e+24,2.16912598897499e+25,3.630822518454337,0.0114284825551896,1.0905610804298592e-05,-4.962350005325296,0.04637328956366,1.4307266885100574,9125174.819317143,0.1276391039461358,0.008361398073481,-0.008558505974806,-0.8940162533081624,0.0275567647956376,0.0301427398723667,1738.6337855561453,3.2402081146875465,0.6031853362983411,0.24239656340455554,0.9999748491188132,B,35.33292361294972
D24-4182,872083533495.8472,14960066046.049576,39227700398985.42,1.2430508149854684,1.6930975753848774e+25,8.374793385714324e+24,4.449921296274651e+24,2.1380897050123423e+25,3.5788719912496103,0.01126496156487,1.0749571166477338e-05,-4.9686088607481285,0.0465038053881927,1.4266660847638477,9099276.28862382,0.1272768462013067,0.0081705052049223,-0.0084673017598039,-0.8952505946306376,0.027021111708161,0.0298980747260649,1723.5264072948592,3.2364179419096644,0.6082189625999217,0.20812603352622025,0.978800243541364,B,35.59255268340002
D24-4911,284869395608.688,15006553240.071257,7483957363756.935,0.23715229813917835,2.087715617392752e+25,8.084443565211312e+24,8.726598147385278e+23,2.174981598866605e+25,3.640624014707584,0.0114593340298556,1.0935050773587758e-05,-4.961179196107112,0.0463597462302207,1.431554670884518,9130455.690901456,0.1277129705547677,0.0083691240714545,-0.0085711004903556,-0.8937649934624514,0.0275659789406328,0.0301705939853902,1741.3112434269933,3.240876404214308,0.9094994195284439,0.04012262978193819,0.6319569439637878,B,40.15918625900411
D24-5666,391929377300.6545,15083629678.151148,22809727236958.996,0.7227966396988046,1.9318695679393215e+25,9.469591941636353e+24,1.5895758589216264e+24,2.090827153831484e+25,3.4997608949005454,0.0110159491771943,1.0511951502420736e-05,-4.978316651425813,0.0461228507225771,1.4200140324353188,9056849.498872465,0.1266833981266779,0.0079236582254644,-0.0082528040670251,-0.8972802957274087,0.0263481227362589,0.0292557965229252,1701.2555437889787,3.2307695534255214,0.7489233359732091,0.07602617251305044,0.9614673775172415,B,37.839650106348834
D24-5953,388481854892.4841,14993853841.86021,22068544108415.0,0.6993099636352258,1.9424013729390596e+25,9.46609036730058e+24,1.5883360223946486e+24,2.1012349751785244e+25,3.5171821753180748,0.0110707849061039,1.0564278407131847e-05,-4.97616016207626,0.0463990117109003,1.421526062940054,9066493.229431665,0.1268182905700171,0.0079793422768869,-0.0083502731602412,-0.8968181051232905,0.0265003708348027,0.0295807743803147,1706.0889163145741,3.232001661566839,0.7559923775539037,0.07559059510989251,0.9506088792908517,B,37.986958135498796
D24-6354,393105676121.06384,15042068878.80704,22527866897051.69,0.7138650244965299,1.9429882287263232e+25,9.524028576364876e+24,1.625775248041488e+24,2.105565753530472e+25,3.5244313105193528,0.0110936024948918,1.058605205394908e-05,-4.975265974817898,0.0462502868192672,1.4219185365566154,9068996.426158093,0.1268533042320552,0.0080074571240467,-0.0083533806187437,-0.8966982159388289,0.0265838230948178,0.0295837136671835,1708.6616437979383,3.2326560704562772,0.7516037592451931,0.07721322619896798,0.9614545958705814,B,37.84477209787318
D24-6357,298350013958.9245,15086394058.68576,10961154917518.637,0.3473380395695058,2.060689696252956e+25,9.114164114913732e+24,1.039264103112769e+24,2.164616106564233e+25,3.623273587366062,0.0114047213201487,1.0882936684586393e-05,-4.963253897485405,0.0461143993252291,1.430034749212402,9120761.6304767,0.1275773741184566,0.0083397622386208,-0.0085625399437265,-0.8942263410286422,0.0275005568203206,0.0301725631358245,1736.6983751756247,3.239724397968397,0.8702844072869066,0.048011474180626484,0.793037151020566,B,39.42964700628343
D24-7299,686466656679.2546,15045337419.14718,35899614341554.58,1.1375901317449546,1.7794889530903837e+25,8.453609196797343e+24,3.0524014540807055e+24,2.0847290984984543e+25,3.489553577882318,0.0109838203292858,1.0481292601802185e-05,-4.979585154831949,0.0462402391264837,1.4191295454804258,9051208.241074156,0.1266044905873966,0.0078998337984852,-0.0082017296297534,-0.8975508898736436,0.0262871372361261,0.0290872805883667,1698.4088270984967,3.2300422383118557,0.6344250947995764,0.14641717507944924,0.9049732900030714,B,36.18491668375945
D24-8114,880544065063.4114,14960791885.877493,39633814014947.96,1.2559197789105623,1.67311367681115e+25,8.272519939451924e+24,4.31657109727883e+24,2.104770786539033e+25,3.5231006436661527,0.0110894140492046,1.0582055236495892e-05,-4.975429975856055,0.0465015492032021,1.421857237149037,9068605.458536558,0.1268478355415509,0.0079918469602233,-0.0083548973871756,-0.8967169389300756,0.0265346601752587,0.0295905926813964,1708.1638058677645,3.232529515400614,0.6050961478183708,0.20508509168244193,0.9779991347312108,B,35.72801613971747
D24-8198,393474149962.9541,14984098758.916777,21319665563410.94,0.6755794345390949,1.9879222451744632e+25,9.715187139849786e+24,1.743956191901538e+24,2.1623178643646172e+25,3.619426641834249,0.0113926125625111,1.0871381922396266e-05,-4.96371524679461,0.0464292188134438,1.4297278194898404,9118804.032706205,0.1275499920649331,0.0083234471244977,-0.0085581391541095,-0.8943195640722691,0.0274541323510855,0.0301632086276153,1735.5994136902295,3.2394494947464456,0.7632025834611172,0.08065216593000715,0.9558395697897883,B,37.777806567517295
D24-8363,333368494472.4327,15042849086.10517,16185493660889.988,0.5128873444396909,2.0153557995118188e+25,9.468235710769618e+24,1.3269237071476015e+24,2.148048170226579e+25,3.595541110486055,0.0113174297693708,1.0799638864889787e-05,-4.966590766884149,0.04624788801761,1.42809277568431,9108375.72331453,0.1274041252631697,0.0082260478291297,-0.0085074995626267,-0.8948165095985835,0.0271728256029459,0.0300139609335151,1728.0960030464964,3.2375678657095355,0.8145211065456766,0.061773461393448914,0.8860973453873553,B,38.628433649621
D24-8390,365486331277.3724,15004856043.457815,18652018954497.78,0.5910468145390582,2.0054410075002466e+25,9.480864143711789e+24,1.5480163743227096e+24,2.1602426449325175e+25,3.615953006147296,0.0113816788457983,1.0860948441088576e-05,-4.964132247975,0.046364989972918,1.4296208913280664,9118122.044890407,0.1275404527064623,0.0083040034066108,-0.0085549940542048,-0.8943520458122294,0.0273939651312526,0.0301540651730868,1734.1931124752343,3.2390974570459763,0.7894500416029236,0.07165937483708304,0.8966589075529263,B,38.19127321775686
D25-1996,411199948741.3183,15097231854.533388,26517949642447.24,0.8403031169178657,1.9704932205901262e+25,9.79617383578625e+24,1.8463582043771047e+24,2.1551290410278366e+25,3.607393527213412,0.0113547367809685,1.0835239019747796e-05,-4.965161503927681,0.0460812953462787,1.429079488868073,9114668.980000569,0.1274921526884206,0.0082733089691021,-0.0085325981016553,-0.8945165458104132,0.0273058465402818,0.0300841247758247,1731.3991544554774,3.2383972010896627,0.7145364653272949,0.08567274484392493,0.9886378767022598,B,36.935922980836175
D25-2001,898612267746.4282,15021078099.221811,50234787890208.9,1.5918443699840576,1.657306957330132e+25,8.214111514014197e+24,4.348751039214023e+24,2.092182061251534e+25,3.502028826037853,0.0110230877832009,1.0518763505538132e-05,-4.9780353090685105,0.0463149179709039,1.4202650322491626,9058450.37568516,0.1267057905176125,0.0079236594623741,-0.0082640733589306,-0.8972035371893128,0.0263436087028737,0.0292917676806077,1701.7563456254916,3.230897378706633,0.5290153936638535,0.20785719941660424,0.9826716985244355,B,34.72722617846499
D25-3704,623143629205.7963,14965120547.614525,39719718232872.62,1.2586419193117544,1.8134162751084157e+25,8.455480704482148e+24,2.6676434479657896e+24,2.0801806199049945e+25,3.4819400420223534,0.0109598557423866,1.0458424433911486e-05,-4.98053373718935,0.0464880986281728,1.4184599630552173,9046937.644366177,0.1265447552784392,0.0078740107728856,-0.0081707243514254,-0.8977558497221136,0.0262157540322223,0.0289877136183893,1696.3035682796938,3.229503575651395,0.604437643723319,0.12824095284993212,0.87361901793754,B,35.84735939550498
D25-4028,432278965294.20264,15082366351.723484,30501912832527.133,0.9665472923329763,1.9108623616543643e+25,9.554147330061692e+24,1.8403620098999404e+24,2.0948985626443584e+25,3.5065758806942493,0.0110374002246804,1.0532421129433678e-05,-4.977471784342581,0.046126714056412,1.4205032500040304,9059969.728525706,0.1267270425855439,0.0079544481859691,-0.0083133942863835,-0.89713070009287,0.0264386149833991,0.029467538065786,1703.3944552800956,3.2313152292396774,0.6793499343602646,0.08784969557556427,0.9999655704394049,B,36.7523231914554
D25-4358,376286277684.8379,15047888648.115017,23569708969051.543,0.7468790075624111,1.9435702097621732e+25,9.308409943827342e+24,1.4937668569869923e+24,2.0929468954608723e+25,3.5033090547033447,0.0110271174681816,1.052260882584652e-05,-4.977876574040835,0.0462323995258396,1.4202303203310644,9058228.983071528,0.1267026937709328,0.0079420281450124,-0.0082640957320859,-0.8972141516720813,0.0264034853742524,0.029292590336731,1702.4616696447406,3.2310773426998454,0.7417436334285175,0.07137146481005487,0.9191410499932859,B,37.75187882264535
D25-4705,415181005847.05365,14983334411.355556,26776425785815.555,0.8484937316467525,1.982642839206619e+25,9.875357756363843e+24,1.930428683413432e+24,2.175685707547962e+25,3.641802597080717,0.0114630437700103,1.093859078706869e-05,-4.961038624329908,0.0464315873156207,1.431702898508684,9131401.086688386,0.1277261943530519,0.0083677195365537,-0.0085745845607572,-0.8937200275886253,0.0275587316070908,0.0301800581738195,1741.5142973402467,3.24092704424386,0.7121992988250293,0.08872736888036373,0.9923914840814355,B,36.90033475814558
D25-5158,318780648260.51917,15097539844.980743,17532091449778.77,0.5555584534241758,1.987873626569919e+25,9.351119060320008e+24,1.1759298229839966e+24,2.105466608868318e+25,3.524265355810516,0.0110930801310238,1.0585553589081542e-05,-4.975286424900436,0.0460803552859169,1.4219007111681998,9068882.735830778,0.126851713979617,0.0080069764174219,-0.0083554664400297,-0.896703660355054,0.0265825983139385,0.0295917420300827,1708.6240270145324,3.232646509206189,0.8007364747446288,0.05585126916907293,0.888246492809595,B,38.58151736264688
D25-5178,364200761813.4989,14975621837.1264,22015549085261.21,0.697630652687822,1.9664592953923723e+25,9.25727878588899e+24,1.4603526580629603e+24,2.112494561198668e+25,3.536029194199505,0.0111301083308675,1.0620887688278876e-05,-4.973839183630255,0.0464554999829973,1.423004367187275,9075921.85392044,0.1269501742001964,0.008043233900386,-0.0083957974461317,-0.8963666988538105,0.026679260715936,0.029715709385741,1711.6691664518705,3.233419827473884,0.756500366659448,0.06912929788724897,0.889497389664858,B,37.95251145213507
D25-5280,746344640288.2611,15015593231.680777,44850435810521.59,1.4212245484612769,1.7674460573317504e+25,8.542812834448176e+24,3.6123303994153783e+24,2.128679097273288e+25,3.5631199110730942,0.0112153798591848,1.0702257904843078e-05,-4.970524587532889,0.0463318357966817,1.425507394302662,9091886.160862377,0.127173476205203,0.0081296919900883,-0.0084527725479307,-0.8956034573894448,0.0269114233412691,0.0298700806058183,1718.7311203990046,3.2352079406425176,0.5663801294609,0.16969821350914566,0.9355171244818451,B,35.0295836327012
D25-5381,300661885541.15234,15079813147.359104,13770473654642.145,0.4363599784090724,2.0321755354985947e+25,9.150246501822514e+24,1.0448631053898894e+24,2.1366618460375837e+25,3.576481949110481,0.0112574385987227,1.0742392388323698e-05,-4.9688989881575605,0.0461345238963943,1.426496431370519,9098194.23928117,0.1272617109506122,0.0081575558320168,-0.0084783572717067,-0.8953022422547944,0.0269827002679629,0.0299421749446165,1722.7851109559201,3.2362311097485454,0.8398399077137823,0.04890165972344088,0.8190698877020038,B,39.07379385233868
D25-5926,922532269266.9192,14975273461.173466,50253614426303.59,1.5924409469130603,1.6635707263798912e+25,8.269065740382442e+24,4.750880109637937e+24,2.138658737343685e+25,3.579824474144965,0.0112679596277327,1.0752432063065286e-05,-4.9684932927616945,0.0464565806964225,1.4268307258620998,9100326.369548472,0.127291534291228,0.0081661004347145,-0.0084692462606375,-0.8952004787725939,0.0270039667383471,0.0299016103732998,1723.5872713738313,3.2364332781800114,0.5288891693733736,0.22214297338240854,0.988337520764941,B,34.50879302105667
D25-5978,665162358351.2587,14976943439.100887,41651088530512.76,1.3198433509047822,1.8004931054461768e+25,8.506462430145197e+24,2.988239798895586e+24,2.0993170853357353e+25,3.5139718880113406,0.0110606801124116,1.0554635924262118e-05,-4.9765567428216,0.0464514006365083,1.4211216270077176,9063913.737055223,0.1267822097165448,0.0079777725459914,-0.0083353834618291,-0.8969416830788024,0.0265026282249055,0.0295348884899349,1705.5020145396113,3.231852236732522,0.5898203143824251,0.14234342300023195,0.8955614601250789,B,35.533338905533085
D25-6056,287447602083.43823,15025128094.279612,11666098477093.262,0.3696763529892407,2.003861615711078e+25,8.435032052286726e+24,8.549779671260907e+23,2.089359412423687e+25,3.49730409498123,0.0110082160823165,1.0504572209269418e-05,-4.978621629211067,0.046302433871753,1.4197591759938408,9055224.024488715,0.1266606616752744,0.007924999288546,-0.008231215674488,-0.8973582475484766,0.0263570392639609,0.0291820547461559,1700.6716780001075,3.230620479282404,0.8625427714702846,0.040920578912476524,0.7269333316401749,B,39.80825219963599
D25-6081,810070237061.4785,14984328399.551737,47746598579361.58,1.5129984086039996,1.7082483435699215e+25,8.35167847172652e+24,3.824330021811561e+24,2.090681345751078e+25,3.4995168319625685,0.0110151809575926,1.0511218430121057e-05,-4.978346938890144,0.0464285072676872,1.419986491976017,9056673.845823037,0.1266809411657673,0.0079231818714521,-0.0082519901440157,-0.8972887187325465,0.0263470816285938,0.0292533987112737,1701.2028905886514,3.230756111971467,0.5459655702140013,0.1829226644023874,0.9565759979966766,B,34.98140861970854
D25-6214,574361978174.6562,15013860655.458628,36173113539318.94,1.146256798340778,1.8869068732480071e+25,8.788569568739406e+24,2.646523377328123e+24,2.1515592109808196e+25,3.6014181162010304,0.0113359284034816,1.0817291156263548e-05,-4.96588148074286,0.0463371824186381,1.4285432418501087,9111248.796519993,0.1274443126016896,0.0082474436279702,-0.0085242057462316,-0.8946795408209646,0.0272330043044123,0.0300651684113986,1729.829161960464,3.238003214295586,0.6322295622773745,0.12300490564336673,0.8718387280216933,B,35.81855674376287
D25-7136,288978940513.5919,15076399327.651396,11059769025862.564,0.3504629320944104,2.042411584224991e+25,8.53527895295245e+24,9.04458880112774e+23,2.132857472236268e+25,3.5701139436849587,0.0112373944796431,1.0723265320443782e-05,-4.969672948345169,0.0461449703527039,1.4261451848821969,9095953.989178652,0.1272303752752567,0.0081271847823968,-0.0084755839928822,-0.8954091918355394,0.0268917090505247,0.0299396674631829,1720.564859570198,3.235671048722428,0.8691972687711069,0.042405969076051896,0.7179237996473866,B,39.59841894618925
D25-7155,1039761255208.6588,14969569138.228706,52696189889313.18,1.6698414926773006,1.576509296045266e+25,7.881780024931563e+24,5.079123265035499e+24,2.084421622548816e+25,3.4890389048723107,0.0109822003295511,1.0479746719702445e-05,-4.979649213493976,0.0464742834998068,1.41907531285703,9050862.345402138,0.1265996523443481,0.0078988637119811,-0.0082021590588315,-0.8975674869342917,0.0262849796585706,0.02909000547435,1698.288128475952,3.2300113737711253,0.5127655288477313,0.24367062834556394,0.9998055499506271,B,34.58868923735879
D25-7538,816834704208.1656,15039953457.704916,46838688410652.58,1.484228471450699,1.7466297705816222e+25,8.564099870143978e+24,4.2804420030583446e+24,2.1746739708874568e+25,3.6401090872208104,0.0114577132291225,1.0933504127136536e-05,-4.961240626779911,0.0462567920809352,1.431521871757683,9130246.498070505,0.1277100444535123,0.0083668854091933,-0.0085698827544665,-0.8937749439332713,0.0275594461932304,0.0301668708716748,1741.1447372122418,3.240834874483149,0.552284819411763,0.19683143590078245,0.9620208434176262,B,34.59427462832473
D25-7790,580713101067.1437,15070689271.368484,36285730582196.945,1.1498254170848525,1.893959773289509e+25,8.88746164878105e+24,2.7529537408142725e+24,2.169255147370936e+25,3.631038712080171,0.0114291630525339,1.0906260167777455e-05,-4.962324146472925,0.0461624539842182,1.430748844322776,9125316.129090665,0.1276410805277606,0.0083617538724349,-0.0085586829367183,-0.8940095280036154,0.0275574874880775,0.0301429018994504,1738.6834608342572,3.240220522930824,0.6313277315818902,0.126907788793345,0.8841366227449315,B,35.672451291204894
D25-8323,471840520417.4922,15065030493.374662,32470170385050.13,1.0289176104979507,1.922374534623113e+25,9.611680524142076e+24,2.1903277586615584e+24,2.141407310489269e+25,3.584425212562801,0.0112824410457811,1.076625093257551e-05,-4.96793550215707,0.0461797936821937,1.4272896741670644,9103253.541837538,0.1273324783449552,0.0081726540920635,-0.0084813412244164,-0.8950608079177548,0.0270165529205221,0.0299358508408246,1724.6927076120623,3.236711727074957,0.6626110952750055,0.10228449991426956,0.9999600192098064,B,36.265002693054
D25-8830,391863140198.4284,15110447250.468697,23833140811646.57,0.7552266589235738,1.986803325924909e+25,9.692460339665454e+24,1.718118015139976e+24,2.158615127438907e+25,3.6132287627446464,0.0113731039380342,1.0852765849366048e-05,-4.964459566880779,0.046040993259046,1.4294076391162085,9116761.922283178,0.1275214278840035,0.0082922733444834,-0.0085501829112439,-0.8944168330349164,0.0273604179114539,0.0301411606877789,1733.4036734286228,3.238899712585571,0.7392710369000982,0.07959353167224584,0.95252232147161,B,37.28630286538966
D24-0060,394214731105.8215,15000212731.677307,19679422227858.246,0.6236032596857254,2.0568664095781788e+25,1.001759962935937e+25,1.935470507625283e+24,2.250413460340707e+25,3.7668867134356177,0.011856762172501,1.1314295929314769e-05,-4.946372466325,0.0463793422429821,1.4428300534295109,9202370.08077342,0.1287188787664832,0.0086625503550793,-0.008893198985558,-0.8903577519081729,0.0282857817559858,0.0310923466327394,1773.652971710315,3.248868650887863,0.7792360176222141,0.08600510713850146,0.9494397139965604,B,37.52802873216623
D24-1112,361369968299.29474,15084093966.921831,18084450566453.145,0.5730616576182328,2.024874560865082e+25,9.555479267292816e+24,1.5607914029614654e+24,2.1809537011612286e+25,3.650620503433478,0.0114907992684996,1.0965076426149967e-05,-4.959988336960509,0.046121431060136,1.4324743325281672,9136321.29286465,0.1277950161257854,0.0083901525071216,-0.0085626780705488,-0.8934860828855636,0.0276158958102294,0.0301198568927566,1743.85127097063,3.241509442207136,0.7951498726431558,0.07156462799418604,0.8935977990499866,B,38.08110134538733
D24-1993,524442889537.0257,15038897862.85651,29552536799081.38,0.9364633812166128,1.9649877259340353e+25,9.824903872970828e+24,2.8706738744744417e+24,2.252055113381479e+25,3.769634617825783,0.0118654115562775,1.1322549589650476e-05,-4.946055768550556,0.046260038890101,1.4429963554413687,9203430.75500505,0.128733715031123,0.0086768895800443,-0.0088883501790364,-0.8903076975833962,0.0283279481118287,0.0310710605266049,1774.537739462582,3.2490852400127537,0.6875743206732482,0.1274690773514908,0.9999929248257514,B,36.065437024837244
D24-2459,747939362436.4539,15054161991.441288,35993167421695.75,1.140554649963741,1.817345580804348e+25,8.795270261903509e+24,4.057353958939616e+24,2.2230809766983097e+25,3.7211358452986336,0.0117127554093693,1.1176877710901509e-05,-4.951679500770595,0.0462131336434087,1.4389254829402325,9177466.730192805,0.1283705411821295,0.0085648094173888,-0.0087933053900228,-0.8915346279019815,0.0280502059735743,0.0308168622688651,1761.6327211404696,3.245915368429885,0.6336732347674352,0.18251039892237952,0.937843489940718,B,35.42820836371068
D24-2951,395809332839.61505,15077218322.855877,20414209967193.516,0.6468872780944532,2.0302501764967203e+25,9.916870627602925e+24,1.869502618340644e+24,2.217200438330785e+25,3.7112926221599287,0.0116817725939451,1.114731240990842e-05,-4.952829827345893,0.0461424637557561,1.438057028310996,9171927.726567533,0.1282930639311745,0.0085364673574531,-0.0087856235951423,-0.8917968227976693,0.0279766620793162,0.0308082326186545,1759.0955567903616,3.2452894316459635,0.7720122113760932,0.08431816023580149,0.954864513907595,B,37.510193943950476
D24-3141,886567315789.8717,14969275808.571032,38604762721365.56,1.223311111154383,1.725885444840354e+25,8.553115306522372e+24,5.058996137723614e+24,2.2317850586127155e+25,3.7357052971321942,0.0117586146396876,1.1220638806499324e-05,-4.949982417389994,0.0464751941841875,1.4402221097431416,9185736.615941755,0.1284862168626106,0.008582834269758,-0.0088106501127602,-0.8911434580258055,0.0280828643854533,0.0308510491187268,1765.3471145686196,3.246830112058135,0.613040397163141,0.22667936225311508,0.9824685953861676,B,35.1584809442986
D24-3245,494910381718.12915,15094024701.126812,27530406675913.53,0.8723859443022768,2.002348439487835e+25,1.0011710829985806e+25,2.7335825808058725e+24,2.275706697568422e+25,3.809224159834659,0.011990024750097,1.144146152623641e-05,-4.9415184954522875,0.0460910866237064,1.4467216981173516,9227190.990592469,0.1290660632041692,0.008836214622664,-0.0089898864877097,-0.8891879366699181,0.0287593764458718,0.0313552120210717,1783.9512871270188,3.2513829912840664,0.7054253126463224,0.12012016239731983,0.9999937338867755,B,36.1518638413486
D24-4155,431270617495.8984,15082094785.933144,24693007001004.13,0.7824741742402505,1.9964273394387606e+25,9.982112127666591e+24,2.097388416141772e+24,2.206166181052938e+25,3.692822773012182,0.0116236363596045,1.1091836003282744e-05,-4.954996560244183,0.0461275446066596,1.436272221860466,9160544.231026052,0.1281338363876525,0.0084944479283248,-0.0087181957358997,-0.8923361706766976,0.0278767854746175,0.03060261640021,1754.6940139253816,3.2442013945057298,0.7312574666417234,0.09506937574125765,0.9999950773131078,B,36.930094981205116
D24-4286,440956470855.2233,15043924048.510616,24717308316141.195,0.7832442364483102,2.0110153940642637e+25,1.0055051411627256e+25,2.2326261336320745e+24,2.234278007427471e+25,3.7398781551127698,0.0117717492488275,1.1233172485809307e-05,-4.949497572455941,0.0462445833784221,1.4403319264147425,9186437.026673226,0.1284960139130703,0.0086045010230078,-0.0088191537629939,-0.8911103444136868,0.0281494303737123,0.0308794690948681,1767.049558132157,3.24724872976795,0.7310322558330017,0.09992606677459541,0.9999949162738045,B,36.81213456483616
D24-4346,622359789324.8416,14976166631.224863,32446122790540.453,1.028155588211412,1.8777227982860628e+25,8.850430115387027e+24,3.0647559900440795e+24,2.184198397290471e+25,3.6560516843936774,0.0115078946116463,1.0981389629414131e-05,-4.9593426990298575,0.0464538100523992,1.4329485129777657,9139345.61577219,0.1278373190814663,0.0084316054674543,-0.0085822094885154,-0.8933423456672402,0.0277391740943894,0.0301806584823803,1745.2900216544247,3.2418676057011404,0.6628130958279892,0.1403149088400556,0.8915694903375209,B,36.11916615622201
D24-4555,328776087441.4159,15096862347.044537,14215890690728.178,0.45047439256243116,2.1078263546835683e+25,1.0054746166754263e+25,1.4831695215807767e+24,2.256143306841646e+25,3.776477698841093,0.0118869510371003,1.1343103604030396e-05,-4.945268101202363,0.0460824232219481,1.4436994863224726,9207915.32376473,0.1287964432910637,0.0086866597987559,-0.0089339742066583,-0.8900961298363961,0.0283454557424964,0.0312206505434337,1776.0278507073253,3.2494497718669466,0.8351117280580469,0.06573915393951868,0.9121177769377272,B,38.29993217134276
D24-5329,271476786602.2061,14963547398.114311,2570773218051.505,0.08146288748356988,2.1976211574295307e+25,8.415010365342687e+24,7.960597547657975e+23,2.2772271329061104e+25,3.8117691622411543,0.0119980354736886,1.1449105746134292e-05,-4.941228433384012,0.0464929860206592,1.447017424306423,9229077.132226368,0.1290924457593348,0.0088275617522698,-0.0089965147783376,-0.8890991710645324,0.0287264431983629,0.0313725357909805,1784.4135899814116,3.2514955221415702,0.9679400213955989,0.03495741567728013,0.6205210169573621,B,40.66089026508841
D24-6102,855306600844.8652,15024187489.681131,38171712820080.6,1.2095885878546087,1.7464025771894172e+25,8.617734508646841e+24,4.825493752861225e+24,2.2289519524755395e+25,3.7309630619589895,0.0117436878423368,1.1206394934517544e-05,-4.9505340762411665,0.0463053326829033,1.4397282922138288,9182587.0477398,0.1284421620284759,0.0085877318804188,-0.0087926459388438,-0.8912923926949607,0.0281077141830341,0.0307966608121439,1764.3157966004778,3.2465763225452724,0.6164146337527716,0.21649160034615775,0.9741635508260905,B,35.18070757261642
D24-6605,477134209196.08545,15079367363.2412,26547451066589.684,0.8412379606367304,2.0142637826168997e+25,1.0071289514764204e+25,2.606392203758153e+24,2.2749030029927153e+25,3.807878884189875,0.0119857903213525,1.143742082952597e-05,-4.941671899126064,0.0461358877492367,1.4465876151797334,9226335.80961634,0.1290541012926808,0.0088177422659948,-0.0089826868839828,-0.8892281891791808,0.0287037719928578,0.0313321842857285,1783.6518664774442,3.2513100926288154,0.7142693233070112,0.11457157515416491,0.9999941619891626,B,36.30188931405823
D24-7119,630500750885.6709,14963324934.264486,31990000606148.348,1.0137019483784682,1.9128421846923003e+25,9.085567253639998e+24,3.4075282775875017e+24,2.2535950124510504e+25,3.772212199877892,0.0118735248285092,1.1330291666420564e-05,-4.9457589103054795,0.0464936772446154,1.443227071050157,9204902.2591579,0.1287542978117537,0.0086867393233822,-0.0089056860759025,-0.8902382653176337,0.028354689019346,0.0311287269255525,1775.1834230318184,3.2492432337263053,0.666656219253047,0.15120410982279434,0.9046797570599825,B,35.8150644467743
D24-8237,436664699533.8792,15100817148.847754,24081540288996.85,0.7630979633748083,2.041632434974589e+25,1.0208137056518824e+25,2.3115170598299211e+24,2.2727841409575812e+25,3.8043321967084816,0.0119746266646869,1.1426767928394074e-05,-4.942076592820785,0.0460703545472096,1.4462367087361347,9224097.728319068,0.1290227959536601,0.0088016010520785,-0.0089777395395132,-0.8893335510786966,0.028659652156336,0.0313221688786409,1782.855408012814,3.251116122733126,0.7369470863629846,0.10170420578770938,0.9999950787826674,B,36.63697770917995
D25-0399,300733260567.0839,15017331322.40008,11604130123493.742,0.3677126943586883,2.107535460702633e+25,9.339758046487675e+24,1.1224598679303812e+24,2.219781447495671e+25,3.715612881215344,0.0116953711669951,1.1160288826021474e-05,-4.952324565799496,0.0463264733969266,1.438447542238705,9174418.42439846,0.128327902763924,0.0085497067758217,-0.0087942318669985,-0.8916789032597073,0.0280113152459738,0.0308308397826054,1760.1871822414594,3.2455588541164366,0.8632205334370333,0.05056623340990286,0.7958485960477657,B,39.0754071117774
D25-0635,703133906911.4294,15005134004.344912,41748922273349.05,1.3229435151389537,1.8458954399128816e+25,8.842748829321033e+24,3.740910632983401e+24,2.219986503211222e+25,3.715956116653647,0.0116964515448431,1.1161319774817606e-05,-4.952284449033575,0.046364131089969,1.4384815338736003,9174635.223045822,0.1283309352521376,0.0085492524644439,-0.0088012960725553,-0.8916686406643662,0.0280092327863904,0.0308557508206068,1760.2665883101301,3.2455784456916748,0.5890893517596372,0.1685105124545647,0.9195673662681266,B,34.86638161891544
D25-0705,292508762804.2138,14987701343.43712,10510409748257.434,0.3330547870642075,2.0891650298556807e+25,8.741273506339711e+24,9.880648714270288e+23,2.1879715169983836e+25,3.662367374708552,0.0115277740621621,1.1000359562586144e-05,-4.958593119069508,0.0464180586507774,1.433530308107417,9143056.305109106,0.1278892226418215,0.0084312727973968,-0.0086500982750419,-0.8931660524282903,0.0277272082409362,0.0304151694435225,1746.8861403447504,3.2422645991835903,0.8752708349805298,0.04515894579754526,0.7194240685555464,B,39.50803308666324
D25-0826,643730768547.591,15084970733.882004,38864435308793.305,1.2315396389076896,1.8860116747051985e+25,8.925506982909095e+24,3.33034719525593e+24,2.219046394230791e+25,3.714382501809098,0.0116914983889925,1.115659323394063e-05,-4.952468400879901,0.0461187503955446,1.438383771239316,9174011.692964356,0.1283222135758456,0.0085417647134326,-0.0087946391063255,-0.8916981573557087,0.0279873170403327,0.0308337360337088,1759.7603461496622,3.245453527228034,0.6110259462060909,0.15008010665817373,0.8984255239822341,B,35.11247834887652
D25-2453,354460924876.72894,15000015628.226654,19010963810887.76,0.6024210906687378,2.0491321484558784e+25,9.675289843667989e+24,1.5589764384535677e+24,2.205029792301235e+25,3.690920612469008,0.0116176490637578,1.1086122636004198e-05,-4.955220321499888,0.0463799516775735,1.4360907776442855,9159386.979815252,0.128117649244884,0.0084876045310004,-0.0087160660874423,-0.8923910385481879,0.0278584409830057,0.0305988762666467,1754.2333734396855,3.2440873689930054,0.785866430874691,0.07070092403724729,0.8945323169257245,B,37.887559925433365
D25-3734,344848636307.5743,15096378215.745804,18579436233367.133,0.588746806898089,2.050499603153616e+25,9.651712101588528e+24,1.4933522292953513e+24,2.199834826083151e+25,3.6822249440647306,0.0115902783249902,1.106000415325868e-05,-4.9562447099447935,0.046083901056107,1.4352767336999852,9154195.007538505,0.1280450261223424,0.0084921399402807,-0.0087088855073711,-0.892637286930613,0.0278881714127466,0.0305907246151396,1752.086233571253,3.24355547731295,0.7901766722540216,0.06788474350841577,0.8892895610107842,B,37.88044917824021
D25-4911,284869395608.688,14966714247.983831,7483957363756.935,0.23715229813917835,2.1213957830997822e+25,8.002995160895238e+24,8.871540996485952e+23,2.210111193064642e+25,3.6994261877149106,0.0116444214597715,1.111167015115456e-05,-4.954220659068463,0.0464831484367865,1.4369136645938754,9164635.352779737,0.1281910612765028,0.008510929420025,-0.0087249209928249,-0.8921422569828302,0.027917095926821,0.0306129102991808,1756.2626617239232,3.2445894682937153,0.9094994195284439,0.04014069981784159,0.6057844050234602,B,40.006067982815274
D25-5666,391929377300.6545,15102220687.093962,22809727236958.996,0.7227966396988046,2.0283491924268644e+25,9.873250641052773e+24,1.8316041058412512e+24,2.2115096030109896e+25,3.701766936177211,0.011651789267708,1.1118700869839065e-05,-4.953945953583124,0.0460660729580339,1.4371093246694224,9165883.272741577,0.1282085166555919,0.0085194814564446,-0.0087313841446172,-0.8920831244765228,0.0279405796479969,0.0306320846714391,1756.8954122270998,3.24474590876644,0.7489233359732091,0.08282144031151871,0.9484170801085203,B,37.153473117630206
D25-5953,388481854892.4841,15017889039.698025,22068544108415.0,0.6993099636352258,2.0575716279040805e+25,9.972493829768813e+24,1.898871733929599e+24,2.2474588012970404e+25,3.7619410151937336,0.0118411949488779,1.1299440931609052e-05,-4.946943043801861,0.0463247529769995,1.442410364864347,9199693.307104804,0.1286814371832485,0.008645520468861,-0.0088816677494172,-0.8904840973094769,0.0282398960929786,0.0310599204778909,1772.3552017157995,3.2485507642136104,0.7559923775539037,0.08448972380867374,0.9405153836467436,B,37.15413713422378
D25-6354,393105676121.06384,15062730359.157091,22527866897051.69,0.7138650244965299,2.039491421364268e+25,9.930195919724525e+24,1.8715533256495012e+24,2.2266467539292185e+25,3.727104472446886,0.0117315424337682,1.1194805198236391e-05,-4.950983459214658,0.0461868455062041,1.439437856055599,9180734.64592261,0.128416251411663,0.0085749592812096,-0.008786764970388,-0.8913800116893478,0.0280727155608205,0.0307817499591674,1763.2024375312617,3.2463021775605547,0.7516037592451931,0.08405254773110701,0.9489214750764687,B,37.15115935753561
D25-6357,298350013958.9245,15061911694.637718,10961154917518.637,0.3473380395695058,2.1144834862211284e+25,9.228218730922138e+24,1.0942847002635929e+24,2.2239119562474876e+25,3.722526792285976,0.0117171335945599,1.118105558696575e-05,-4.9515171934126005,0.0461893559134117,1.4390790871380856,9178446.41776671,0.128384244639494,0.0085667467314575,-0.0087952868319521,-0.8914882697715728,0.0280534501759046,0.0308206491098473,1761.9150267688233,3.2459849595270622,0.8702844072869066,0.04920539669700016,0.7743992614389789,B,39.1151213488329
D25-6609,1073628267134.152,14964885778.541262,51512650666197.07,1.6323373978438496,1.622602544117718e+25,8.112202808533416e+24,6.434922018796144e+24,2.2660947459973324e+25,3.79313505740908,0.0119393822233789,1.139313597786492e-05,-4.943356719254774,0.0464888279332937,1.4452791865715624,9217990.651953423,0.1289373727403545,0.0087638164611687,-0.0089636985881901,-0.8896211833260235,0.0285588742106107,0.0312928574992364,1779.9641723739608,3.250411260793791,0.5205158399874914,0.28396526800842414,0.9998003623959156,B,33.75186573315112
D25-6632,725114099306.5348,15028555218.95423,42463394904651.86,1.3455837866203977,1.8413337160973788e+25,8.880542680234763e+24,3.988124180435297e+24,2.2401461341409085e+25,3.7497006028270032,0.0118026666709215,1.1262675385323824e-05,-4.948358433013078,0.0462918750248575,1.4412600774051114,9192356.7736898,0.1285788168423012,0.0086340482927461,-0.0088411838275476,-0.8908305748509618,0.0282254077611996,0.030938756430333,1769.4093998014832,3.2478283300853636,0.5837785783855977,0.17802964367611376,0.931578111557725,B,34.676966874922876
D25-7678,729810274848.4277,14989222186.051023,43497341376944.35,1.3783475732294075,1.8065638063660673e+25,8.701252919261316e+24,3.746574522069691e+24,2.181221258573037e+25,3.6510683582287777,0.0114922089492783,1.0966421611729696e-05,-4.959935061377224,0.0464133489626579,1.4325099956651963,9136548.752352623,0.1277981977333495,0.0083930290437668,-0.0085709270525224,-0.8934752707471044,0.0276244026630296,0.0301491269390834,1743.97836717952,3.241541093513503,0.5761777746890676,0.17176499208157886,0.9291857164231816,B,34.90999044717656
D25-8213,970688598862.9292,14967626399.226568,50063882606684.6,1.5864287083518582,1.6824590582812157e+25,8.411614547442311e+24,5.804680719067622e+24,2.2629271301879778e+25,3.787832898443269,0.0119226929936142,1.1377210307631864e-05,-4.9439642139097835,0.0464803156789074,1.44482886417848,9215118.495730344,0.1288971982281981,0.0087408701634189,-0.0089742948843717,-0.8897565225787724,0.0284950916951429,0.0313413431468865,1778.5842601591287,3.2500744446442784,0.5301626231647012,0.256512047676296,0.9998381680963061,B,33.89049091302124
D25-8363,333368494472.4327,15092553421.050665,16185493660889.988,0.5128873444396909,2.110984025240159e+25,1.005984482297381e+25,1.5237874133747998e+24,2.263362766577639e+25,3.7885620946363345,0.0119249882327589,1.137940053583529e-05,-4.9438806158703095,0.0460955797598607,1.444857932045124,9215303.8905838,0.1288997914533626,0.0087497921733448,-0.0089730452330646,-0.8897477852899415,0.0285226873331528,0.0313361638838326,1778.8550789395142,3.2501405681060906,0.8145211065456766,0.06732404702755058,0.9103935732120711,B,37.92477539625702
D24-0485,533419529421.3191,15054140768.608835,29133876814480.07,0.9231968468603465,1.9882655154258663e+25,9.941291761470565e+24,3.076506203226247e+24,2.295916135748491e+25,3.843052016585469,0.0120965022958297,1.1543067550268936e-05,-4.9376787628335395,0.0462131987931643,1.4499481327170571,9247769.19046939,0.1293539024012391,0.0088811200826486,-0.0090771159613934,-0.8882204647768966,0.0288385522764452,0.0315977191375429,1791.7927710926103,3.2532877801167714,0.6912327102574866,0.13399906709672896,0.9999927946183332,B,35.86799650641248
D24-0784,328902004151.81366,15040223693.773748,13786434777045.863,0.43686575585741194,2.130362168900509e+25,1.01912198195606e+25,1.5342793156192304e+24,2.283790100462432e+25,3.8227546792247193,0.0120326138064406,1.1482102063662302e-05,-4.939978597035693,0.0462559609594105,1.4480405659898503,9235602.729883265,0.1291837230722775,0.008847485328016,-0.00901416266445,-0.8887922032543495,0.0287694933056212,0.0314133242626808,1787.0282698442545,3.2521314228695233,0.8396700160656196,0.06718127534174716,0.9171032454813534,B,38.287119718138776
D24-5970,332678863404.87604,15067735042.261269,12806959097427.95,0.4058280445099738,2.1960234851609955e+25,1.0568109535770775e+25,1.710548250585015e+24,2.367078310219497e+25,3.962167838739073,0.0124714347219151,1.1900846205226233e-05,-4.9244221571625575,0.0461715047449887,1.4610939632854942,9318857.297834884,0.1303482529210944,0.0092051877689132,-0.0093067768316352,-0.8848947853764573,0.029635333863332,0.0321710033956061,1819.2526951626849,3.259893026986874,0.8501595699158186,0.0722641174649772,0.9276679498141823,B,37.96363856438359
D24-6143,670916191681.9802,15045022430.537449,32964634644436.27,1.0445862373702774,1.9101876272088248e+25,9.136978519746454e+24,3.8694196920826025e+24,2.297129596417085e+25,3.845083185057556,0.0121028956607854,1.1549168408331248e-05,-4.937449285786991,0.0462412072306327,1.450096770241256,9248717.20059873,0.1293671627678443,0.0088893918766394,-0.0090716995057508,-0.8881759465306074,0.0288616765865503,0.0315748044952255,1792.3722881519175,3.253428220670741,0.6584711997170053,0.1684458594812358,0.9169164347520999,B,35.395569847622816
D24-6384,538310731799.6191,15077643012.81065,28414990840887.996,0.9004167250008871,2.031488864962108e+25,1.0157407926555163e+25,3.3835866881104625e+24,2.369847533773154e+25,3.966803143137414,0.012486024940849,1.1914768897803693e-05,-4.923914376933301,0.046141164067149,1.4615834724725036,9321979.387429629,0.1303919233960391,0.0092131711229711,-0.0092931479560595,-0.884749308398296,0.0296505754040884,0.0321109400552539,1820.1612037528907,3.2601098532598085,0.6975600400961146,0.1427765558708025,0.9999928332120201,B,35.54788181994074
D24-6775,388045992355.90625,14970019875.372238,17554636506077.629,0.5562728631479462,2.1443625646390035e+25,1.0371251822713518e+25,2.144985164922348e+24,2.3588610811312383e+25,3.948413312462318,0.0124281405749801,1.1859532836255598e-05,-4.925932418107699,0.0464728841906565,1.4600518059875196,9312210.4185884,0.1302552791723325,0.0091421337553482,-0.0093059824473127,-0.8852046659635535,0.0294593797423418,0.0321919865913892,1815.526227525019,3.2590025272159253,0.8005076858664915,0.09093308555049279,0.9366782577857189,B,37.303251454026025
D24-6893,361061364194.0879,15018000032.300455,16335881325422.363,0.5176528419595395,2.1038830204341346e+25,1.0006190104334826e+25,1.7483970956107654e+24,2.2787227299952112e+25,3.814272588790484,0.0120059153319031,1.1456625087959836e-05,-4.940943298733357,0.0463244106075176,1.447211131797795,9230312.598606337,0.1291097269429633,0.008844530947165,-0.0089939155652714,-0.8890410373732216,0.028776146680271,0.0313587833495196,1785.107560665382,3.2516643894096036,0.8129699461003751,0.07672706611455268,0.9069624327117236,B,37.89976009023668
D24-7337,439970178310.305,15089954860.883078,23301556526159.777,0.7383817694045104,2.0744924057195428e+25,1.0372436571385345e+25,2.457569263204414e+24,2.320249332039984e+25,3.88378248475107,0.012224706702002,1.166540639537448e-05,-4.933100126806428,0.0461035176323441,1.453583547292447,9270955.864631226,0.1296782278385165,0.0089953275825043,-0.0091057697002092,-0.887132933116452,0.029126583593433,0.0316189518205669,1801.7368159143048,3.2556913528229936,0.7442690317015517,0.105918326503458,0.9999950913968508,B,36.50294346789482
D24-8467,381130402355.8131,14971521006.359894,16909580907343.545,0.5358322846903296,2.1610599369139767e+25,1.040123066831628e+25,2.1301058525323025e+24,2.374070522167207e+25,3.9738718525780974,0.0125082746162655,1.1936000614214214e-05,-4.923141167523062,0.0464682245514311,1.4623593031071205,9326927.635217212,0.1304611374030271,0.0092244200997231,-0.0093052609406975,-0.884518839475151,0.0296703449371866,0.0321366768159233,1821.4704282577447,3.2604221248237577,0.8070796522773468,0.08972378169237374,0.9279051252504668,B,37.3270423328367
D24-8474,428006002238.93256,15104507445.08561,21251621881027.152,0.6734232603565276,2.1073931610502124e+25,1.0494725505701246e+25,2.4438025571506173e+24,2.3517734167652743e+25,3.936549524229645,0.0123907977701015,1.182389852571782e-05,-4.927239306106718,0.046059098751105,1.458603537290279,9302973.3608374,0.1301260750970374,0.0091382612988721,-0.0092527923554219,-0.8856356693409112,0.0294755833995878,0.032034013587788,1813.6673965918528,3.2585576459716217,0.7638611064809747,0.10391318056957731,0.9920144670344124,B,36.61952850513663
D24-8760,313169934964.8749,15054370196.045952,11243152010516.39,0.35627398821571954,2.1597112668150197e+25,1.0035349017322817e+25,1.3790250382119917e+24,2.2976137706362188e+25,3.8458936269897537,0.0121054466313815,1.1551602667854291e-05,-4.937357757631606,0.0462124945075899,1.4501137450987798,9248825.466240017,0.129368677142058,0.0089011868070096,-0.0090691265514256,-0.888170862701751,0.0288983982211473,0.031565132372145,1792.7081016793907,3.2535095811684136,0.8671792334193269,0.06001988044448976,0.8679773536630521,B,38.65526657754757
D24-8891,309287110421.4722,14963525173.984282,8969332188834.83,0.2842209860329946,2.231733262812981e+25,1.0004004328697732e+25,1.409001700273454e+24,2.3726334328403266e+25,3.971466360082231,0.012500703018126,1.1928775429061471e-05,-4.923404137360512,0.0464930550729817,1.4619937799008376,9324596.32820754,0.1304285280619865,0.0092319848243199,-0.0092916962410557,-0.88462740687985,0.0297010394816238,0.0320963820616473,1821.2782021387611,3.260376289795706,0.8925360317690798,0.05938556208350778,0.8124533095701786,B,38.78203338105577
D25-1029,1101754626566.427,14997039303.54238,51389905747633.1,1.6284478460856688,1.6244652142026322e+25,8.121479368644259e+24,7.010438217452512e+24,2.3255090359478832e+25,3.892586515262099,0.0122524185244883,1.1691850356701274e-05,-4.9321167517883255,0.0463891562807114,1.4545460172364852,9277094.497934302,0.1297640924569784,0.0090001255807207,-0.0091487106739616,-0.8868454662813747,0.0291229589695224,0.031751837875424,1803.4320941207045,3.2560997941709413,0.5213262996091728,0.3014582230851251,0.9997915340735638,B,33.43936860375105
D25-1112,361369968299.29474,15082407078.912647,18084450566453.145,0.5730616576182328,2.1209544498975227e+25,1.0102625540474732e+25,1.790996679206955e+24,2.300054117818218e+25,3.849978436976027,0.0121183040980938,1.1563871884455597e-05,-4.9368967285010505,0.0461265894999404,1.450512917120938,9251371.38539734,0.1294042883874747,0.0089136259954058,-0.009064052819271,-0.8880513311467902,0.0289297629826742,0.0315378115573797,1793.6245811767424,3.2537315471890476,0.7951498726431558,0.07786758865073383,0.9095794772809481,B,37.41884115487788
D25-2394,807553307581.8373,15038744460.37563,45177153491808.82,1.4315776070363024,1.8069225855766487e+25,8.864978679835961e+24,4.831496133072648e+24,2.2900721988839134e+25,3.833270059395255,0.0120657123228867,1.151368626889851e-05,-4.938785608608737,0.0462605107649141,1.4490392951006312,9241972.624151826,0.1292728224717706,0.0088619603413335,-0.009050103658284,-0.8884927689413806,0.0287958181338223,0.031520685829423,1789.4746178190942,3.2527255426705417,0.5640394727348573,0.2109757122691293,0.963140005954885,B,34.14743927765859
D25-2951,395809332839.61505,15106104990.089815,20414209967193.516,0.6468872780944532,2.1487448414815983e+25,1.0452258489848405e+25,2.2345084424362523e+24,2.3721956857252234e+25,3.9707336308212366,0.012498396658194,1.1926574588864877e-05,-4.923484271397944,0.046054227774559,1.4619460070889505,9324291.633213326,0.1304242661166749,0.0092284024428718,-0.0092922548913943,-0.8846415983270759,0.0296908371798024,0.032099473547417,1821.0611889895674,3.2603245386527253,0.7720122113760932,0.09419578898496826,0.9471752240711085,B,36.63306727038866
D25-3124,462024678564.68695,15050232790.25023,28214518957280.266,0.8940641543488815,2.050736294896456e+25,1.025349636043176e+25,2.592074176202845e+24,2.30994371251674e+25,3.8665322763160592,0.0121704094442399,1.161359332587602e-05,-4.935033385760955,0.0462251986195645,1.4520441792070184,9261137.774982365,0.1295408965336312,0.0089493893103644,-0.0091013860812293,-0.8875931015830247,0.0290124132339913,0.0316379168390614,1797.5394513479027,3.254678430801612,0.6993348137917136,0.1122137375970394,0.9999638938055377,B,35.91737047946391
D25-3692,514024575752.26514,15068398947.53062,31205117009176.836,0.988830488033844,2.051557396950389e+25,1.0257563355341809e+25,3.1997313788422233e+24,2.3715305348346116e+25,3.96962025850258,0.0124948921751033,1.1923230441601869e-05,-4.923606062306562,0.0461694704541924,1.4618457637401612,9323652.281134749,0.130415323128948,0.0092215319821186,-0.0092900914835565,-0.8846713782407333,0.0296714373510057,0.0320940011351689,1820.800263528615,3.260262307571422,0.6733216053433879,0.13492263042125957,0.9999563990682896,B,35.196609055005695
D25-3884,464912437593.1352,15096430283.057829,27989808606764.27,0.8869435130290095,2.0723952818657455e+25,1.0361789237160728e+25,2.7188436187305153e+24,2.344279643738797e+25,3.9240059652150863,0.0123513152989399,1.1786222442125677e-05,-4.9286253666961475,0.0460837421135749,1.4575638161752245,9296342.019565582,0.1300333186869241,0.0090796362883072,-0.0092381979299476,-0.8859453533249824,0.0293129291277624,0.0320052543693504,1810.4684180395527,3.257790953350335,0.7013295381351065,0.11597778558509945,0.9999638739214011,B,35.7210496067185
D25-4155,431270617495.8984,15064143709.495705,24693007001004.13,0.7824741742402505,2.105267357044345e+25,1.0501693954678392e+25,2.4858580573256107e+24,2.353853162776906e+25,3.940030736796401,0.0124017553360216,1.183435476509254e-05,-4.926855415774515,0.0461825121570942,1.4590585143967123,9305875.204822231,0.1301666648691075,0.0091303520155422,-0.0092929211266801,-0.8855002225038083,0.0294420383936165,0.0321678040644246,1814.1393459862647,3.2586706426296197,0.7312574666417234,0.1056080343768332,0.9953288070983451,B,36.14659205320473
D25-4555,328776087441.4159,15066119035.424774,14215890690728.178,0.45047439256243116,2.2078422895823437e+25,1.0641418934311305e+25,1.7130298701625103e+24,2.3791452765985947e+25,3.982366302766219,0.0125350119947238,1.1961514713919531e-05,-4.9222138211633455,0.0461764571462769,1.4633486626797092,9333237.770571183,0.1305494009199796,0.009217405664534,-0.0093535356346261,-0.8842251167766477,0.0296291592245777,0.0322870795183788,1822.8965617187355,3.260762025786468,0.8351117280580469,0.07200190282669862,0.9304376364755897,B,37.64581776481427
D25-5329,271476786602.2061,15020259453.21376,2570773218051.505,0.08146288748356988,2.2362200179858557e+25,9.459248632926604e+24,8.497067391690187e+23,2.3211906919027574e+25,3.8853581934028942,0.0122296664483812,1.1670139225252678e-05,-4.932923962772255,0.0463174422630327,1.4537490763813112,9272011.609160002,0.1296929951485481,0.0090049768715179,-0.0091141344993726,-0.8870834799720952,0.0291535910314394,0.0316453441319576,1802.057359950658,3.255768610568452,0.9679400213955989,0.036606502952693035,0.7331073513312395,B,40.32006126801719
D25-5438,546266234912.3536,15032378810.257149,33159748134610.523,1.050769010780621,2.0308223358374127e+25,1.015386265102304e+25,3.484218400033518e+24,2.3792441758407646e+25,3.982531846675311,0.0125355330655467,1.1962011944900776e-05,-4.922195768250454,0.0462801003607824,1.4633752117935312,9333407.100819144,0.1305517694402051,0.009224066074473,-0.0093542994160621,-0.884217237568272,0.0296493345163657,0.0322892083277157,1822.9061926036475,3.2607643202826075,0.6568447404617662,0.14644223722024172,0.9999509514835645,B,34.94737260109973
D25-8123,757515566132.9912,15016243142.842669,43217275703126.19,1.3694728275637624,1.845731347233356e+25,8.975223575854524e+24,4.500028224106491e+24,2.295734169644005e+25,3.842747430022438,0.0120955435703056,1.1542152688004048e-05,-4.937713184825571,0.0463298305296553,1.4499184644762169,9247579.966429312,0.1293512556150242,0.0088805372932036,-0.0090710822828788,-0.88822935122243,0.0288372922102819,0.0315766034999045,1791.7240822922902,3.2532711310158064,0.5782267819043125,0.1960169554301795,0.9465448728963513,B,34.32008404020537
D25-8161,835924192593.8042,14994526870.389402,45273008679293.92,1.4346150746347606,1.824848195877048e+25,8.996530855519952e+24,5.572219977505535e+24,2.3820701936276014e+25,3.9872622169120575,0.0125504225164784,1.1976220179123186e-05,-4.921680228221181,0.0463969290937642,1.4639914859101093,9337337.697134675,0.1306067489668029,0.0092299402043488,-0.0093670146216312,-0.8840343807691333,0.0296555136529893,0.0323206431399702,1823.5351820501496,3.260914146713604,0.5633545882329324,0.23392341638009106,0.9723928234293371,B,33.689215177624106
D25-8198,393474149962.9541,15007647909.389954,21319665563410.94,0.6755794345390949,2.1051298170298376e+25,1.023449156310871e+25,2.086599322310047e+24,2.313789749260842e+25,3.87297001985344,0.0121906730730286,1.1632929860537166e-05,-4.934310890429337,0.0463563647148675,1.452547889372006,9264350.438414654,0.1295858339172866,0.0089815527808095,-0.009091922539054,-0.8874424721368508,0.0291034986339936,0.0315924255302095,1799.283789532042,3.2550996672408816,0.7632025834611172,0.09018102543572194,0.9461657155177474,B,36.91647672134544
D25-8390,365486331277.3724,15029964262.219584,18652018954497.78,0.5910468145390582,2.12160476613322e+25,1.0110951010948016e+25,1.8479327725265705e+24,2.306398043385877e+25,3.8605973073982742,0.0121517283634661,1.1595766935072283e-05,-4.935700522174338,0.0462875352104969,1.4515149912787362,9257762.61437578,0.1294936862079083,0.0089542779281937,-0.0090822954900413,-0.8877514061920876,0.0290379800623588,0.0315810214050298,1796.0892089902266,3.2543279036063546,0.7894500416029236,0.08012202307515563,0.9104784342960422,B,37.34982284037411
D25-8436,749682244246.9436,15040181286.2906,42898695703612.83,1.3593776365633898,1.849069430522241e+25,8.968783057127678e+24,4.401657548799559e+24,2.289235185402197e+25,3.83186901242375,0.0120613023466922,1.1509478056320747e-05,-4.938944370757652,0.0462560913832962,1.4489864865858326,9241635.81144444,0.1292681112774078,0.0088553144889381,-0.0090437718130828,-0.8885085965759876,0.0287759378503486,0.0314990037691371,1788.9509610317332,3.25259843579084,0.580566426478827,0.19227633651918682,0.9419099615029775,B,34.36781228270099
D25-8750,965713562728.7024,15009334711.845016,49544770203046.89,1.5699790289200348,1.7049136444346846e+25,8.523893497470278e+24,6.096641553571937e+24,2.3145777997918782e+25,3.8742891094906065,0.012194825077934,1.1636891904433776e-05,-4.934162999840801,0.0463511550216126,1.452746450438564,9265616.86089716,0.1296035481018458,0.0089688785636805,-0.0090959899920484,-0.8873831088052395,0.0290599311565948,0.0316026049275192,1799.4046198491833,3.2551288311661963,0.5336625270760267,0.26340188496235184,0.9998417113254485,B,33.64707388896508
D25-8760,313169934964.8749,15031894284.460333,11243152010516.39,0.35627398821571954,2.2282905366499254e+25,1.0265973192647595e+25,1.4848306939264672e+24,2.376773606042572e+25,3.978396448131251,0.0125225163648186,1.194959077950011e-05,-4.922646967121538,0.0462815921157189,1.4629360270433405,9330605.980482426,0.1305125885481232,0.0092229469020686,-0.009328332524809,-0.8843475965761893,0.0296544600091842,0.0322062024577025,1822.1068442139615,3.2605738394273582,0.8671792334193269,0.06247253378073197,0.8542923471754232,B,38.234513804431344
D24-0988,821615963045.8746,14997845228.407404,35955211746923.24,1.139351907208509,1.8561582380554296e+25,9.153753550292988e+24,5.77709301785943e+24,2.4338675398413727e+25,4.073963944697821,0.0128233273964245,1.2236639214888753e-05,-4.9123378445144255,0.0463866635109872,1.4729454493626433,9394446.07603494,0.1314055569299353,0.0095650858391986,-0.0093970129073814,-0.8813862687718369,0.03051494872621,0.0322234866852053,1840.6037665864947,3.2649603064257655,0.6339781664693532,0.23736267168573816,0.9729932076196944,B,34.362328223473064
D24-1507,546029224304.9983,15093037710.597454,27263930185789.836,0.863941813882863,2.0994343187868143e+25,1.0497134268339313e+25,3.9304062594205393e+24,2.492474944728868e+25,4.172064786463238,0.0131321124590562,1.253129685635429e-05,-4.902003981806013,0.0460941006932964,1.48301658023168,9458679.748717654,0.1323040305029605,0.0098868755351517,-0.0094373257822527,-0.8784269252869332,0.0312987468300511,0.0321388640407959,1859.4113695408628,3.2693754821643712,0.7078120224514812,0.15769090348260612,0.9999928884725369,B,35.02306373596172
D24-2008,649037273730.1221,14961722193.823826,31102886218036.523,0.9855909897468922,1.9850036030658792e+25,9.553299308602426e+24,4.263043990010295e+24,2.411308002066909e+25,4.036202340174264,0.0127044678717961,1.2123217707727043e-05,-4.916382095743772,0.0464986577739816,1.4694353446413202,9372058.62812234,0.1310924107329819,0.0094495810173014,-0.0094192699695584,-0.8824224499742329,0.0302285540069964,0.0323828313325769,1832.265556188851,3.2629884176012114,0.6741946605482252,0.1767938391261559,0.9277987353156808,B,35.07369880687855
D24-2027,350786197138.25037,15032167769.369593,13772808349956.557,0.43643396043921456,2.207277311760829e+25,1.0591883161510497e+25,1.917683343361458e+24,2.399045646096975e+25,4.01567682048973,0.0126398611490883,1.20615668481497e-05,-4.918596271855462,0.0462807501003014,1.4672298810859905,9357992.181566443,0.1308956552001125,0.0093224322284534,-0.0094155833690941,-0.8830747686817264,0.0298788077314178,0.0324201912741725,1828.4322757111756,3.2620788789045094,0.8398150548569702,0.07993525869261184,0.9225663865791934,B,37.64448377825
D24-3379,531411315183.3645,14987542430.403744,27288589968602.3,0.8647232352460992,2.07685292314861e+25,1.0384229038144994e+25,3.593959781758429e+24,2.436248901324453e+25,4.077950020629461,0.0128358740849549,1.2248611871917811e-05,-4.911913126852564,0.046418550821828,1.473357359019738,9397073.23582789,0.1314423045351632,0.0095799975327916,-0.0093999159949377,-0.881264835162382,0.0305526350456653,0.0322244660336803,1841.3746368389634,3.265142156868718,0.7075908172499766,0.1475202217558556,0.9999931478101762,B,35.412334219392605
D24-4706,652456650342.411,15000798977.611404,31394278539312.246,0.994824655211811,1.973868171438737e+25,9.508491075407358e+24,4.2117836417774146e+24,2.395046535616478e+25,4.008982852292321,0.0126187910201078,1.2041460711998384e-05,-4.919320826975062,0.0463775296928068,1.4664322122038218,9352904.649435977,0.1308244929423708,0.0093255325792996,-0.0094138391485302,-0.8833109398503428,0.0299041210327671,0.0324322623653966,1827.3707376738496,3.261826666122141,0.6717091382885011,0.1758539376644435,0.9294539477277415,B,35.09527831348717
D24-4883,426233337819.9437,15060169764.099636,19036714126855.555,0.6032370689423643,2.2029813372290163e+25,1.0919689383928905e+25,2.8085945024785423e+24,2.4838407874768707e+25,4.15761237902459,0.0130866216410794,1.2487887317631328e-05,-4.903511028711791,0.0461946983930026,1.481607124247284,9449690.23844918,0.1321782890176408,0.0098063912005029,-0.0094443639880342,-0.8788398741557577,0.0310813618088985,0.0321955026712454,1856.4973472381407,3.2686943329962417,0.7856099727563919,0.11307465907795008,0.9828593628089255,B,36.275451939523315
D24-4909,803002320326.6443,14992968001.28559,35648610154277.25,1.1296362890168217,1.865039921238548e+25,9.17592851367814e+24,5.544190733582519e+24,2.4194589945968e+25,4.049845995441732,0.0127474130379178,1.2164198062326796e-05,-4.914916517114282,0.0464017531378941,1.470457358484722,9378577.032415558,0.1311835874281816,0.0095321525273345,-0.0094227031901747,-0.8821204967838825,0.030463175551245,0.0323717098943123,1835.9045148319726,3.2638500898500005,0.6364467560601452,0.22915001849438046,0.9684898297199934,B,34.47613714552278
D24-5166,857870632791.0416,15007582222.978846,36559546348817.49,1.1585021151423902,1.8329127494735565e+25,9.08679962303062e+24,6.167852558531394e+24,2.449698005326696e+25,4.100461995458297,0.0129067334316475,1.2316229287715918e-05,-4.909522234557499,0.0463565676111892,1.4756449961639246,9411663.785533512,0.1316463910022591,0.0096536798033471,-0.0094496487332804,-0.880591042287408,0.0307334217614189,0.0323493298213197,1845.8034925874306,3.266185463413835,0.6291403935110259,0.251780119227751,0.9831721779584915,B,34.206025226198165
D24-5835,1063912920930.5208,14965760258.052437,38744032068680.29,1.2277242904618948,1.6654284046323232e+25,8.327022420520939e+24,7.227450742662157e+24,2.3881734788985387e+25,3.997478288136552,0.0125825789193811,1.2006905374049969e-05,-4.920568912010537,0.0464861114974545,1.4652362669562482,9345276.91064695,0.1307177993432405,0.0092540993591455,-0.0094107201256708,-0.8836652721728296,0.0297061259689886,0.0324485817387063,1825.102440082414,3.2612872457316398,0.6119591688965874,0.30263508101578807,0.9999712744366512,B,34.32248280421137
D24-7038,567989570788.8251,14974121288.019987,29103344213842.824,0.9222293271301627,2.038886308001303e+25,1.0194391522950136e+25,3.83767334797592e+24,2.422653642798895e+25,4.055193402964238,0.0127642446933556,1.2180259642025618e-05,-4.914343453911917,0.0464601552651101,1.4707605049277817,9380510.500429392,0.1312106319648267,0.0095432806089314,-0.0094084241674544,-0.8820309727608353,0.0304914486506583,0.0323138668115532,1837.5709012945863,3.264244105006272,0.6915002745430212,0.15840784172277514,0.9999921492632246,B,35.26329672399915
D24-7086,312340836160.0313,14967815895.081694,7576730660318.517,0.24009210650741872,2.3195494150233163e+25,1.0330654217248262e+25,1.5788592966564598e+24,2.477435344688962e+25,4.146890537124572,0.0130528732596889,1.2455682979833896e-05,-4.904632453896975,0.046479727227845,1.480276823966948,9441205.583261194,0.1320596092326581,0.0097765884168006,-0.0094356948163669,-0.8792299921482074,0.0310170723130321,0.0321948322352559,1855.0394238124718,3.2683531437959568,0.9084305465062086,0.06372958632568,0.8030145941233909,B,38.446712800971326
D24-7464,352476412451.40466,15099391034.89957,13068862796978.195,0.41412727194014104,2.2485624788875736e+25,1.0829503411228558e+25,2.0362503964695023e+24,2.4521875185345236e+25,4.104629102699145,0.0129198499395918,1.232874569398956e-05,-4.9090811055525565,0.0460747058203878,1.4760947774518254,9414532.490587745,0.1316865172409184,0.009658675654493,-0.0094585409596545,-0.8804586881180761,0.0307397309790069,0.0323706906399181,1846.5534538358597,3.2663618840801134,0.8473419822145463,0.08303811927427174,0.9290829307934442,B,37.394125284994615
D24-7549,304271328276.7954,14962745527.757015,6905299172968.83,0.21881572657517778,2.2744085865786326e+25,9.681417309660498e+24,1.3469331956788358e+24,2.409101906146516e+25,4.032509635008061,0.0126928446056191,1.2112126224969916e-05,-4.91677961187618,0.0464954776320578,1.4690648972909963,9369695.914921977,0.1310593620953669,0.0094215227349711,-0.0094225519605746,-0.882531950214279,0.0301491842242211,0.032403027322361,1831.5125628181092,3.262809901948896,0.9161947839961001,0.055910179317956936,0.7411515700687613,B,38.96973383751657
D24-7709,448451117770.4364,15014422715.424929,22469329591202.367,0.7120100892083798,2.1271957164335857e+25,1.0635952246752966e+25,2.768221420102187e+24,2.4040178584438043e+25,4.023999629144997,0.0126660582636659,1.2086565401929635e-05,-4.917697093589577,0.0463354478014848,1.468141654148101,9363807.470156588,0.1309769970088483,0.0093749403061686,-0.009413280768562,-0.8828049711330314,0.0300233828267866,0.0323910607399111,1829.946791225539,3.2624384620730034,0.7521616367192139,0.11514978602921623,0.9999950478746172,B,36.232391102056845
D24-7942,585264168415.1704,15092697268.130846,29195477389555.49,0.9251488512927311,2.0400280735645823e+25,1.006831879454397e+25,3.970746505974806e+24,2.437102724162063e+25,4.079379204181418,0.0128403726246684,1.2252904596088805e-05,-4.911760947991202,0.0460951404272192,1.473439773959261,9397598.878312169,0.1314496570009534,0.0095894225723306,-0.0093976311370713,-0.881240542785367,0.0305800078625936,0.0322144648239552,1841.8139201418658,3.2652457509760495,0.6906932051824626,0.16292897573039514,0.9744827605772457,B,35.06905764217184
D24-8558,576015014365.2338,15078101441.285751,28710891940652.266,0.9097932650344851,2.0625659715939227e+25,1.0312788837896529e+25,4.094695138950693e+24,2.472035485488992e+25,4.13785190567606,0.0130244230004688,1.2428534366460491e-05,-4.905580082467591,0.0461397612099282,1.479425604015115,9435776.502408404,0.1319836695351704,0.0097588021311157,-0.0094399789939618,-0.8794798011389117,0.0309798027383199,0.0322292434009202,1853.1267842905934,3.2679051332067504,0.6949486604417845,0.16564062947262764,0.9999920448779841,B,34.958408626386046
D25-0060,394214731105.8215,15029122634.770409,19679422227858.246,0.6236032596857254,2.1762317054253167e+25,1.0569947085010978e+25,2.312972149020368e+24,2.407528920327354e+25,4.0298766702275675,0.0126845570091009,1.2104217799534206e-05,-4.917063270354594,0.0462901273019406,1.4687798251349855,9367877.72471094,0.1310339300160988,0.0094054111197886,-0.0094310574222109,-0.882616233269638,0.0301050165969902,0.0324399324438198,1831.027258036607,3.2626948095812,0.7792360176222141,0.09607245543309492,0.9443886428038302,B,36.62047509102451
D25-0784,328902004151.81366,14996097400.770847,13786434777045.863,0.43686575585741194,2.231447423633237e+25,1.0778954952639362e+25,1.774203435360186e+24,2.408867767169256e+25,4.032117718136748,0.0126916109966767,1.2110949055652369e-05,-4.916821822713025,0.046392069977102,1.4690259356033446,9369447.417278131,0.1310558862149349,0.009428562139975,-0.0094224270392565,-0.8825434684735272,0.0301717189248234,0.0324034735588687,1831.4317024084673,3.262790727630547,0.8396700160656196,0.07365300244127199,0.934414367273162,B,37.62836600065587
D25-1385,602118858715.6786,15048444712.547413,34376229140467.996,1.0893169677183308,2.0496308439207576e+25,1.0052941590674423e+25,4.259528408195385e+24,2.475583684740296e+25,4.143791109672083,0.013043117411698,1.2446373477829544e-05,-4.904957171298928,0.0462306911637137,1.4800541430485403,9439785.324363591,0.1320397432490851,0.0097516950790042,-0.0094383647144906,-0.8792953288253218,0.0309453368294678,0.032209317741045,1854.2107718953805,3.2681590997482326,0.6467944143834087,0.17206158024273116,0.9626150011273837,B,34.28401917214994
D25-2259,840446498548.4543,15007581108.891497,44707607391286.88,1.4166985889702286,1.8517311294613345e+25,9.162104635814764e+24,6.105121407895947e+24,2.462243270250929e+25,4.1214610663367965,0.0129728307178658,1.2379302515087627e-05,-4.907303824005885,0.0463565710524676,1.4780030777063922,9426703.62961137,0.1318567620098943,0.0096840719082375,-0.009482755509287,-0.8798975933769485,0.030779343392663,0.0324132276386639,1849.3409064839889,3.2670169761445296,0.5674064235827084,0.24794956215978484,0.9793588714791025,B,33.31551139898344
D25-4286,440956470855.2233,15032125427.90893,24717308316141.195,0.7832442364483102,2.1455505226232403e+25,1.0722284368612504e+25,2.766910270685087e+24,2.422241549691749e+25,4.054503615030881,0.0127620734967953,1.2178187781255653e-05,-4.914417333637188,0.0462808804607464,1.470690255035226,9380062.446614671,0.1312043647766837,0.0095384274768028,-0.0094116596257601,-0.8820517170419311,0.0304778799636046,0.0323270062176683,1837.433854102811,3.2642117138431916,0.7310322558330017,0.11422932907071964,0.9989810617751679,B,35.80111120840464
D25-6605,477134209196.08545,15057198188.42962,26547451066589.684,0.8412379606367304,2.153567609005842e+25,1.0767642056227246e+25,3.248911487527757e+24,2.4784587577586177e+25,4.14860359170871,0.0130582653201191,1.2460828344688878e-05,-4.904453086603813,0.0462038150321084,1.4804945116703916,9442593.995433755,0.1320790297576478,0.0097779348295904,-0.0094331619367432,-0.8791661300272686,0.0310167927361959,0.0321809494141062,1855.2600243409636,3.268404786847242,0.7142693233070112,0.13108596127965813,0.9999635980344513,B,35.22508902609166
D25-6775,388045992355.90625,14963985114.98372,17554636506077.629,0.5562728631479462,2.24611213532244e+25,1.0873519159133062e+25,2.4658273243603373e+24,2.4926948677584734e+25,4.172432907767522,0.0131332711683797,1.2532402552832947e-05,-4.9019656636094995,0.0464916260377312,1.4830722116197037,9459034.565710468,0.1323089935336886,0.009884410021259,-0.0094384495532003,-0.8784106342002278,0.0312900838560334,0.0321415847848185,1859.4359282157966,3.2693812181874735,0.8005076858664915,0.09892214872563619,0.938375254604236,B,36.568785262211684
D25-6893,361061364194.0879,14979846619.55284,16335881325422.363,0.5176528419595395,2.2257489633682352e+25,1.0680419367850215e+25,2.1023283606130485e+24,2.43598179942954e+25,4.077502928307623,0.0128344668041598,1.2247268976518552e-05,-4.91196074400631,0.0464423980878361,1.473313336128409,9396792.457826992,0.1314383771306858,0.0095767908323715,-0.0093860418880126,-0.8812778117727746,0.0305436407995571,0.0321760949836078,1841.2827857484822,3.2651204929357567,0.8129699461003751,0.08630312267133412,0.9225494121230099,B,37.062960297617366
D25-7337,439970178310.305,15097276152.377968,23301556526159.777,0.7383817694045104,2.184305889254544e+25,1.089848616408306e+25,2.900121273240943e+24,2.4743180165786382e+25,4.141672552942048,0.0130364489809201,1.24400101386558e-05,-4.905179265693394,0.0460811601363217,1.479800594227015,9438168.189979902,0.1320171234540914,0.0097562481023049,-0.0094403492671287,-0.8793697344054093,0.0309644019795075,0.0322220776145232,1853.8979171291921,3.268085816513943,0.7442690317015517,0.11720891388290836,0.9957890942366833,B,35.65605853106047
D25-7549,304271328276.7954,15019757176.107574,6905299172968.83,0.21881572657517778,2.3227454002662417e+25,9.679320508005951e+24,1.388652542114488e+24,2.4616106544776907e+25,4.120402153389057,0.0129694976526748,1.237612194307537e-05,-4.907415420143868,0.0463189911689566,1.4779672128294887,9426474.88342648,0.1318535624045554,0.0096732896886766,-0.0094886570606025,-0.879908131993107,0.0307469789880536,0.0324349894203945,1848.9554931807345,3.2669264572388648,0.9161947839961001,0.056412355040327655,0.7144394105522789,B,38.59350157568904
D25-7988,665976250250.7637,14989641501.014215,37137228646275.02,1.1768077625128344,1.999141298623075e+25,9.662479887406862e+24,4.671421499420957e+24,2.4662834485651704e+25,4.128223776514296,0.012994117221102,1.2399615126018956e-05,-4.906591794776495,0.0464120506119461,1.4786810785300857,9431027.918864883,0.1319172483475757,0.0097166828294862,-0.0094786496453691,-0.8796984161865165,0.0308657257384188,0.0323832333176352,1850.6770995344323,3.267330650993056,0.6245504893757656,0.18941137938296135,0.9354770521756105,B,34.0677258267085
D25-8237,436664699533.8792,14967670501.70095,24081540288996.85,0.7630979633748083,2.1527458705550195e+25,1.0743384684344552e+25,2.755819634098283e+24,2.428327833964848e+25,4.0646912288923165,0.0127941403264744,1.2208787501080182e-05,-4.913327465271963,0.0464801787239329,1.4719117736703031,9387853.292469194,0.131313339848783,0.0095546158306031,-0.0094147826491324,-0.8816911525972302,0.0305033646252151,0.0323102820956141,1838.9945971873747,3.2645804533190144,0.7369470863629846,0.11348630920227619,0.9962269048987349,B,35.91763000516792
D25-8891,309287110421.4722,15065729883.055164,8969332188834.83,0.2842209860329946,2.2895546211854763e+25,1.0110562988228798e+25,1.4764331159626454e+24,2.437197932781741e+25,4.079538570489339,0.0128408742506941,1.2253383271904178e-05,-4.9117439820381055,0.0461776498981621,1.4734438817452795,9397625.077771394,0.1314500234679599,0.0095891060904259,-0.0093982644861449,-0.8812393320223989,0.0305789510161863,0.0322166252273323,1841.8756031198668,3.2652602954032095,0.8925360317690798,0.06057912228234542,0.7908155068631626,B,38.27260927609529
D24-1058,482014718057.3408,15036676853.889406,22129879324302.137,0.7012535593423498,2.2182233625657797e+25,1.109108687923713e+25,3.6826572755805145e+24,2.586489090123831e+25,4.3294317065445265,0.0136274451534448,1.3003967270607497e-05,-4.8859241322405405,0.046266871780253,1.5031176913525512,9586884.635446573,0.1340973064880906,0.0105054735150631,-0.0098808991561652,-0.8725799454079636,0.0327565878023237,0.0332410904495593,1878.2844885045442,3.273761371971904,0.7554048685436402,0.14238054549088405,0.9999946022548518,B,35.238205822185535
D24-3411,526296904674.4195,15098959274.898882,25377933981633.117,0.8041782005486195,2.145621214993671e+25,1.0728071100645065e+25,3.916550237455658e+24,2.537276238739237e+25,4.2470560723431365,0.0133681572114817,1.2756542175662328e-05,-4.894267030751242,0.0460760233426524,1.4920738235540445,9516446.846627695,0.1331120523503006,0.0101427762127731,-0.0095831676987222,-0.8757826204662756,0.0318918897301844,0.0324488593627395,1869.9234310973623,3.271823823577827,0.7249364521185306,0.1543604191635743,0.9999934798912263,B,35.015070228217105
D24-3995,412339594133.168,14973871246.442833,16861376315851.826,0.5343047733621006,2.2732519349189535e+25,1.1152051872807292e+25,2.932756937374328e+24,2.5665276286563862e+25,4.2960189291560145,0.0135222741235847,1.2903607987211596e-05,-4.889288839324682,0.0464609310812171,1.4980529531991778,9554581.735504355,0.1336454671222564,0.0104744089475891,-0.0096911955977254,-0.8740457667029962,0.0327696466994237,0.0326927359360524,1876.412457122396,3.2733283074778274,0.8075729322848151,0.11426944735092014,0.9630053273368555,B,36.24367548110061
D24-4081,956671004443.1989,14973092285.397284,37336804360694.266,1.183131935276899,1.7903341570491345e+25,8.951571209542314e+24,7.7344076481557e+24,2.5637749218647047e+25,4.291411271575616,0.013507770926579,1.2889768335166942e-05,-4.889754888051002,0.0464633481674651,1.497485687020969,9550963.71181974,0.1335948597300361,0.0104063268868022,-0.0096828164509811,-0.8742102516945122,0.0325763225329683,0.0326762298595628,1875.8202882526352,3.273191228734541,0.6229725799337215,0.30168044714823294,0.9999777528467905,B,33.53303417804184
D24-4619,484746918600.9329,14984106475.87792,22480868060468.12,0.7123757212357125,2.211826049344692e+25,1.1059100011700764e+25,3.7089447546533863e+24,2.5827205248100302e+25,4.323123639667287,0.0136075896986829,1.2985020235344548e-05,-4.886557369246721,0.0464291949019428,1.5019806023492372,9579632.281783435,0.1339958636180752,0.0105008996292663,-0.009849024099735,-0.8729086078708025,0.0327667268003054,0.0331557241968596,1878.3886694743192,3.2737854598914016,0.7520516390095009,0.14360612071746298,0.9999945321305816,B,35.26525740800663
D24-5134,396033559194.35675,14971861671.405624,16194719548107.014,0.5131796951639863,2.245856642947896e+25,1.0914295568322227e+25,2.587434325675615e+24,2.5046000755154577e+25,4.192360609814632,0.0131959961829054,1.2592257795452277e-05,-4.899896393784539,0.0464671672280207,1.485512629342836,9474599.549948609,0.1325267099808175,0.0099421194498154,-0.0094902874687815,-0.8776965834007842,0.0314164394150695,0.0322697217903448,1862.1831234387262,3.2700223864135465,0.8144258617805793,0.1033072845030203,0.9454296160917189,B,36.71419768615165
D24-5643,464537691861.02185,15026588683.155931,21187819290231.46,0.6714014782566311,2.241563327976826e+25,1.1207788604202785e+25,3.5722783486779377e+24,2.59879116284462e+25,4.350023706679756,0.0136922611319526,1.3065817812190146e-05,-4.883863401841302,0.0462979332614491,1.5060783037916392,9605767.421583075,0.1343614309514781,0.0105934217893649,-0.0099432907094669,-0.8717253795622759,0.0329581386344066,0.033390915061588,1879.805736931803,3.274112970679767,0.7644791006219477,0.1374592310360077,0.9999949971324269,B,35.31112911090469
D24-6095,325723843554.50446,15067247941.935513,9324262905574.049,0.2954680617529232,2.336803855583363e+25,1.1078339859030495e+25,1.889673609735746e+24,2.5257712165569375e+25,4.227798226636097,0.0133075406562536,1.2698698926882542e-05,-4.8962407733606685,0.0461729973968047,1.4896081115706787,9500720.535597788,0.1328920793319223,0.010082301184955,-0.0096052050972628,-0.8765009032179156,0.0317591267182505,0.0325822549868159,1867.611960110211,3.271286646471681,0.8885296823365351,0.07481570766776326,0.901432991348458,B,37.696331844698655
D24-6910,711337601434.2797,15001975034.60351,31924163594909.19,1.0116156993849086,2.005504209133781e+25,9.780745761548884e+24,5.600862159505966e+24,2.5655904250843775e+25,4.29445017757085,0.0135173362754709,1.2898896053717334e-05,-4.889447457010404,0.0463738939969771,1.4977983109048203,9552957.626950946,0.1336227497755125,0.0104541607400141,-0.0096876063356511,-0.8741195952971523,0.0327139825014366,0.0326859309511057,1876.3651018019561,3.2733173469804178,0.6672127757904386,0.21830694816853957,0.9519625916561255,B,34.11177482114988
D24-7669,403788999088.56506,15002704110.097183,15910914404675.092,0.5041864528568425,2.2789565233904437e+25,1.1121074833795713e+25,2.8017414672166685e+24,2.5591306701121105e+25,4.283637424445299,0.0134833017392629,1.2866418653152894e-05,-4.890542321442098,0.0463716403985983,1.4964989598835587,9544670.366137335,0.1335068310599415,0.0103399391222308,-0.0096949112463041,-0.8744965124586612,0.0323966275010824,0.0327410297708913,1874.892262870869,3.2729763168717425,0.8173608693087839,0.109480203568266,0.9530859993416192,B,36.41139104060473
D24-8949,552738464215.2539,15079091529.461958,26129654663206.37,0.8279987915179345,2.1539394221673203e+25,1.0769658971255992e+25,4.420041932749913e+24,2.5959436154423115e+25,4.345257298788644,0.013677258247852,1.3051501334551592e-05,-4.88433952788062,0.0461367316884257,1.505508647568662,9602134.154192926,0.1343106103367219,0.0105631878346846,-0.0099625867231371,-0.8718896773635131,0.0328795235762956,0.0334714356484281,1879.1672727698356,3.2739654402429235,0.7180618894757902,0.170267254899402,0.999992917266818,B,34.58454652133469
D24-8971,553045101362.9697,14980618615.224712,26503778530708.305,0.8398540614846599,2.1390538633492403e+25,1.0695231139788351e+25,4.339739207679437e+24,2.5730277841171837e+25,4.306899307216336,0.0135565215180041,1.293628850737649e-05,-4.8881903072818975,0.046440004773432,1.4997459331261125,9565379.561478345,0.1337965025664178,0.0104902855319698,-0.0097562248399416,-0.8735552388548742,0.0327818047463126,0.0328820311923726,1876.9200940037567,3.2734457838243682,0.7146648234477235,0.1686627417887918,0.9999928609892006,B,34.76593329566258
D25-0101,768284089910.2273,15045647023.506365,40898087607241.664,1.295982191524123,1.955926331597099e+25,9.604580963593138e+24,6.134579153003146e+24,2.5693842468974137e+25,4.3008005204000765,0.0135373247992487,1.2917970069871362e-05,-4.888805726024853,0.0462392876101029,1.4987870878467604,9559264.046286635,0.1337109613143657,0.0104810982878256,-0.0097246225806511,-0.8738329888246776,0.0327743340492724,0.0327931755244744,1876.661156686076,3.27338586502102,0.5954767840377394,0.23875678230730887,0.9648304811352334,B,33.0841028656556
D25-0485,533419529421.3191,15005978565.099844,29133876814480.07,0.9231968468603465,2.177968158643719e+25,1.088960202216016e+25,4.305702555347184e+24,2.6085384141784372e+25,4.366339282545675,0.0137436165130581,1.3114823600696017e-05,-4.882237546458267,0.0463615216416491,1.5083209001397735,9620070.701091478,0.1345614992039875,0.0106563241824954,-0.0099577213293487,-0.8710791828690527,0.0330991058678091,0.0333896071895278,1881.2496523279567,3.2744464326763563,0.6912327102574866,0.165061880321332,0.9999561488863283,B,34.18872930113317
D25-0762,705286475395.2021,15017824714.12559,38462825815894.98,1.2188134020297796,1.9959369222705817e+25,9.710384381902538e+24,5.352069335002534e+24,2.531143855770835e+25,4.236791295522137,0.0133358475014269,1.2725710687636176e-05,-4.895317954445025,0.0463249513989621,1.4906456515240074,9507337.96542012,0.1329846411545364,0.0101016195837025,-0.009583214111513,-0.8761985142735452,0.0317964487179358,0.0324813037170196,1868.9801441263064,3.2716046874985834,0.6141443008281362,0.21144864298408728,0.9474484090603331,B,33.56350409303507
D25-1558,604416675109.864,14989106050.45756,33985124612628.43,1.0769236130956863,2.083455282723767e+25,1.0351401235995655e+25,4.7067221176300336e+24,2.5541274944867704e+25,4.275262787464046,0.0134569414883391,1.2841264426781149e-05,-4.891392210960509,0.0464137085732849,1.4953732562449886,9537490.628330538,0.1334064039099554,0.0103124764567529,-0.0096655005717882,-0.8748233224734232,0.032337147674179,0.0326633953775122,1874.045139494944,3.272780047382855,0.6500087561141928,0.1842790592008332,0.9874321806663152,B,33.94623958619529
D25-1993,524442889537.0257,14987654428.10599,29552536799081.38,0.9364633812166128,2.134940975682573e+25,1.067447316708388e+25,3.846680807286966e+24,2.5196090564112695e+25,4.217483606861621,0.0132750740590688,1.2667717729568978e-05,-4.897301622428038,0.046418203951605,1.4885847468786189,9494193.515591832,0.1328007821237597,0.0100341645320919,-0.0095753116681453,-0.8767993672042003,0.0316338441330915,0.0325001478973213,1865.6180089527975,3.2708227253768807,0.6875743206732482,0.15266974840794834,0.9999565877835362,B,34.6675267917166
D25-2027,350786197138.25037,15034371725.90165,13772808349956.557,0.43643396043921456,2.3120121744908996e+25,1.118748799985079e+25,2.214676854588587e+24,2.5334798599497583e+25,4.240701449482371,0.0133481552157521,1.2737455303920354e-05,-4.894917326934079,0.046273965595877,1.4910574751135477,9509964.576274203,0.1330213810814385,0.0101162299847211,-0.0095814909666838,-0.8760785474586105,0.0318323121219029,0.032465926091749,1869.6718159200223,3.271765381379659,0.8398150548569702,0.08741639866963484,0.9375539582352461,B,36.8896567064618
D25-2663,706144811198.4052,15008933163.669497,37840670249566.87,1.1990984818099877,2.0266403792807182e+25,9.898075361433727e+24,5.791867089240846e+24,2.605827088204803e+25,4.361800890838611,0.0137293313393298,1.3101191997007555e-05,-4.88268918875859,0.0463523950978745,1.5076601323066838,9615856.323852029,0.1345025502692892,0.0106490769744098,-0.009946702149309,-0.8712694810342165,0.0330913899514643,0.0333663957113893,1880.9419250133526,3.2743753867063603,0.6190065698368895,0.22226597902284292,0.9546452378459779,B,33.2042613975605
D25-3245,494910381718.12915,15108019218.07485,27530406675913.53,0.8723859443022768,2.1529971180288016e+25,1.0764776473788223e+25,3.4874046292960734e+24,2.501737580958409e+25,4.187569182415066,0.0131809145466723,1.2577866168720004e-05,-4.9003930305723005,0.0460483925760222,1.4851674435564353,9472397.955002945,0.1324959149975234,0.0098911232870906,-0.0094757460311831,-0.8777975113225133,0.0312679679149389,0.0322261694924499,1860.9195802274744,3.2697276054692437,0.7054253126463224,0.1393992981454137,0.9999611495450874,B,34.91888696540909
D25-3929,680755180569.5674,14993698821.85039,37374436483474.055,1.1843244252881733,2.008631705130729e+25,9.769747928795578e+24,5.056651488749382e+24,2.5142968540056673e+25,4.208591700990371,0.013247085637543,1.2641009824060673e-05,-4.8982182311565134,0.0463994914307704,1.487223734114249,9485512.976180678,0.1326793623927247,0.0100403694805892,-0.009531132699152,-0.877196624204007,0.0316806453304384,0.0323752027377104,1865.0935949460334,3.2707006306480184,0.6226754953618838,0.20111592951696802,0.9469958290181064,B,33.78856017624606
D25-4117,591479592850.171,15047327418.004627,33596145286007.27,1.0645976020358732,2.090255554143485e+25,1.0450991225053571e+25,4.592770159045222e+24,2.5495325700480073e+25,4.267571507562531,0.0134327321920337,1.2818162745339405e-05,-4.892174218712776,0.046234123886184,1.494304275424327,9530672.668656357,0.1333110371601907,0.0102767894486249,-0.0096260329556448,-0.8751338927516826,0.0322515146863741,0.0325490590824201,1873.3511022195635,3.2726191801871076,0.6532214756561157,0.18014165470962157,0.9999451669328762,B,33.972714301104055
D25-4419,797689330434.8434,15024938686.663313,42230372293948.664,1.3381997456697805,1.9270001861401068e+25,9.481602584320572e+24,6.352582786198097e+24,2.5622584647599165e+25,4.288872928191083,0.0134997811631186,1.2882144116440003e-05,-4.8900118465692906,0.0463030175702167,1.49716609647146,9548925.363294972,0.1335663481689555,0.0103875031775732,-0.0096870449420122,-0.8743029478893835,0.0325262363891426,0.0326982981570963,1875.5112027331475,3.273119662605994,0.585505385264329,0.24792903891502352,0.9686571129685845,B,33.00853753218333
D25-5970,332678863404.87604,15005823417.936888,12806959097427.95,0.4058280445099738,2.300224356091372e+25,1.11629994568209e+25,1.9822968366446263e+24,2.498454039755835e+25,4.182072980074043,0.0131636145403363,1.2561357665941856e-05,-4.900963418324824,0.0463620009794604,1.4844238843006448,9467655.534069512,0.1324295800099243,0.0098902442840665,-0.0094521033738617,-0.8780149982780262,0.031280397180502,0.0321594241718815,1860.3394324302699,3.2695921916277464,0.8501595699158186,0.07934093663929673,0.9428810960120211,B,37.29234373306953
D25-6095,325723843554.50446,15025716171.054836,9324262905574.049,0.2954680617529232,2.4099045013426173e+25,1.1311423497650134e+25,2.0352542384935665e+24,2.6134299251919737e+25,4.374527008121546,0.0137693884362063,1.313941641624924e-05,-4.881423923423955,0.0463006216861848,1.5096890528121838,9628796.778836109,0.1346835559060609,0.0107021706617566,-0.0100233334113499,-0.8706854259192782,0.0332071971113765,0.0335866763912668,1881.3627536433457,3.2744725418111194,0.8885296823365351,0.07787674805721312,0.8845603917581761,B,37.205121221548545
D25-6725,728009572466.7772,15051165723.93639,39190275442589.48,1.2418648896807576,1.987556851537916e+25,9.709713949161363e+24,5.697497700420451e+24,2.5573066215799613e+25,4.280584214756723,0.0134736913676499,1.28572479717444e-05,-4.890851979980114,0.0462223333900047,1.4961494251976335,9542441.033910507,0.1334756480992349,0.0103330796350723,-0.0096934879466711,-0.874597961721313,0.0323832058476426,0.0327439808771947,1874.4314259740777,3.27286955685903,0.6085075519470128,0.22279290454816128,0.9551301256490292,B,33.319675128984855
D25-7086,312340836160.0313,15102509224.667295,7576730660318.517,0.24009210650741872,2.361318976197681e+25,1.0330503323220851e+25,1.600027491090599e+24,2.5213217253067407e+25,4.220350382154499,0.0132840976043558,1.2676328432914735e-05,-4.897006517134409,0.0460651928530986,1.4887512912984693,9495255.735901635,0.1328156400142902,0.0100495896716071,-0.0095565634818192,-0.8767507806008201,0.0316773243464829,0.0324303097636864,1866.4684683562914,3.271020657463749,0.9084305465062086,0.0634598700765148,0.7777420155819319,B,38.009771657583684
D25-7401,806903868953.5353,15018598921.809889,42124647606829.35,1.334849532500233,1.9364371435798155e+25,9.56003669278673e+24,6.763990369730783e+24,2.612836180552894e+25,4.373533160176917,0.0137662601715115,1.3136431274775736e-05,-4.881522601913073,0.0463225633510799,1.509502621830271,9627607.722033467,0.134666923880063,0.0107020889388043,-0.0100169351215774,-0.8707390601071858,0.0332109013207441,0.0335686962197118,1881.3999653818914,3.274481131697817,0.586290538373908,0.2588754097970075,0.9750826489886188,B,32.72401864598426
D25-7464,352476412451.40466,15082837217.31496,13068862796978.195,0.41412727194014104,2.355256314461137e+25,1.1426478393282865e+25,2.3557919501040164e+24,2.5908355094715387e+25,4.336707022649959,0.0136503451500081,1.3025819554909697e-05,-4.885194942348778,0.0461252740433572,1.5045655554011883,9596119.112348778,0.1342264744635592,0.0105236747748648,-0.0099462909951817,-0.8721618166597855,0.0327808368201619,0.0334362976304258,1877.82148784001,3.2736543043673105,0.8473419822145463,0.09092788567594301,0.9423056681202073,B,36.59705069705346
D25-7666,1064272182115.489,14976712575.250923,49373841642400.81,1.5645626296803563,1.715552491543236e+25,8.576964643636115e+24,8.661357613416907e+24,2.5816882528849266e+25,4.321395756561425,0.0136021509635665,1.2979830331246487e-05,-4.886730984475943,0.0464521166781051,1.5017507781696264,9578166.463165876,0.1339753603643187,0.0105155397029929,-0.0098373110488101,-0.8729750661259282,0.0328155625264655,0.0331200172017409,1878.2126496679102,3.2737447611724315,0.5348199922042748,0.33549200232592796,0.9998139981407632,B,32.27667508412836
D25-7709,448451117770.4364,15076177690.995909,22469329591202.367,0.7120100892083798,2.2598024276588556e+25,1.1282725454064077e+25,3.399111508334081e+24,2.599713578492264e+25,4.351567705286505,0.0136971210668717,1.307045539714562e-05,-4.883709280589162,0.0461456487353223,1.5063286869122363,9607364.365126245,0.1343837683254943,0.0105971202353008,-0.0099515565294018,-0.8716531847969451,0.0329639419311059,0.0334139943786522,1879.8478603102812,3.274122702401246,0.7521616367192139,0.13074946165051915,0.9971212984322111,B,35.06958523187515
D25-8467,381130402355.8131,15102273242.742077,16909580907343.545,0.5358322846903296,2.263601794540183e+25,1.0931037200255871e+25,2.438042730124998e+24,2.507406067552683e+25,4.197057459664362,0.0132107801240921,1.2606365347172868e-05,-4.8994101106673345,0.0460659126489015,1.486077240090902,9478200.637299774,0.1325770804747352,0.0099638147552398,-0.0095031149860997,-0.8775315489606137,0.0314710310223435,0.0323022570879124,1862.853064807329,3.2701786006504108,0.8070796522773468,0.09723366157858164,0.9338791270364932,B,36.4349060241278
D25-8474,428006002238.93256,14972639437.659157,21251621881027.152,0.6734232603565276,2.2340035570530157e+25,1.107318895720856e+25,2.987609285880365e+24,2.532764485641052e+25,4.239504009977992,0.0133443861203427,1.2733858650784575e-05,-4.895039975229597,0.0464647534522321,1.4909212535903644,9509095.755399344,0.1330092283807886,0.0101163992417697,-0.0095684909966546,-0.8761182259816706,0.0318356301017295,0.0324232666590901,1869.485452983725,3.271722090130262,0.7638611064809747,0.11795843248821415,0.9828117251650466,B,35.75373119552586
D25-8775,767260815278.8787,14961575346.049265,40553290585468.84,1.2850562332201703,1.972769124254127e+25,9.683751908586516e+24,6.408311176128997e+24,2.613600241867027e+25,4.37481209512073,0.0137702857843362,1.3140272709235932e-05,-4.8813956214667,0.0464991141580358,1.5096679882479005,9628662.429045107,0.1346816766777416,0.0107023404750676,-0.010036443151079,-0.8706914856359051,0.0332081504541703,0.0336328387657609,1881.537867168461,3.274512963201628,0.5980849410145929,0.24519094670542335,0.9641388290597713,B,32.91198615387184
D24-0650,355201851753.73303,15085076720.082523,10734039458394.85,0.34014118495686774,2.4199379092495097e+25,1.1775105437098671e+25,2.618056339666459e+24,2.681743543216156e+25,4.488874733380462,0.0141293126618343,1.3482873520443218e-05,-4.870217539471444,0.0461184263699385,1.5284006196331452,9748139.1520202,0.1363528667825798,0.0112311671549825,-0.0105127254886732,-0.865335726700958,0.0343751035113593,0.0348450760556364,1883.5602962295652,3.2749795273269897,0.8727933409808082,0.09762515682341057,0.9477500064548408,B,36.417893641352066
D24-0983,894587681698.2084,14985180919.977997,36100395810881.97,1.1439525125764307,1.864400684169264e+25,9.300461534133304e+24,7.773127233244986e+24,2.641713407493763e+25,4.421869718947747,0.0139184057296826,1.3281615925056626e-05,-4.876749082751013,0.0464258659081322,1.517232870599094,9676911.248681022,0.1353565608554946,0.0108891157377482,-0.0101815980376409,-0.8685206887351324,0.0336037247922479,0.0339618401973429,1882.8594747698694,3.274817908115769,0.6328125659495745,0.2942456668916058,0.9953889265789534,B,33.184086152061276
D24-1303,828280385023.754,14978126880.485577,34570427839756.34,1.09547075315475,1.9367543359088304e+25,9.597739597726796e+24,7.407346556293229e+24,2.677488991538153e+25,4.481753191286119,0.0141068966888206,1.3461483114822289e-05,-4.870907089213096,0.0464477304506213,1.527389035216005,9741687.26660768,0.1362626205254809,0.0111748326486292,-0.0105158275675954,-0.8656232632110016,0.0342310835094892,0.0348798191521222,1883.063869494562,3.274865050605425,0.6452042786381038,0.27665273619063085,0.9823881658385807,B,33.128879985270565
D24-1355,610520948621.8259,15034618787.894104,28669356244550.176,0.9084770782489852,2.1149937375832593e+25,1.057492323854795e+25,5.173075134102052e+24,2.6323012509934646e+25,4.406115046355101,0.013868815864033,1.3234294876789669e-05,-4.878299192955542,0.0462732051816424,1.514820385561532,9661524.419111451,0.1351413363608718,0.0108513802096577,-0.010134809435915,-0.8692117908181555,0.0335429806290974,0.0338555199058678,1882.1316682167007,3.2746500020772857,0.6953146296674928,0.19652291439475883,0.9999914043862718,B,34.070394918261655
D24-1699,527043729866.2559,14992247318.952415,23884508763988.027,0.7568544111081966,2.232693858330644e+25,1.1163434229506994e+25,4.6108930210401503e+24,2.6937831604346594e+25,4.509027418624518,0.014192745840014,1.3543404527072197e-05,-4.868272149427462,0.0464039836856568,1.531455039222393,9767620.24016042,0.1366253600425281,0.0113396271973034,-0.0105801618427465,-0.8644686805644572,0.0346276415846482,0.0350050139297024,1884.4769298552653,3.27519082509797,0.7387898535484106,0.17116793544348063,0.9999937184337254,B,34.352996316890966
D24-2412,361126855456.5576,15016720314.006506,10873564272121.104,0.3445624595064613,2.419142016178771e+25,1.176798759770424e+25,2.687201278978178e+24,2.6878621440765887e+25,4.499116440823188,0.0141615497580431,1.3513635716825484e-05,-4.869227792404153,0.046328358353395,1.530072371154252,9758801.58322182,0.1365020083816625,0.0112981243671556,-0.0105554157116625,-0.8648609587136507,0.0345357828404773,0.0349526185957961,1883.734702139058,3.2750197384196653,0.8712511614683477,0.09997541298388882,0.9472412344174393,B,36.436146583511565
D24-4455,582813554154.262,15089504709.704006,26585565025790.293,0.8424457191228196,2.1819732574536224e+25,1.090982440945e+25,5.253991604799648e+24,2.707372417933587e+25,4.531773991385603,0.0142643436139809,1.3611726585890331e-05,-4.866086783013759,0.0461048929957653,1.5349826296103068,9790119.211654536,0.1369400661843917,0.0115037821822211,-0.0105878880289751,-0.8634694665701372,0.035031671359789,0.0349478004091922,1885.2882617812604,3.2753777635230334,0.7139243407102217,0.1940623894222051,0.999992322975138,B,33.81903185234676
D24-4763,370171227578.1221,15016112299.972506,12660029249335.812,0.4011721185811282,2.358171003739338e+25,1.1418795085246868e+25,2.6334082416201503e+24,2.6215118279013533e+25,4.388055016406135,0.0138119695885213,1.3180049411268745e-05,-4.880082961593213,0.0463302342245584,1.511899744009943,9642896.567295415,0.1348807778114392,0.0107706786952125,-0.010039365256483,-0.8700499382839677,0.0333647701905923,0.0335913877420238,1881.6659597001672,3.274542528371241,0.8517443571822753,0.10045379973464856,0.9388205977080912,B,36.55707606677636
D24-6554,343713626267.9196,15095279221.957666,10033980020897.46,0.3179576400264108,2.3983819364252054e+25,1.169550732426618e+25,2.3564745196616565e+24,2.634029388391371e+25,4.409007713821718,0.013877920908279,1.3242983350383968e-05,-4.878014166961464,0.0460872561395241,1.5151748563506937,9663785.233804723,0.1351729596850658,0.0108518470957204,-0.0101361951759923,-0.8691101769896572,0.0335368172457212,0.0338520957954024,1882.4861966450133,3.2747318004143686,0.8805724637602551,0.08946272695540347,0.9517586537686605,B,36.85032307607385
D24-6941,453162293469.0221,15009080923.570114,18236071918439.797,0.5778662483344676,2.336167813401022e+25,1.1654301825666313e+25,3.8929991183627175e+24,2.7254677252372937e+25,4.562063079972705,0.0143596824301227,1.3702703495411233e-05,-4.863193739609496,0.0463519387724453,1.539524545417439,9819087.550672429,0.1373452631157672,0.0117342668238641,-0.0106456100478445,-0.8621863143151967,0.0356043290319189,0.0350382599954667,1886.7071809867784,3.2757045024174145,0.7936231922494922,0.14283783595433228,0.9954665775422483,B,34.975490253878604
D24-8088,858842877122.513,14964378000.892418,35385909213306.086,1.1213117985304994,1.8990591397773624e+25,9.445462215116888e+24,7.520457241010272e+24,2.6511048638783897e+25,4.4375897423561135,0.0139678865325521,1.332883290034384e-05,-4.87520787662747,0.0464904054120065,1.5199005701348698,9693925.8363202,0.1355945537447574,0.0109563587278763,-0.010274051702724,-0.8677577538767713,0.0337462807153405,0.0342201200983037,1882.9259660792507,3.2748332445225903,0.6385695262812382,0.2836725677462771,0.9895583427282535,B,33.21731939235538
D24-8741,1050097525229.28,15000735562.769403,37320761768364.33,1.1826235762023831,1.757352204092052e+25,8.786644077477392e+24,9.62888498885117e+24,2.720240702977169e+25,4.5533137541045985,0.0143321427975614,1.3676423846039062e-05,-4.8640274484469845,0.0463777257514405,1.538016776714774,9809471.001886828,0.1372107508796344,0.011706405569299,-0.0106111784952132,-0.8626118590025977,0.0355565938392588,0.0349559022307569,1886.7826888325035,3.2757218829547283,0.6230992703198,0.35397180030108477,0.9999733823587047,B,32.56565298901811
D25-0271,886237025024.4061,15027317956.777538,44580616725710.47,1.412674497607881,1.8869484148160457e+25,9.411373056970688e+24,8.038026860393423e+24,2.6907511008553877e+25,4.5039521623905925,0.0141767708158871,1.352816038640215e-05,-4.868761256495729,0.0462956864292759,1.530756568202971,9763165.391998546,0.136563047501798,0.0112947898091216,-0.0105832670517215,-0.8646668001940931,0.0345111497574536,0.0350323526534863,1884.074003866622,3.2750979572889753,0.5683204771475973,0.298727996723225,0.9950584177148631,B,32.00771035920748
D25-0620,596113074017.5698,15042172555.520802,32630689416836.73,1.0340041516730274,2.1335579064468936e+25,1.0667499018708252e+25,5.06143807575754e+24,2.639701714022648e+25,4.418502417097934,0.013907806712448,1.3271501830179224e-05,-4.877079928706477,0.0462499680436562,1.5165834008988146,9672768.93093264,0.1352986198586225,0.0108718291070836,-0.0101530864256535,-0.868706633489898,0.0335662143994275,0.0338780126859639,1883.0374252151937,3.2748589516698368,0.6612643063913606,0.19174280369899835,0.9999455359305573,B,33.54324891212312
D25-2940,994956140683.7256,14960214143.389065,47310180478555.23,1.4991691535020162,1.8011368823307675e+25,9.00497400716431e+24,9.223826496994644e+24,2.723519532030232e+25,4.558802068946858,0.0143494179769769,1.369290865776889e-05,-4.863504288911821,0.0465033450278137,1.5388841445953598,9815003.074229203,0.1372881311787221,0.011719504101702,-0.0106147951340174,-0.862367006728228,0.0355755293364632,0.0349477850759797,1886.9280388730438,3.2757553379411526,0.5489940576955777,0.3386730437772479,0.999842244426537,B,31.61741312560408
D25-3379,531411315183.3645,15110546295.037931,27288589968602.3,0.8647232352460992,2.2422876954351317e+25,1.1211201293188616e+25,4.702418559373091e+24,2.7125295513724407e+25,4.540406332851998,0.014291515023037,1.363765485858442e-05,-4.865260304865795,0.046040691475758,1.5361093803128916,9797305.627635622,0.1370405867458684,0.0115632686887212,-0.0105787822988744,-0.8631507905858369,0.0351808676567384,0.034889835070117,1886.1094442478236,3.2755668897023966,0.7075908172499766,0.17335916421606684,0.9999576898236784,B,33.68220732374985
D25-3995,412339594133.168,14987675509.73014,16861376315851.826,0.5343047733621006,2.381117280195693e+25,1.1657794226995602e+25,3.385015828781596e+24,2.7196188630738525e+25,4.55227287850064,0.0143288665072384,1.3673297451351698e-05,-4.864126738377739,0.0464181386598839,1.5378303993635258,9808282.287140569,0.1371941236381772,0.0116880505853463,-0.010613268165237,-0.8626644901319512,0.0355071925866331,0.0349674834219059,1886.8086356564745,3.2757278552826805,0.8075729322848151,0.12446655208721703,0.9592225038569325,B,35.25456067152795
D25-4763,370171227578.1221,14995658394.264534,12660029249335.812,0.4011721185811282,2.4456096452316765e+25,1.1903281336821309e+25,2.9200839822873976e+24,2.7376180434604164e+25,4.582401063674494,0.014423698859117,1.3763791068177056e-05,-4.861261928511619,0.0463934281315775,1.5429595779920078,9840996.188433023,0.1376517119178792,0.011896994058118,-0.0107061430664741,-0.8612183830947318,0.0360010425890148,0.0351640708681915,1886.6895808037323,3.275700451074362,0.8517443571822753,0.10666513501629102,0.9482559272403885,B,35.83106982478782
D25-4883,426233337819.9437,15097348696.85698,19036714126855.555,0.6032370689423643,2.332436346422834e+25,1.1510552326042543e+25,3.4006612423441344e+24,2.6725024706572476e+25,4.473406432086719,0.0140806241868137,1.343641262271115e-05,-4.87171666774977,0.0460809387111018,1.525946115617764,9732484.3254101,0.1361338936581729,0.0110998083375103,-0.0104499161713625,-0.8660337337522547,0.0340409657337532,0.0346863499984507,1883.1131371696422,3.2748764131512567,0.7856099727563919,0.12724632735354632,0.9743301455731731,B,35.086792178537884
D25-5134,396033559194.35675,15101333501.773092,16194719548107.014,0.5131796951639863,2.3524220871525186e+25,1.1441103050103726e+25,2.9682191891360945e+24,2.649244006066128e+25,4.434474918928272,0.0139580822237414,1.3319477154681388e-05,-4.8755128227102675,0.0460687792848436,1.519326338977717,9690263.38999988,0.1355433249874094,0.0109667322568613,-0.0102424858887664,-0.8679218649703577,0.0337893030104627,0.0341241556979804,1883.0268845979688,3.2748565206269653,0.8144258617805793,0.11204023420793216,0.9468667954077594,B,35.682647528645305
D25-6044,1011361104768.5122,14976532308.302126,47886643054831.55,1.5174361502405616,1.7782740310579206e+25,8.890639420931308e+24,9.015275852851058e+24,2.6798016163430263e+25,4.48562421134717,0.0141190812241466,1.3473110187747743e-05,-4.870532138392852,0.0464526758049554,1.5279891649144497,9745514.89382436,0.1363161597636709,0.0112119064790597,-0.0105160540220683,-0.8654526571499901,0.0343273069884586,0.0348663366932624,1883.210163297776,3.2748987893036454,0.5449972882081009,0.3364157927911729,0.9998356441593808,B,31.807738839925648
D25-6384,538310731799.6191,15065720033.37983,28414990840887.996,0.9004167250008871,2.219885406926411e+25,1.1099184379596243e+25,4.708354385565843e+24,2.6907208454829954e+25,4.5039015190033735,0.0141766114092887,1.3528008272916016e-05,-4.868766139821855,0.0461776800882133,1.5307486804184816,9763115.083709076,0.1365623438106232,0.0112950319872683,-0.0105829842157089,-0.8646690380614164,0.034512032046487,0.0350315656172351,1884.0722356374972,3.2750975496974952,0.6975600400961146,0.1749848704472602,0.9999562770708325,B,33.70683185842834
D25-7299,686466656679.2546,15039462879.903522,35899614341554.58,1.1375901317449546,2.0966358759688087e+25,1.0343782732218629e+25,6.413784758887558e+24,2.7380143518575644e+25,4.5830644301455665,0.0144257868907142,1.3765783568916863e-05,-4.861199062877885,0.0462583009483423,1.543061797106675,9841648.141946372,0.1376608311691709,0.0118947241509067,-0.0107149140447653,-0.8611896125892393,0.0359921623540681,0.0351916498958229,1886.71271250875,3.275705775697111,0.6344250947995764,0.23424949378136836,0.973754643456551,B,32.57740533803888
D25-8549,685605140038.4938,15064837470.137602,36170192260535.695,1.1461642286021654,2.0755584335402376e+25,1.0187646964011868e+25,6.01884896101611e+24,2.6774433296418484e+25,4.4816767594687965,0.0141066561098095,1.346125354269406e-05,-4.8709144957341906,0.0461803853761487,1.527382180986444,9741643.55033154,0.1362620090406135,0.0111738036673439,-0.0105157248473592,-0.8656252121321256,0.0342282002163687,0.0348796273662196,1883.048656223493,3.274861541926578,0.6322529728409231,0.22479836993678698,0.9640146989886446,B,32.890511628400986
D24-1423,714461585289.1273,15064274190.91595,30239330604877.03,0.9582265636447965,2.1128143020289726e+25,1.0459324689293908e+25,7.460647783704776e+24,2.8588790803994502e+25,4.785375582336464,0.0150625873572152,1.4373449373551788e-05,-4.842438996365902,0.046182112140492,1.581249472041224,10085209.132678926,0.1410676597756242,0.0135152616072026,-0.0115577199987248,-0.8505725382712995,0.0397340488179511,0.0371243603029393,1875.9950735763805,3.273231693573215,0.6816147758911665,0.2609640902567434,0.9803639320492248,B,32.40128599762499
D24-2286,461929762843.3944,14966509858.73531,18199352258833.742,0.5767026725363698,2.368945394797057e+25,1.183440631995441e+25,4.2649116284525194e+24,2.795436557642309e+25,4.679181409464546,0.0147283274902123,1.4054482441640568e-05,-4.852185142719518,0.0464837832311285,1.5607054263259723,9954179.20910705,0.1392348683643911,0.0127236097099952,-0.0111448438371607,-0.8562519914355582,0.0379769267051469,0.0362326997523885,1882.974564526766,3.2748444535481154,0.7939926545180176,0.1525669261494375,0.998258859119809,B,34.55835578265073
D24-2526,473146673363.5861,15019926942.413937,18782607099245.113,0.5951849031372827,2.373041779618326e+25,1.1865179934078032e+25,4.502980645200608e+24,2.823339844138387e+25,4.725887724110989,0.0148753416445647,1.4194770458212102e-05,-4.847871626000954,0.0463184676375123,1.5701468766032631,10014396.778975612,0.1400771663819114,0.0131275542508616,-0.0113707353569663,-0.8536326521698041,0.0389047994061998,0.0367671001576029,1878.9676014368595,3.273919291735172,0.7881443967893978,0.1594912725277961,0.9999951178368381,B,34.21629586108901
D24-4523,635844525055.7856,14970137575.200592,28746908631180.605,0.9109345650867178,2.1408809951806216e+25,1.0704356157126234e+25,6.033361307542746e+24,2.744217125934896e+25,4.593447032129651,0.0144584674706791,1.37969689589487e-05,-4.860216312800774,0.0464725188065399,1.5450311663854632,9854208.779206485,0.1378365240755117,0.0119608586223777,-0.010787257642152,-0.8606356873436802,0.0361399126577673,0.0353921508249392,1886.1693149754615,3.2755806752831043,0.6946314748710903,0.21985728645605288,0.9999908787916113,B,33.41800610221145
D24-4897,848917415428.081,14978788253.888988,34543154036168.12,1.094606498471624,1.943171399624825e+25,9.660730862795762e+24,8.211171866170127e+24,2.764288586241838e+25,4.627043932646777,0.0145642180518537,1.3897881278239507e-05,-4.857051402573512,0.0464456795975718,1.550422628092504,9888595.52197399,0.1383175113575503,0.0122670702906641,-0.0108925950974749,-0.8591228335962383,0.0369033403354499,0.0356228095485418,1886.7739784387797,3.2757198780154826,0.6454273655244137,0.29704466845603655,0.9887163585126598,B,32.60748040278787
D24-4963,711331450937.0115,14994079446.510748,30732952232454.785,0.9738684891263844,2.079240069459796e+25,1.024546404391198e+25,6.77399416321778e+24,2.756639485781574e+25,4.614240376588621,0.0145239172064361,1.38594242623508e-05,-4.858254810480163,0.046398313579824,1.54823950398547,9874671.556419328,0.138122748788946,0.0121313128703285,-0.0108420970468895,-0.8597347873165574,0.0365610079738205,0.035502822229282,1886.8630398976766,3.27574037754947,0.677363382742635,0.2457337710700748,0.9714160977012799,B,33.081393544571704
D24-4965,511141456506.89154,15002683241.224957,21870297517649.324,0.6930279082582111,2.299032662592178e+25,1.149513010083861e+25,4.7863720826192497e+24,2.777669870854103e+25,4.649442387021028,0.0146347200782618,1.3965157721740083e-05,-4.854954155036761,0.0463717049019823,1.554864025870567,9916922.757002477,0.1387137407962076,0.0124329014537024,-0.0109934009540145,-0.857880516169748,0.03727901986001,0.0358594183772449,1885.0917410373704,3.275332490699252,0.7578944407184418,0.1723160888499501,0.9999942215651194,B,34.09574433161333
D24-5230,318804537188.225,15013750814.291492,2009380286785.2827,0.06367341897943071,2.6358402779676385e+25,1.3176253628501129e+25,2.0597169614150633e+24,2.841811974109145e+25,4.756807562701525,0.0149726658277615,1.4287641901001232e-05,-4.845039443279722,0.046337521423212,1.5761115146879137,10052439.240679514,0.1406092883214837,0.01333484672488,-0.0114721494602739,-0.85198598988853,0.0393491377200161,0.0369628500840343,1876.973538050865,3.2734581498938558,0.9748522405801673,0.07247900213597862,0.999552764681501,B,37.118996132513
D24-6696,646954351517.3518,14973499352.963734,28815976506922.656,0.9131231939983604,2.1374794400869224e+25,1.068734687218734e+25,6.215017948091307e+24,2.758981234896053e+25,4.618160146791291,0.0145362551891256,1.3871197762172212e-05,-4.8578860364722924,0.0464620850210474,1.549012578484044,9879602.225571234,0.1381917169133782,0.0121900750375646,-0.0108633049589198,-0.8595179874004618,0.0367132429783113,0.0355566900278575,1886.5814145754239,3.2756755517251483,0.6940236247700375,0.22526495901757965,0.999990581802224,B,33.3163246844789
D24-8694,379718194252.7648,14961483463.551086,10658468536755.844,0.33774648695578385,2.517301296771767e+25,1.2278606423463866e+25,3.4133439391113155e+24,2.8586356906828984e+25,4.784968180983058,0.0150613050088666,1.4372225694735538e-05,-4.842475971455656,0.0464993997216153,1.5811536749434163,10084598.13878911,0.1410591134503036,0.0135156078469859,-0.0115557891418626,-0.8505988500026248,0.0397373221286836,0.0371202332381592,1876.062670104939,3.273247341946112,0.8736297721044443,0.11940464992570995,0.9522428489689306,B,35.393328008273514
D24-8753,568094583988.987,15003874212.200935,24220907400223.055,0.7675142406337317,2.270237919964625e+25,1.135114956970903e+25,5.801175517656837e+24,2.850355471730309e+25,4.771108218222203,0.0150176789869879,1.4330595634642076e-05,-4.8437357582793945,0.0463680240290382,1.578512255879039,10067751.16799651,0.1408234651149291,0.0134499941758075,-0.0114742203864934,-0.8513249735969564,0.0396161914617146,0.0369111291930043,1876.894243467491,3.273439802311035,0.7356464104668834,0.203524633162166,0.9999929469995056,B,33.27203002706501
D24-8856,792843583407.4133,15044744808.9813,32626594971115.832,1.0338744065174739,2.029407687287888e+25,1.0055115005342457e+25,8.2824206888326e+24,2.857649756171148e+25,4.783317860418379,0.0150561104118606,1.4367268759030408e-05,-4.842625784101017,0.046242060522335,1.5808791906263011,10082847.47781455,0.1410346259415675,0.0134821895620888,-0.0115639801044831,-0.850674248981484,0.0396499980048684,0.0371544366247778,1876.0669264561134,3.2732483272584685,0.6612986256180214,0.28983330343218433,0.9820443845213578,B,32.14860168579681
D25-0650,355201851753.73303,14977583103.27876,10734039458394.85,0.34014118495686774,2.5096668063248535e+25,1.2276599878270291e+25,2.9220482057912623e+24,2.8018716269039795e+25,4.689952842060827,0.0147622319647206,1.408683573104062e-05,-4.85118654974941,0.0464494167852557,1.562926439662144,9968344.832165156,0.139433011136423,0.0128119909429046,-0.0111716551484714,-0.8556343936903248,0.0381774381479702,0.0362697793127995,1881.9490041980018,3.2746078510277576,0.8727933409808082,0.10428915364049265,0.9576080018556568,B,35.75212802535219
D25-0806,1005690538468.2584,14993257493.383308,47099699432582.61,1.4924994116340473,1.8125737004418448e+25,9.06214482042083e+24,1.00119246981431e+25,2.813766170256154e+25,4.709862693341626,0.0148249007916551,1.414663735674286e-05,-4.849346779288995,0.046400857205782,1.5669481044134854,9993995.00994921,0.1397917950253064,0.0130129218739056,-0.0112805970791353,-0.8545183184315844,0.0386550790304273,0.0365407095871369,1880.249452849362,3.2742154709706917,0.5504606726750887,0.355819357129866,0.9998403101609821,B,31.03812002470535
D25-0873,690231842076.1873,15003721214.345877,36003798083212.13,1.1408915152993933,2.094454085469227e+25,1.03346903920078e+25,6.484864278181325e+24,2.7429405132873593e+25,4.591310155815606,0.0144517413766457,1.379055059470769e-05,-4.860418394051144,0.0463684968589527,1.5443986709786044,9850174.72350154,0.1377800974025281,0.0119461425938683,-0.0107561178261595,-0.8608135125627828,0.0361114310554632,0.0353007726652153,1886.8363939282447,3.275734244470939,0.6335878555010579,0.2364201573737137,0.9740656033141631,B,32.56228229536479
D25-1058,482014718057.3408,14998292533.680178,22129879324302.137,0.7012535593423498,2.3694696393060095e+25,1.1847148639251584e+25,4.6662632853501903e+24,2.8360959678410285e+25,4.747239743967441,0.0149425498832509,1.4258903810161029e-05,-4.845913860704155,0.0463852800868989,1.5745384225430643,10042406.058979666,0.1404689483995365,0.0132751392027814,-0.0114627945996961,-0.852419668849008,0.0392180923464803,0.0369699038163192,1876.9430278922548,3.273451090390378,0.7554048685436402,0.16453121961533526,0.9999663124753561,B,33.65510381097555
D25-1507,546029224304.9983,15059534042.867607,27263930185789.836,0.863941813882863,2.276430900459598e+25,1.1381905664999592e+25,5.329557455501008e+24,2.8093866460096985e+25,4.702531964128584,0.0148018263751828,1.4124618632527394e-05,-4.850023269386391,0.0461966484500556,1.5654959783510387,9984733.349922923,0.1396622468237414,0.0129693251710255,-0.0112400165862398,-0.8549209755034821,0.0385653526668322,0.0364388166996441,1880.8072708306145,3.274344295017091,0.7078120224514812,0.1897053744122698,0.9999562768440068,B,33.094978416090385
D25-2412,361126855456.5576,15111041109.270882,10873564272121.104,0.3445624595064613,2.533929816351876e+25,1.239242579391691e+25,3.112871725381424e+24,2.8452169888900188e+25,4.762507095326602,0.0149906058424131,1.4304761130668772e-05,-4.84451938990336,0.0460391838635907,1.5771123633569957,10058822.653490918,0.1406985768126632,0.0133742627205353,-0.011477057065541,-0.8517102954972591,0.0394363821035183,0.0369548601224736,1876.8381147174891,3.2734268144876757,0.8712511614683477,0.1094071818612268,0.9571752497547797,B,35.26375117113613
D25-4125,757562351848.78,15006015945.476324,38448747812643.16,1.2183672970264898,2.0572963612033696e+25,1.0158656059808e+25,7.698366481777391e+24,2.8271330093811088e+25,4.732236967930616,0.014895326709068,1.421384117335902e-05,-4.847288541709064,0.0463614061538915,1.5712586376893365,10021487.591182588,0.1401763496780421,0.0131742735463448,-0.0113675456310508,-0.8533252536357162,0.0390107989516921,0.0367291984153781,1878.8304016653753,3.2738875789588855,0.614253899744507,0.27230294634997204,0.9754518971966545,B,31.751416702242558
D25-4346,622359789324.8416,14960748964.968964,32446122790540.453,1.028155588211412,2.17479537670508e+25,1.0873663468975622e+25,6.083233215521797e+24,2.7831186982572595e+25,4.658562984595862,0.0146634283364449,1.3992552530202412e-05,-4.85410305400964,0.0465016826115458,1.5567870052385462,9929187.519411448,0.1388852951296851,0.012543285881756,-0.0110399724648858,-0.8573437339751538,0.0375515867091684,0.0359714224229645,1884.1263673688547,3.275110027337186,0.6628130958279892,0.21857613257138517,0.9999423567807764,B,32.7280022012097
D25-4619,484746918600.9329,15094265566.034758,22480868060468.12,0.7123757212357125,2.3669416796924596e+25,1.1834506831644331e+25,4.706971917417208e+24,2.8376388714341803e+25,4.749822355184259,0.0149506789854277,1.426666099263037e-05,-4.8456776584310095,0.0460903511307943,1.574906535502029,10044753.88343194,0.1405017887796109,0.0132778480660082,-0.0114728709951498,-0.8523181465619681,0.0392169775340049,0.0369947987451335,1877.086335004166,3.2734842480894444,0.7520516390095009,0.16587635462712144,0.9999659369072417,B,33.50579400019208
D25-5230,318804537188.225,15002960912.53557,2009380286785.2827,0.06367341897943071,2.575150946640386e+25,1.287565916750852e+25,1.7834093305596715e+24,2.7534918796963533e+25,4.608971711185353,0.0145073334019828,1.3843599194049036e-05,-4.858750983080065,0.0463708466652549,1.5475926246636895,9870545.760105014,0.1380650388869385,0.0121029175476579,-0.0108344550097474,-0.8599162804417145,0.0364935511371741,0.0354921993422053,1886.2844788504137,3.2756071911998816,0.9748522405801673,0.06476900635553501,0.9999851558240905,B,37.76652401568232
D25-5643,464537691861.02185,15063246556.598278,21187819290231.46,0.6714014782566311,2.3609684277963453e+25,1.1800553439932636e+25,4.224141515629195e+24,2.783382579359265e+25,4.6590046857474885,0.0146648186478359,1.399387923257549e-05,-4.854061878376742,0.0461852627443887,1.556858039343188,9929640.574930852,0.1388916322795677,0.0125470789726779,-0.0110408953703968,-0.8573239181520678,0.0375608232650995,0.0359728462813211,1884.1330657529986,3.2751115713239116,0.7644791006219477,0.1517628782674063,0.9992736638948433,B,34.093929573662386
D25-6543,317818378926.0905,15100747930.670555,2377170995008.742,0.0753280032387996,2.638520860171691e+25,1.3188722432864863e+25,2.067349819618128e+24,2.845255842133504e+25,4.762572130383154,0.0149908105486485,1.4304956471259447e-05,-4.84451345937711,0.0460705657225752,1.5771217990038742,10058882.83404671,0.1406994185929434,0.0133749220808005,-0.0114768506895992,-0.8517076971807349,0.0394380151225202,0.0369539357547101,1876.8412862979587,3.2734275483808775,0.9703182181894279,0.07265954045341433,0.9994116815728182,B,36.89753576419428
D25-6554,343713626267.9196,14981274952.513723,10033980020897.46,0.3179576400264108,2.512184675006064e+25,1.2315546953295737e+25,2.752913415906368e+24,2.787476016596701e+25,4.665856544134279,0.0146863857565684,1.4014459610843143e-05,-4.85342364371558,0.0464379702131605,1.5580024570525826,9936939.671081372,0.1389937289638193,0.0126129126696519,-0.0110403172837817,-0.8570047935433599,0.0377230209712254,0.0359433362876687,1884.1330026024891,3.275111556767658,0.8805724637602551,0.09876007540568793,0.961678794713744,B,35.97924246682783
D25-7038,567989570788.8251,15019698006.663685,29103344213842.824,0.9222293271301627,2.2456854274685145e+25,1.1228160356966705e+25,5.590504349666811e+24,2.804735862435196e+25,4.69474718361487,0.0147773227736311,1.41012361107853e-05,-4.850742815531646,0.046319173640598,1.5638646026108576,9974328.43545205,0.1395167072602815,0.012914066294987,-0.0111832522642668,-0.8553737820930224,0.03844643568501,0.0362863313980916,1881.6132474712422,3.2745303620509163,0.6915002745430212,0.19932373755911859,0.9999524823852494,B,32.93219525127696
D25-7669,403788999088.56506,14995996191.344189,15910914404675.092,0.5041864528568425,2.410963475740621e+25,1.1764059433182424e+25,3.391928462128031e+24,2.7501563219534243e+25,4.6033884402153,0.0144897593358979,1.382682917020324e-05,-4.8592774028097105,0.046392383081663,1.5465739413598338,9864048.59799302,0.1379741593184275,0.0120355607778019,-0.010807392809181,-0.8602022434267159,0.0363216441316487,0.035424128023821,1886.4821378484767,3.275652697440239,0.8173608693087839,0.12333584222291621,0.9528968172183644,B,35.19954914651682
D24-0452,349398370885.6601,15014561277.576412,7487938333509.153,0.23727844745827165,2.5956527245201024e+25,1.276541788666493e+25,3.100151005973795e+24,2.905667825117482e+25,4.863693590970309,0.0153091033989329,1.4608686903556972e-05,-4.835388818711009,0.0463350201939631,1.5976873860527545,10190050.148244468,0.1425341317664139,0.0139845832362652,-0.0119943743756033,-0.8460811253898218,0.0406473991345869,0.0381760733892589,1867.6652807026287,3.2712990454651516,0.9094535275933052,0.10669323517213981,0.9677289104122472,B,35.57230203110862
D24-2053,442783348446.0166,15046685120.7032,14482406751958.896,0.4589197769145593,2.5043008649140965e+25,1.2389563569717126e+25,4.716505370238016e+24,2.975951401937898e+25,4.981338759897389,0.0156794067541512,1.4962048275203108e-05,-4.825008948334779,0.0462360974805517,1.622370606015505,10347479.72516689,0.1447361904152477,0.0146934241052062,-0.0125693236738272,-0.8394228625750321,0.0419918586076466,0.0394545430537129,1855.078919245255,3.2683623902118026,0.8322953520038853,0.15848731155914353,0.9791454810883228,B,33.80922016305501
D24-3311,385385526659.8121,15023672527.20814,10618055379851.535,0.33646587129095795,2.5337235299746444e+25,1.2368062737542143e+25,3.5706820874873236e+24,2.8907917387233766e+25,4.838793041283145,0.0152307257045488,1.4533895116759058e-05,-4.8376179781992565,0.0463069198786165,1.5923507614466572,10156013.15650678,0.1420580366545457,0.0137970999122905,-0.011873263812018,-0.8475341918882993,0.0402553119170847,0.0379056184816899,1870.5788472303161,3.27197601897386,0.8740774003311661,0.12351917433748438,0.9536508731163038,B,35.09523045217319
D24-3545,382899345730.22815,14995162522.451906,9504268379857.771,0.3011720910290317,2.6063680052660814e+25,1.275541247383557e+25,3.876308132993169e+24,2.993998818565398e+25,5.011547685992096,0.0157744932485005,1.5052784407065854e-05,-4.822383158490358,0.0463949623058999,1.6296797559283809,10394097.483311214,0.1453882599914845,0.0147853072409768,-0.0127219042705928,-0.8374706610613372,0.0420615089378534,0.0397685394906109,1849.6253842163117,3.267083777028834,0.8865047135829073,0.12946926060747538,0.9584577705764409,B,34.58749352932629
D24-3744,368142258203.4593,15034884132.513184,8125855420921.726,0.2574928201422708,2.631325590374066e+25,1.2917332495971194e+25,3.6230443878997177e+24,2.9936300291640377e+25,5.010930382585179,0.0157725502063437,1.5050930262262633e-05,-4.822436656529822,0.0462723885244674,1.629540249521502,10393207.71144814,0.1453758142372313,0.0147797063386496,-0.0127162348827904,-0.8375078398112425,0.0420497532408025,0.0397535443131992,1849.7142251193034,3.2671046364891803,0.9021295643425662,0.12102512176200485,0.9642733914467818,B,34.793072977160996
D24-4440,340703058634.7711,15104243137.859034,5482232547468.425,0.17372146638110708,2.669325102409534e+25,1.277135777349581e+25,3.0236337639666816e+24,2.9716884788062023e+25,4.974203205125711,0.0156569466744267,1.4940615780825554e-05,-4.825631502607405,0.0460599047334067,1.6208177451957746,10337575.578858651,0.1445976553860383,0.0146604889053848,-0.012527531978733,-0.8398387489582312,0.04194039988953,0.039356667392789,1855.9728065379961,3.2685716087055745,0.9328707805955271,0.10174800573919333,0.9173578293990888,B,35.36996642505534
D24-4766,748621171425.822,15051886880.56796,30826330734182.613,0.9768274752890782,2.109098606337431e+25,1.0451478574091805e+25,8.552429269119462e+24,2.9643415332493773e+25,4.9619054153683795,0.0156182377937269,1.490367789466756e-05,-4.826706544188044,0.0462201188143495,1.6181651287040824,10320657.190874638,0.1443610080970547,0.0146188405213003,-0.0125073103978677,-0.840550093850966,0.0418921729608429,0.0393575925138192,1857.4590882164805,3.268919256910406,0.67656213346262,0.2885102533966346,0.9823272914295977,B,31.62484731684264
D24-6543,317818378926.0905,15031006824.244524,2377170995008.742,0.0753280032387996,2.6901384845739572e+25,1.32234859719694e+25,2.344573446761863e+24,2.9245958292501435e+25,4.895376501038036,0.015408829448104,1.4703850323027368e-05,-4.832568926810394,0.0462843246719746,1.6045270460755403,10233673.499869796,0.1431443168448189,0.0140967596530573,-0.0122330067187766,-0.8442258897795124,0.0407918981881025,0.0387969410330626,1863.8393057120381,3.270408466145148,0.9703182181894279,0.08016743453275743,0.9667775799489062,B,36.42021239172145
D24-7121,1143584496919.6384,14972294582.520676,37177740149018.84,1.1780914945692589,1.7150891221174988e+25,8.575310224981298e+24,1.1942040300282966e+25,2.9092931521457954e+25,4.869761896397502,0.0153282041735816,1.462691378655503e-05,-4.8348472984037745,0.0464658236695523,1.5993535884011498,10200677.186822534,0.1426827783083776,0.0140263495151592,-0.0120514209399829,-0.8456284427017106,0.0407227362216182,0.0383241177449493,1866.1012354374939,3.270935200396164,0.6242298695071843,0.4104790983842561,0.9999684253215599,B,31.35347442880355
D25-0052,833663934995.3763,15016899806.78708,41358886165399.125,1.3105840166995946,1.9973955527715268e+25,9.93949088608318e+24,9.064874436015892e+24,2.903882996373116e+25,4.860706029883693,0.0152996996647687,1.459971340559636e-05,-4.8356556693929384,0.0463278046035553,1.5968809167149034,10184906.486807654,0.1424621843955638,0.0139661122446335,-0.0119736299049306,-0.8463004008333239,0.0406157170963408,0.0381271789831961,1868.4038162453253,3.2714707456702268,0.5920089022185627,0.31216390079551115,0.9905352443861462,B,30.954502390347237
D25-0136,1105273600035.4224,14967629136.475056,48490633155323.48,1.536575441583754,1.7545403374479624e+25,8.771850337743086e+24,1.2138661624560386e+25,2.968406499904001e+25,4.968709617863481,0.0156396548993888,1.492411513275013e-05,-4.8261114092341835,0.0464803071786852,1.619612495139749,10329888.49400132,0.1444901316790874,0.0146112094747894,-0.0125036425039029,-0.8401618131404298,0.0418356537126757,0.0393087100247511,1856.6832969619907,3.2687378304431935,0.5408408739213891,0.40892854886798535,0.9998059282269883,B,29.92595290012798
D25-1699,527043729866.2559,15020595558.25464,23884508763988.027,0.7568544111081966,2.3945961843981386e+25,1.1972747174349206e+25,5.990039573834923e+24,2.993600141781631e+25,5.010880355163253,0.0157723927385755,1.5050779998902117e-05,-4.822440992399628,0.04631640585101,1.6294896161934973,10392884.772082126,0.1453712970973273,0.0147831102857204,-0.0127125218467838,-0.8375213344865667,0.04206022925537,0.0397426820821026,1849.8107116287515,3.267127289970023,0.7387898535484106,0.20009484534130104,0.9999609549067754,B,32.3069883288843
D25-2286,461929762843.3944,14971207171.547134,18199352258833.742,0.5767026725363698,2.4847552202990683e+25,1.2375277839021203e+25,5.030277996332873e+24,2.987783019932356e+25,5.001143282669404,0.0157417440460082,1.5021533534099326e-05,-4.8232857283571455,0.0464691986443272,1.6273630510339228,10379321.53949436,0.1451815803096061,0.0147238447643924,-0.0126783588905479,-0.8380884805873132,0.0419516787909211,0.0396850824416418,1851.0444432591332,3.2674168462139983,0.7939926545180176,0.16836155647095016,0.992223028285163,B,33.210470913466914
D25-3171,861158636150.339,15007572928.669125,42635417490021.55,1.3510348534115886,1.9610259682581574e+25,9.777116384080937e+24,9.161724690892138e+24,2.877198437347371e+25,4.816039699620654,0.0151591066245909,1.4465552726733892e-05,-4.8396649673679235,0.0463565963201815,1.5880050620502146,10128296.28575627,0.1416703447344635,0.0136297058339044,-0.0118007126341844,-0.8487210493012621,0.039892646443598,0.0377713404503954,1871.9866386731017,3.272302744631119,0.5825070786864894,0.3184251934787917,0.9943022375735903,B,31.013998367183966
D25-3411,526296904674.4195,14963963621.472614,25377933981633.117,0.8041782005486195,2.3299589700576015e+25,1.1649561688132728e+25,5.408370238851686e+24,2.87079599394277e+25,4.805322878281226,0.015125374046063,1.443336346879221e-05,-4.84063245160072,0.0464916928160465,1.5857900514987389,10114168.948458957,0.1414727374875364,0.0135481083531458,-0.0117366523295219,-0.8493272428214043,0.0397173450229992,0.0376119684088336,1873.0425675193508,3.272547647438607,0.7249364521185306,0.18839270537729136,0.9999599722584305,B,33.00812708558172
D25-3608,827917947919.7062,14997792774.31544,41238766906171.82,1.3067776670650435,1.999645888118186e+25,9.94991756589162e+24,8.929546550691455e+24,2.8926005431873315e+25,4.841820734470442,0.0152402557596803,1.4542989156296287e-05,-4.837346319703737,0.0463868257462141,1.5929872947979598,10160072.966221388,0.1421148235637747,0.0138308678569777,-0.0118786838763927,-0.8473606197770719,0.0403340000370117,0.037907865353745,1870.2537458547645,3.271900533246924,0.5929109458904729,0.30870306554157195,0.9903823866974434,B,31.0530567665118
D25-6941,453162293469.0221,15033916668.613396,18236071918439.797,0.5778662483344676,2.4499408833239737e+25,1.217833941461101e+25,4.5588281279772144e+24,2.905823696121695e+25,4.863954497877029,0.0153099246371006,1.4609470568736526e-05,-4.835365522138422,0.0462753662491974,1.597870054745551,10191215.209167125,0.1425504281481442,0.013974322599229,-0.0120057601267619,-0.8460314739553825,0.0406144948353022,0.0382093878878065,1867.338447400446,3.271223039168861,0.7936231922494922,0.15688591617109218,0.9884157779517161,B,33.71651683765821
D25-7119,630500750885.6709,14975029843.13446,31990000606148.348,1.0137019483784682,2.2130551393796265e+25,1.1064955033626044e+25,6.81419535830675e+24,2.8944746752103018e+25,4.844957777125476,0.0152501300063767,1.4552411640071903e-05,-4.837065029002071,0.0464573364652728,1.5935789928267283,10163846.816248871,0.1421676105892809,0.0138494474548824,-0.0118810849287177,-0.8471993357060023,0.0403714200184819,0.0379011613508287,1870.075996373018,3.271859255806451,0.666656219253047,0.2354207973096761,0.9999420432009896,B,32.0243713019362
D25-7942,585264168415.1704,15082937213.083147,29195477389555.49,0.9251488512927311,2.263383545918275e+25,1.13166364708596e+25,6.154438247822399e+24,2.878827370700515e+25,4.818766312980006,0.0151676889920996,1.4473742436905556e-05,-4.839419159996957,0.0461249682453454,1.588617723698192,10132203.841747068,0.1417250019826983,0.0136410432214057,-0.0118188949351192,-0.8485535282613181,0.0399096393043113,0.0378169034622638,1871.6020401359078,3.2722135099221967,0.6906932051824626,0.21378281693649515,0.999950295345683,B,32.36795781588424
D25-8558,576015014365.2338,15016319059.26747,28710891940652.266,0.9097932650344851,2.2688740994439913e+25,1.1344097030066049e+25,6.00014248786647e+24,2.8688883482306384e+25,4.802129738258911,0.0151153232256619,1.4423772489847352e-05,-4.840921136478605,0.0463295963048042,1.5850648866826904,10109543.8472622,0.1414080435190259,0.0135501335582255,-0.0117194759726741,-0.8495258864615018,0.0397403851770264,0.0375724201866467,1873.5110108611707,3.2726562498409164,0.6949486604417845,0.20914520746570722,0.9999517892047091,B,32.551139321794246
D25-8694,379718194252.7648,15054303183.774893,10658468536755.844,0.33774648695578385,2.610640331671099e+25,1.2787361638192055e+25,3.779696536137111e+24,2.98860998528481e+25,5.0025275104362255,0.0157461010815848,1.5025691228179036e-05,-4.82316553997888,0.0462127002164939,1.6276923393890423,10381421.740623312,0.1452109570388758,0.0147262836053,-0.0126784293561575,-0.8380006122723886,0.0419502112479581,0.0396769067422188,1850.8077013449015,3.267361297962415,0.8736297721044443,0.12647004978058088,0.9600812090569265,B,34.349486515284994
D25-8949,552738464215.2539,15006333604.438185,26129654663206.37,0.8279987915179345,2.3530098934485565e+25,1.1764795203372048e+25,6.338445987713843e+24,2.986854492219941e+25,4.99958905329574,0.0157368519084296,1.5016865219808654e-05,-4.823420717120639,0.046360424760532,1.62688749018538,10376288.412402354,0.1451391542046992,0.0147295454972869,-0.0126560999124088,-0.838215412088859,0.0419788547134802,0.0396242560382904,1851.5511768862887,3.2675357204535964,0.7180618894757902,0.21221140849760228,0.9999567773384274,B,32.07307654329989
D25-8971,553045101362.9697,14988691346.052008,26503778530708.305,0.8398540614846599,2.3303758252592324e+25,1.165162461324383e+25,6.08211279382388e+24,2.9385871046416203e+25,4.91879599719062,0.0154825453353088,1.4774193587941782e-05,-4.830496214667675,0.0464149927393925,1.609157633094724,10263207.383878153,0.1435574243814434,0.0142454742204264,-0.0123411216792413,-0.8429743421120004,0.0410893183950069,0.0390378614630122,1861.9931671939732,3.2699780829528438,0.7146648234477235,0.20697405172087396,0.999956314772863,B,32.37704512861186
D24-1482,853547616733.9138,14991985692.930471,33553664538760.965,1.0632514683867267,2.0062514892314964e+25,1.001611103811393e+25,1.0312071353511671e+25,3.0374586245826635e+25,5.084293503034153,0.0160034700979065,1.5271285191466383e-05,-4.816124412316526,0.0464047934842987,1.6459660937822091,10497971.74614293,0.1468412094520076,0.0152680029885286,-0.0130749962664802,-0.8331520471034234,0.0429597430031689,0.0405015201826017,1839.523309190497,3.2647052952868383,0.6535732997315509,0.3394966854874777,0.9969847104967378,B,30.85388262152473
D24-2559,662934330296.1243,14983352653.882113,27051691717122.93,0.857216382650231,2.2549228302743005e+25,1.1274561618886654e+25,8.615982818631569e+24,3.1165211121374573e+25,5.216633377083889,0.0164200269343385,1.5668783871983195e-05,-4.804964709860884,0.0464315307842499,1.6763974585481412,10692062.990620043,0.1495560760731276,0.0158851899332541,-0.0136452666633837,-0.8251959380226571,0.0438397828013626,0.0415500630791628,1819.5030150511527,3.259952779580948,0.7097187224105201,0.27646155789146315,0.9999906813236574,B,31.073718464314492
D24-2897,1048964917847.3308,14985788749.894203,36191346508808.266,1.1468345662790664,1.8271159890271632e+25,9.13546321916737e+24,1.305724218735663e+25,3.132840207762826e+25,5.243949328383425,0.0165060074170854,1.5750830607153475e-05,-4.802696539106643,0.0464239828554177,1.6826999057179035,10732259.99866879,0.1501183348999719,0.0159389476345725,-0.013785280131203,-0.8235662613903469,0.0438241879686144,0.0418325726997985,1815.355131059529,3.2589615970705683,0.632083466371642,0.41678608934481404,0.9999744461812498,B,29.929369316657862
D24-3246,954571884848.5188,14964514164.851597,35401739983827.84,1.1218134453769566,1.9017765188244532e+25,9.508783396005832e+24,1.138185972723974e+25,3.039962491548427e+25,5.088484636517738,0.0160166622315512,1.5283873763441062e-05,-4.815766558007142,0.0464899823900764,1.6472607396406262,10506228.997427914,0.1469567084069254,0.0152418294674111,-0.013122345410073,-0.8328105840887363,0.0428575190688703,0.0406217797300667,1838.1469314276299,3.2643802235668486,0.6384414045803964,0.3744079000607111,0.9999791359120038,B,30.65407181303002
D24-3881,1045249013550.94,14972768802.466434,36146961693000.46,1.1454280963381391,1.8304618021990231e+25,9.15219299591842e+24,1.3041040821437711e+25,3.134565884342794e+25,5.246837876774788,0.0165150994960105,1.5759506708611335e-05,-4.802457380569872,0.046464351996499,1.6833284797483443,10736269.04383494,0.1501744117360675,0.0159477441688476,-0.0137859063883898,-0.8234040605977215,0.0438316192716119,0.0418181693342488,1814.9988492596847,3.2588763540220884,0.6324391689775083,0.41603977401074627,0.999974648232274,B,29.9317367341937
D25-0452,349398370885.6601,15039532180.886496,7487938333509.153,0.23727844745827165,2.6818486589672795e+25,1.315565252997453e+25,3.383424423168962e+24,3.0201911012841757e+25,5.055390012527495,0.0159124926305804,1.5184470091926476e-05,-4.818600359502572,0.046258087793725,1.6396673378677442,10457798.280920472,0.1462792799323067,0.0150709121513741,-0.0129443434056061,-0.8348171861668855,0.0425866729246773,0.0402388553209623,1843.1455252752103,3.2655596262277173,0.9094535275933052,0.11202683239912668,0.962878746275651,B,34.71094151020064
D25-1355,610520948621.8259,15102968209.777348,28669356244550.176,0.9084770782489852,2.336327547697192e+25,1.1681334742696972e+25,7.951939660713877e+24,3.13152151376858e+25,5.241742013606139,0.0164990596088966,1.574420067254188e-05,-4.802879383443844,0.0460637929138736,1.682189435247223,10729004.21800679,0.1500727944106583,0.0159327341826784,-0.0137779347961473,-0.8236980306628713,0.0438205825438705,0.0418224926891802,1815.6924649663426,3.2590422912784165,0.6953146296674928,0.2539321421152953,0.9999481257787759,B,30.677695268237166
D25-1590,1018336213992.1194,14990967383.210556,46530620359334.52,1.4744663839878356,1.8416084426645367e+25,9.207302767383504e+24,1.195462238923727e+25,3.037070681588264e+25,5.0836441391119545,0.0160014261411394,1.5269334749061155e-05,-4.8161798837756296,0.046407945679287,1.6458903657599542,10497488.752816988,0.1468344535446901,0.0152625864597419,-0.0130788694618896,-0.8331720286929007,0.0429471131189688,0.04051604913179,1839.4576225776993,3.2646897870066893,0.5544456165288514,0.3936234497837071,0.9998394041760267,B,29.609201692732476
D25-2043,1087505151191.8182,14964464770.005053,47773288127193.15,1.513844149339403,1.7879123114561512e+25,8.938733572443735e+24,1.316641917330692e+25,3.104554228786843e+25,5.196602438463464,0.0163569769693722,1.560861854593687e-05,-4.8066355328392945,0.046490135844649,1.6716494658614736,10661780.293264478,0.1491324944506305,0.0158023328156217,-0.0135199036048573,-0.8264277178948146,0.0437400878663785,0.0412722689680083,1822.8272667358347,3.260745516346852,0.5457809033226818,0.4241001510368823,0.9998147765635669,B,29.071220885164813
D25-2526,473146673363.5861,15087037030.993694,18782607099245.113,0.5951849031372827,2.5154490930744105e+25,1.2560302011331023e+25,5.59931897443874e+24,3.0753809905182845e+25,5.147770396903827,0.0162032718151648,1.54619456536867e-05,-4.810735857539741,0.0461124340432654,1.660328541607533,10589575.438372849,0.148122523336497,0.0155479265078665,-0.0133563280041908,-0.829378898149855,0.043349174214315,0.0410401341448879,1830.4065118321191,3.262547552156487,0.7881443967893978,0.18206911571938617,0.9973093219183156,B,32.388954374106746
D25-3311,385385526659.8121,15009365208.071997,10618055379851.535,0.33646587129095795,2.653948199840051e+25,1.3007668626037e+25,4.1743070871051776e+24,3.0713789085505687e+25,5.141071454840094,0.016182186030298,1.544182457793147e-05,-4.811301385521586,0.046351060844722,1.6588234236079726,10579975.79577165,0.1479882475769547,0.0155026121829558,-0.0133725418817573,-0.8297727725451687,0.0432662502338621,0.0411314952129048,1831.3433381439581,3.262769772965269,0.8740774003311661,0.13590987017212727,0.9612657422990336,B,33.81684401119427
D25-3545,382899345730.22815,15058685505.90598,9504268379857.771,0.3011720910290317,2.703009545361432e+25,1.3278938224367978e+25,4.3089335649701673e+24,3.133902901858449e+25,5.245728134073932,0.0165116064376103,1.5756173463340618e-05,-4.802549246588654,0.0461992515699426,1.6830929176718117,10734766.628910812,0.1501533965885807,0.0159438370401727,-0.0137844452292479,-0.8234648392692385,0.0438272385492175,0.0418196598256319,1815.122939165895,3.258906045346341,0.8865047135829073,0.13749416302639464,0.9656596897987586,B,33.50708798614258
D25-3744,368142258203.4593,15017736676.714603,8125855420921.726,0.2574928201422708,2.7288925329670723e+25,1.3446405702569415e+25,4.0494475719703145e+24,3.133837290164104e+25,5.245618309002215,0.0165112607490205,1.5755843590568647e-05,-4.802558339115125,0.0463252229664341,1.6830736636521917,10734643.82677368,0.1501516788839825,0.0159430882421722,-0.0137846627465753,-0.8234698074811635,0.0438257575482428,0.0418208547627135,1815.1264662173382,3.25890688924372,0.9021295643425662,0.12921690557068663,0.97138426130483,B,33.80494532630046
D25-4440,340703058634.7711,15084741756.602863,5482232547468.425,0.17372146638110708,2.7181467338453096e+25,1.3021087061889532e+25,3.1094654173065517e+24,3.029093275575965e+25,5.070291044116308,0.0159593955509797,1.5229227127078758e-05,-4.817322136254363,0.0461194504503519,1.6432392061299486,10480579.656696811,0.1465979362263863,0.0151921447348277,-0.013010331276883,-0.8338721435543802,0.0428240358871307,0.0403616928552245,1840.5506117758925,3.264947764250915,0.9328707805955271,0.10265333994098629,0.919543600353753,B,34.965220697257024
D25-4965,511141456506.89154,14978560630.318886,21870297517649.324,0.6930279082582111,2.469879857029101e+25,1.234917787099698e+25,6.348509230720341e+24,3.1047307801011353e+25,5.196897961402589,0.0163579071659701,1.560950618452054e-05,-4.806610835869682,0.0464463854151511,1.671711705048316,10662177.25479816,0.1491380469814547,0.0158035949458519,-0.0135205076546373,-0.8264115484569196,0.0437418619313926,0.0412725913611068,1822.7951922956204,3.2607378744406743,0.7578944407184418,0.20447857416202578,0.9999641423564471,B,31.84456881540898
D25-5524,1102519258609.9785,14986431540.867458,48317013759399.76,1.5310737749195047,1.763208077405681e+25,8.815192675724011e+24,1.2474185168898377e+25,3.0106265942955185e+25,5.039380325893874,0.0158621000753188,1.5136383078408842e-05,-4.819977889482597,0.0464219916597791,1.635908644427861,10433825.334160898,0.1459439564449294,0.0149353494309333,-0.0128567609723494,-0.835813884485228,0.0423140682864144,0.040049842182144,1845.7611171311225,3.2661754928843774,0.5420323949935568,0.41433850323830396,0.999807707369099,B,29.63970140607186
D25-6143,670916191681.9802,14995059297.169966,32964634644436.27,1.0445862373702774,2.2333137459173055e+25,1.1166211076337416e+25,8.526093854510054e+24,3.085923131368311e+25,5.165416509939926,0.0162588152337634,1.5514947870127255e-05,-4.8092496792969675,0.0463952816866352,1.664286780422738,10614821.085536225,0.1484756488213537,0.0155964370301727,-0.0134233828692804,-0.8283447682303109,0.0433794675536595,0.0411533564470638,1827.9548752053402,3.261965470560172,0.6584711997170053,0.2762898974327189,0.9999359441914722,B,30.58643661634399
D25-8029,1054614577812.1028,14967409275.025463,47118363028824.86,1.4930908253106971,1.8175183447388027e+25,9.086806323492904e+24,1.2863294305286184e+25,3.1038477752674213e+25,5.195419931149646,0.01635325487496,1.5605066743425952e-05,-4.806734369501718,0.0464809899439872,1.67140105766679,10660195.945798788,0.1491103332652435,0.0157967466203963,-0.0135171677494532,-0.8264922591320168,0.0437315605573809,0.0412699411126187,1822.9542193289526,3.2607757621588336,0.5503304680885394,0.414430578966712,0.9998271638180496,B,29.128182468633355
D24-0979,654012847255.2036,14998344346.622152,25914902265387.348,0.8211936986775721,2.3122904340368613e+25,1.1561400873098495e+25,9.441454910806702e+24,3.2564359251175317e+25,5.450831785205604,0.0171571966549922,1.637222687339131e-05,-4.7858922458750905,0.0463851198453569,1.7313579832606996,11042601.217236742,0.1544592572209022,0.0167263400252509,-0.0145989650293795,-0.8111860579712914,0.0446532803471966,0.043119510809792,1782.4012721584456,3.2510054834640094,0.7200191432552098,0.2899321567479004,0.9999911262257618,B,30.251190174784043
D24-1682,350747347429.0318,15106139227.2244,3600520788539.1157,0.11409361892346426,2.87820707439446e+25,1.4220624161255726e+25,4.029862733619756e+24,3.2811933477564352e+25,5.492272350702077,0.0172876361841751,1.6496698580977553e-05,-4.782602960726912,0.046054123395487,1.7406904375385333,11102123.610620763,0.1552918314024053,0.0168378759921485,-0.0147797217549344,-0.8088513882518837,0.0447072187428546,0.0434348574255575,1776.746338694107,3.2496254291733737,0.955388277750426,0.12281698475267343,0.9765941921018804,B,33.50942935875332
D24-1920,458967546436.4628,15014002834.37066,13863499507975.023,0.4393077898184597,2.5906411780671817e+25,1.2861507718287995e+25,5.799432611248164e+24,3.170584439191998e+25,5.30712804926517,0.0167048705963751,1.594059547105077e-05,-4.797495459291151,0.0463367436169237,1.697337205528347,10825616.6968598,0.1514241690938818,0.0162532025800997,-0.0139344294419625,-0.8198048007515497,0.0442792585859994,0.0419249096553873,1805.6757086121506,3.2566397556084654,0.8388502154488723,0.1829136779819089,0.9859411504125456,B,32.55913291349156
D24-2233,550958463915.8408,14984901419.431477,20674932352813.49,0.655149071945062,2.4344820005125625e+25,1.2172372079651709e+25,7.20932330931252e+24,3.1554143314438143e+25,5.2817353477349505,0.0166249437905364,1.5864325447178554e-05,-4.79957838941899,0.0464267318500914,1.691420320652498,10787878.805121632,0.1508963073507753,0.0161443782213725,-0.0138498378795896,-0.821321387903695,0.0441436516707254,0.0418107601735934,1809.6308851218346,3.2575899997849183,0.7694651400735616,0.22847469625371733,0.999993769057574,B,31.654842326624753
D24-3514,415770497865.4528,15048176649.083288,9703380879553.62,0.30748158540426457,2.7051557849150646e+25,1.3285323516253477e+25,5.255529399685655e+24,3.23070872488363e+25,5.4077679436303265,0.0170216476548136,1.624287946145616e-05,-4.789336978581894,0.0462315147026388,1.7206770305626695,10974478.100928709,0.1535063797477858,0.0166294313224407,-0.0143659834311972,-0.8138735704689875,0.0446693062643007,0.04267319349729,1790.3410756064784,3.252935775752598,0.8842701759279569,0.16267419464981198,0.9650659138138845,B,32.80785871462144
D24-3754,923400607909.2288,14996522182.431738,34443150865582.047,1.0914375892204111,1.959548887935337e+25,9.7976507818264e+24,1.223862796386838e+25,3.1834116843221753e+25,5.328599116738936,0.0167724535528038,1.600508639679324e-05,-4.795741977155632,0.0463907559057262,1.7025036418326458,10858568.227608616,0.1518850812343845,0.0163451897203924,-0.0140280015317339,-0.8184848821989432,0.0443890266083685,0.0420860434285952,1801.9942491193938,3.255753400638772,0.6462460045532004,0.38445005476802724,0.9999808819355138,B,29.762635816301064
D24-4037,397691841833.2713,15021055445.483791,8049521591616.421,0.25507394705606323,2.760839769189967e+25,1.3572900245030935e+25,5.070603523521788e+24,3.267900121542146e+25,5.470021294135023,0.0172175981113917,1.642986486446529e-05,-4.784366008619618,0.046314987819925,1.7357363531110734,11070526.460142426,0.1548498637629724,0.0167685763049523,-0.0146870311250922,-0.8100891723996408,0.0446531225177218,0.0432779617603034,1779.6637303167402,3.2503379495761813,0.9030028415131527,0.1551639687546183,0.9670409115466724,B,32.872165936454124
D24-8815,636634601291.7297,15015504247.680916,25349829184797.4,0.8032876132784939,2.3126398347117714e+25,1.1563150248062126e+25,8.601046359519902e+24,3.1727444706637616e+25,5.310743648796092,0.016716251162612,1.5951455357786634e-05,-4.797199687213584,0.0463321103656873,1.6980779946076463,10830341.44960757,0.1514902569463376,0.0162749429419309,-0.0139426258019346,-0.8196152977920969,0.0443171764307352,0.0419315868698636,1805.3296786013257,3.256556521767128,0.7251947457927735,0.2710916822658744,0.9999915377588872,B,30.878307661846506
D25-2008,649037273730.1221,14999410280.221731,31102886218036.523,0.9855909897468922,2.286593541381463e+25,1.1432630284540198e+25,8.673710473017207e+24,3.1539645886831835e+25,5.279308675108271,0.0166173055252011,1.5857036644963215e-05,-4.799777970170177,0.0463818234852441,1.6909246584170383,10784717.471383872,0.1508520879452788,0.0161297386089439,-0.0138415919607551,-0.8214486743730652,0.0441178817080785,0.0417974871307085,1809.8600426773373,3.2576449919724713,0.6741946605482252,0.27500976086223533,0.9999409755336184,B,30.32429457263506
D25-2053,442783348446.0166,15062553526.893835,14482406751958.896,0.4589197769145593,2.623129435263655e+25,1.2948359271746394e+25,5.514740441612801e+24,3.174603479424935e+25,5.31385537716336,0.0167260457293199,1.5960801807063527e-05,-4.796945295213579,0.0461873877332846,1.6988634738326596,10835351.236104704,0.1515603317308888,0.0162788923436955,-0.0139590611484376,-0.8194144528247508,0.0443079159233675,0.0419631030693634,1804.7174759288882,3.25640922383244,0.8322953520038853,0.17371430723095443,0.97481160548431,B,32.37893334662787
D25-2459,747939362436.4539,15008872014.366062,35993167421695.75,1.140554649963741,2.1764969739979056e+25,1.0882052211177742e+25,1.0546263015514766e+25,3.231123275549382e+25,5.408461845183258,0.0170238317995225,1.624496367797578e-05,-4.789281255354537,0.0463525839472877,1.7208596959261182,10975643.140616782,0.1535226758324956,0.0166281069301329,-0.0143708863679956,-0.8138274686454361,0.0446614200126641,0.0426837357074205,1790.190694577875,3.2528992953328526,0.6336732347674352,0.3263961822602266,0.9999204884516233,B,29.281819821321942
D25-4455,582813554154.262,15035183574.13298,26585565025790.293,0.8424457191228196,2.387256157682859e+25,1.1936001602960213e+25,7.741742322388216e+24,3.1614303899216805e+25,5.291805413145995,0.0166566406212944,1.5894572096137157e-05,-4.798751159399909,0.0462714669607962,1.6936494481720563,10802096.180441376,0.1510951740116569,0.0162347453109903,-0.0138941434226394,-0.8207494068295939,0.0443230084912403,0.0418932195734169,1808.3115976077718,3.2572732676557967,0.7139243407102217,0.24488099902715257,0.9999532217900815,B,30.783233416011495
D25-4706,652456650342.411,15004954481.926832,31394278539312.246,0.994824655211811,2.2796083558504072e+25,1.139770122704204e+25,8.685213771130896e+24,3.148129732963497e+25,5.2695419185221395,0.0165865633981216,1.582770102042985e-05,-4.800582161994832,0.0463646858001439,1.688560986760124,10769641.97355607,0.1506412182279985,0.0160561880360743,-0.0138074675479906,-0.8220561808594335,0.0439850233151285,0.0417505877927252,1811.5728909710124,3.258055813120553,0.6717091382885011,0.2758848747619767,0.9999402455190408,B,30.327811757599832
D24-1133,629613547838.4612,14960735356.38431,24266172091234.105,0.7689485921373649,2.366838130819736e+25,1.1834142673601026e+25,9.415792273389704e+24,3.3084173581587062e+25,5.537841649356744,0.0174310714339236,1.6633571433678765e-05,-4.779014492367251,0.0465017249104081,1.750830352638347,11166795.989127375,0.1561964414078131,0.0170016224794614,-0.0149212157904747,-0.8063288647900572,0.0448718976920969,0.0436051256686969,1770.7972979078459,3.2481688506093813,0.7352244613091417,0.2846011024023295,0.9999918912404702,B,30.160667643761236
D24-1435,574954914242.4758,15077007164.83276,21167256280852.07,0.6707498758096962,2.459080389380265e+25,1.2295361059911134e+25,8.517160707849182e+24,3.310796460165183e+25,5.5418239432312,0.0174436062179409,1.664553273084557e-05,-4.7787023009360174,0.0461431099948487,1.7517255148483644,11172505.333702868,0.1562763013162713,0.0170143331435684,-0.0149385542739876,-0.8061068760301964,0.0448819678132326,0.0436349596945275,1770.2600333204969,3.2480370645208927,0.7646783811721967,0.25725413236137873,0.9999933492447983,B,30.45495662815105
D24-2010,789236805798.3403,15008181655.240305,30483270185694.492,0.9659565425030576,2.161286916427495e+25,1.080636329690103e+25,1.2533053669615008e+25,3.414592283388996e+25,5.715564064458833,0.0179904756764436,1.7167382018044223e-05,-4.765295928590138,0.0463547161129334,1.791489751048089,11426121.63218471,0.1598237793345368,0.01753229948723,-0.0155479158677912,-0.7963586038363744,0.0452046822011826,0.044447713995812,1745.6086788340651,3.241946892479128,0.6795104836716847,0.3670439288047563,0.9999868069777004,B,28.70145733535905
D24-2668,518186119389.3311,15015091172.24652,17015433618632.63,0.5391865547010112,2.59685904745075e+25,1.2984261210765002e+25,8.128894153167004e+24,3.4097484627674504e+25,5.707456166126762,0.0179649550198495,1.7143028973189796e-05,-4.765912440865473,0.046333384993753,1.7897067645397415,11414749.74423447,0.1596647141531146,0.0174922655898379,-0.0155286019661695,-0.7967910521884789,0.0451493198039623,0.0444361442446661,1746.6073238662234,3.2421952769080025,0.8059975131674905,0.2384015783548256,0.999994758837664,B,30.471200531051128
D24-4350,1163557692058.1843,14968130778.691484,36482713225250.03,1.1560674203757584,1.7479767144147453e+25,8.739744113157589e+24,1.6377722019740634e+25,3.385748916388809e+25,5.667284182633338,0.017838508516274,1.702236760376475e-05,-4.768980034983545,0.0464787494367962,1.7804552092006207,11355743.324281558,0.1588393571907564,0.0174088052532931,-0.0153398661683538,-0.7990418791570861,0.0451664769080706,0.0441077601670072,1752.3842319868581,3.2436293367271447,0.6297533978877089,0.4837252384683291,0.9999680872886393,B,28.279068012253695
D24-4640,397422738817.3653,15024259323.85276,7332061341733.291,0.23233900365469146,2.8129398962862016e+25,1.3849891074736126e+25,5.376917982329894e+24,3.350631694519191e+25,5.608502719224651,0.0176534862724931,1.684581042996074e-05,-4.773508090839377,0.0463051112872829,1.76664653920502,11267671.627049616,0.1576074473654341,0.0172324132922388,-0.0151490838040712,-0.8024232648077845,0.0450637165053591,0.0438887839549129,1761.424578829467,3.24586405217271,0.9112521817149857,0.16047475439109612,0.9699137521575929,B,32.45359106427514
D24-4816,388916925954.6721,14965546823.35574,6752703091507.689,0.21398024854576042,2.844666584918372e+25,1.402316102380472e+25,5.381722997793481e+24,3.38283888469772e+25,5.662413184522982,0.0178231764209574,1.7007736976861338e-05,-4.769353469094356,0.0464867744701628,1.7793576140982523,11348742.862718651,0.1587414376814,0.0173987287171142,-0.0153338115274836,-0.7993096907163391,0.0451680929990129,0.0441180623556485,1753.038789088575,3.24379152573484,0.9179685947871942,0.15908895401840503,0.9722436532298413,B,32.41513422048182
D24-5115,567409191175.3171,15017314228.934938,20813251993559.65,0.6595321568674313,2.4669326124432547e+25,1.2334623117294394e+25,8.356021170200346e+24,3.302534729463289e+25,5.52799492729284,0.0174000776051806,1.660399562324429e-05,-4.779787389772023,0.0463265261280572,1.74886694922519,11154273.402158262,0.1560212807329248,0.0169532739824158,-0.0149092332178577,-0.8068161614240206,0.0447983827060887,0.0436197451195882,1771.6198859310377,3.248370546472535,0.7681172695635058,0.2530184193266099,0.9999935231643832,B,30.609394293495377
D24-5183,539794442807.6362,15076360795.25036,18578083832591.785,0.58870395190356,2.5542852417126635e+25,1.277138963280475e+25,8.499228589589142e+24,3.4042081006715775e+25,5.698182351899129,0.017935764492474,1.711517396013865e-05,-4.766618682296228,0.046145088290748,1.787414078564312,11400126.993083185,0.1594601772657525,0.0174857869287593,-0.0154909409966122,-0.7973477574539034,0.045188419098013,0.0443825417418822,1748.24560857686,3.242602446008097,0.7901902175769048,0.2496683028253304,0.999994272267917,B,30.219150018777412
D24-6636,804527611288.1604,14974480331.554144,31010843823098.8,0.982674342253492,2.1385018965407434e+25,1.0692435771753364e+25,1.2690029048477244e+25,3.407504801388468e+25,5.703700581481149,0.0179531338323944,1.713174862437641e-05,-4.766198306669067,0.0464590412886666,1.7888132366541571,11409050.823380215,0.159585000047281,0.0174908294644116,-0.0155206442378763,-0.7970079319253931,0.0451672168530107,0.0444355264705984,1747.2022108976396,3.242343170578236,0.6749816748142965,0.37241412083429476,0.9999862126954697,B,28.711416506744982
D24-7390,686034350802.6075,14973790047.895508,26380691438454.188,0.835953666896538,2.3128900143793713e+25,1.1564394284802348e+25,1.111616254586157e+25,3.4245062689655285e+25,5.7321587308184,0.0180427095309037,1.7217226088313366e-05,-4.764036817550152,0.0464611830254543,1.7953082039531043,11450475.7248129,0.1601644341298732,0.0175560437227644,-0.0156296769740469,-0.7954339163165601,0.0451713886126314,0.0445937865849063,1743.2377758738678,3.2413566284794864,0.7157806836042431,0.32460628402410635,0.999990352014139,B,29.145459044142854
D25-1682,350747347429.0318,15096237631.085665,3600520788539.1157,0.11409361892346426,2.9060015429616077e+25,1.448735791885971e+25,4.0064731932294737e+24,3.306648862284555e+25,5.534881427278221,0.0174217537528164,1.6624680051707166e-05,-4.779246704106972,0.0460843302153271,1.7503148496225078,11163508.110892355,0.1561504519511603,0.0169804831206415,-0.0149217125816827,-0.8064567544397963,0.0448314290779354,0.0436201630119541,1770.8933951534998,3.2481924181691375,0.955388277750426,0.12116415622254526,0.994146600108203,B,33.351255218080794
D25-4523,635844525055.7856,15012728145.362452,28746908631180.605,0.9109345650867178,2.381575626271792e+25,1.1907552672846458e+25,1.0066502210888987e+25,3.3882258473606905e+25,5.671430228918835,0.0178515587321427,1.703482075093359e-05,-4.768662431939955,0.0463406779409981,1.7814143573666392,11361860.771284426,0.1589249254641697,0.0174207274778004,-0.0153482250404024,-0.7988079835816794,0.0451727420190761,0.0441080479492818,1751.7783256737202,3.243479148619922,0.6946314748710903,0.2971024561048798,0.9999453387725452,B,29.059020709498565
D25-8753,568094583988.987,15045665380.503544,24220907400223.055,0.7675142406337317,2.4799567252613296e+25,1.2399516758879303e+25,8.594157331294101e+24,3.3393724583907397e+25,5.589656286014428,0.0175941646912051,1.678920290794741e-05,-4.774969922140534,0.0462392311942216,1.7624151402190864,11240683.764317334,0.1572299525026203,0.0171604514440973,-0.0150991328013941,-0.8034647167731459,0.0449873004221724,0.0438470225063786,1763.9453458290322,3.2464851248022755,0.7356464104668834,0.25735845397238705,0.9999569570418314,B,29.89674723530236
D24-2580,384514506080.8325,14987280271.205149,4962458782608.172,0.15725082967678694,2.9590349617213625e+25,1.465636092632636e+25,5.833614624934917e+24,3.542396424214854e+25,5.929490851017465,0.0186638378515008,1.7809936773327575e-05,-4.749337622313494,0.0464193627803597,1.8397601975584243,11733990.54002763,0.1641301200138145,0.018041399276105,-0.0163711999398935,-0.7848117129416768,0.0452921932511883,0.0456345787439702,1717.1625843425313,3.234811416966378,0.9390370610924237,0.1646798925455638,0.9814096708985516,B,31.703314296725466
D24-4005,555136212963.6562,14989543703.886276,18924321708202.71,0.5996755681104619,2.564107363387399e+25,1.2820498384677924e+25,9.48161708164029e+24,3.512269071551428e+25,5.8790617514502825,0.0185051057510612,1.7658466925849313e-05,-4.753047003733826,0.0464123534207134,1.8287901011918068,11664023.265401345,0.1631514472304781,0.0179268038898936,-0.0162030757864451,-0.7874090694616224,0.0452753608269188,0.0454261531735644,1723.0455106672252,3.236296748585936,0.786729950555959,0.2699570246038155,0.9999940045967792,B,29.576492143474358
D24-5264,669236553388.0443,15040392237.010468,25265863951116.91,0.8006269155803011,2.3669414617907458e+25,1.1834653896502793e+25,1.1664702279913265e+25,3.533411689782072e+25,5.9144516249574375,0.0186164999461647,1.776476465451017e-05,-4.750440541618199,0.0462554426132627,1.8365142309007616,11713287.764685055,0.1638405383075736,0.018002680882545,-0.016308865627709,-0.7855786338022568,0.0452757449492718,0.0455360998261454,1718.867259653409,3.2352423393828316,0.725966966245268,0.3301257624081925,0.9999909736323035,B,28.565201735409243
D24-5696,391078184614.9936,14962609229.626762,5771288136681.576,0.1828810852752293,2.9306351115894707e+25,1.4483796817705948e+25,5.994615265119568e+24,3.5300966381014273e+25,5.908902678352629,0.01859903392045,1.77480977280112e-05,-4.750848188552556,0.0464959011709319,1.835365533226501,11705961.370918626,0.1637380597957621,0.0179830397100576,-0.0162978672619983,-0.785850360062171,0.0452557159169857,0.045533750605972,1719.404840225103,3.2353781449683034,0.9294591379501543,0.16981448044276826,0.9771458094422899,B,31.65696893638054
D24-6808,599039992778.4427,14994598114.033768,21459035002349.32,0.6799957855587662,2.4782138013220024e+25,1.2391025051864627e+25,1.0096148193769036e+25,3.487828620698906e+25,5.838151753705778,0.0183763362523651,1.7535588842126223e-05,-4.756079646001903,0.0463967086486218,1.8198583207995067,11607056.370059254,0.162354618279797,0.0177876210158236,-0.0160656873584956,-0.7895353530810664,0.0451509101103596,0.0452531808186803,1727.8923169656443,3.2375166735567467,0.7618555454069249,0.28946801267276506,0.9999929054402907,B,29.365322507146484
D24-8980,388629437996.5973,15039622442.07648,5241870660268.366,0.1661048577923659,2.956274103148509e+25,1.4630546688338613e+25,5.989819139640551e+24,3.555256017112564e+25,5.951016064263941,0.0187315912387384,1.787459033239097e-05,-4.74776390300497,0.0462578101730555,1.8445317440241396,11764423.463385962,0.1645558029343977,0.0181249723438324,-0.0164167463191596,-0.7836867980371791,0.0453796440767121,0.0456436273290389,1714.4913820722336,3.2341353064659057,0.9357172391057182,0.16847785675095323,0.9797988394822685,B,31.50671896948092
D25-1920,458967546436.4628,15049439047.6896,13863499507975.023,0.4393077898184597,2.740702244629678e+25,1.357392822639513e+25,7.25044938996515e+24,3.465747183626193e+25,5.801190424870598,0.0182599956987681,1.742457105895522e-05,-4.758837904135072,0.0462276366444903,1.8115956717358772,11554357.194331424,0.1616174843944976,0.0176969798595855,-0.0159570562693669,-0.7915116573900541,0.0451269803731539,0.0451467605114761,1732.6507226378076,3.2387110240415535,0.8388502154488723,0.20920306663508684,0.9812647850591765,B,30.560998356491407
D25-3514,415770497865.4528,15062873570.405985,9703380879553.62,0.30748158540426457,2.8335148806602693e+25,1.3949016675434415e+25,6.202056299586103e+24,3.4537205106188795e+25,5.781059406479327,0.0181966307198044,1.736410513131664e-05,-4.76034759338088,0.0461864063817704,1.8069049086240592,11524439.507204251,0.1611990083814168,0.0176718469900482,-0.0158666041956183,-0.792637634092984,0.0451772179109584,0.0449999079058252,1735.6145737891502,3.2394532882016054,0.8842701759279569,0.17957609136341907,0.9696154983321172,B,31.309730776067212
D25-4037,397691841833.2713,15102043038.844963,8049521591616.421,0.25507394705606323,2.8918410587448116e+25,1.4263864512772098e+25,5.977801192085707e+24,3.489621177953382e+25,5.8411522512694285,0.0183857807057607,1.754460119634682e-05,-4.75585649921799,0.0460666148421471,1.8205024739858415,11611164.779081697,0.1624120849756853,0.0177960776645157,-0.0160774296445399,-0.7893816583277078,0.0451561170534914,0.0452711526844928,1727.5571797657335,3.237432430833943,0.9030028415131527,0.1713022957864902,0.9733405893356845,B,31.3249226635823
D25-4640,397422738817.3653,15077608823.45876,7332061341733.291,0.23233900365469146,2.9464133263512415e+25,1.4556273368518026e+25,6.370215458942876e+24,3.583434872245529e+25,5.998183643409208,0.0188800572826424,1.8016263812194717e-05,-4.744335267407035,0.0461412686949128,1.8546484872168008,11828948.051468756,0.1654583457095725,0.0182526590496803,-0.016547520113697,-0.781311322162613,0.045446494598356,0.0457624063736461,1709.2791312391323,3.2328129903147085,0.9112521817149857,0.1777684173439724,0.9764160296009747,B,30.91311661330623
D25-4816,388916925954.6721,15086391893.196363,6752703091507.689,0.21398024854576042,2.950143999952952e+25,1.459029176813423e+25,6.022901248617992e+24,3.552434124814751e+25,5.946292599535923,0.0187167235237868,1.7860402839692063e-05,-4.748108749866154,0.0461144059444555,1.84354243244678,11758113.634145563,0.1644675436992329,0.0181036107872474,-0.016396776607483,-0.7839197936596515,0.0453519554836685,0.0456108800533433,1714.9696980119882,3.2342564508496663,0.9179685947871942,0.16954293977040516,0.978482108937426,B,31.19028153743777
D25-5927,998869491800.396,14976261988.1999,44839230204097.28,1.4208694642208939,1.9153754141228296e+25,9.57616183685478e+24,1.5444614730117728e+25,3.4598368871346025e+25,5.791297390670889,0.0182288560965995,1.7394856144467586e-05,-4.759579158518706,0.0464535142713285,1.8092648894183296,11539491.464710103,0.1614095488265834,0.0176859929236157,-0.0159087021791578,-0.792070776429158,0.0451555514608461,0.0450637031476426,1734.1553805894516,3.239088007736127,0.5664605802373404,0.4463971925251303,0.9998506443505555,B,27.068419712402644
D25-6696,646954351517.3518,15018282870.846706,28815976506922.656,0.9131231939983604,2.38406167264797e+25,1.1919972841591385e+25,1.0631066259245106e+25,3.4471682985724806e+25,5.770091892759667,0.0181621090546495,1.7331162888750533e-05,-4.761172295957546,0.0463235381822833,1.804463067164316,11508865.442374006,0.1609811649187882,0.0176377564337872,-0.0158153511054192,-0.7932249342187926,0.0451523966310956,0.0449107126421642,1737.0134683904357,3.239803185876557,0.6940236247700375,0.30839997755977205,0.9999437074621631,B,28.675791867586206
D24-4197,393630517590.25507,15066808727.549889,4618230595498.821,0.14634289665560185,3.0243838865617037e+25,1.4994065340784476e+25,6.597776349416429e+24,3.6841615215033464e+25,6.16678638395659,0.0194107561723042,1.852268236049948e-05,-4.7322961207853265,0.0461743433915041,1.890803680783951,12059545.87604004,0.1686838510048682,0.0187894178198652,-0.0170088434211856,-0.7729264927231398,0.0458658446293734,0.0461594819462437,1690.7619984082912,3.228082478057471,0.943143193809145,0.1790848829756021,0.9832320012076445,B,30.828562052857105
D24-4328,655366028418.1968,14981669431.018272,23848792348330.637,0.7557226261924429,2.4217287004774043e+25,1.2108592018697992e+25,1.2324182648297914e+25,3.654146965307196e+25,6.116546090367239,0.0192526183630516,1.8371779614415265e-05,-4.7358487729654914,0.0464367474668485,1.8801583009873049,11991649.643697027,0.1677341470891432,0.0186516722942835,-0.0168448045151475,-0.775378515314243,0.0457913825714765,0.0459629183678009,1696.031332125303,3.2294338710595127,0.739124389752166,0.33726565366157485,0.9999914964099618,B,28.100026522455913
D24-6805,465405031630.5499,14982227841.994917,10584845328281.678,0.3354135082605039,2.8470295351244104e+25,1.4104395583563853e+25,8.868300659469808e+24,3.7338596010713912e+25,6.249974224283403,0.0196726006378893,1.8772547013933593e-05,-4.7264767993523815,0.0464350166969137,1.9082510830288688,12170825.407558125,0.1702403822463789,0.0190512554240395,-0.0171989369853386,-0.7689374142481407,0.0460688428246635,0.0462535274131545,1682.378240083646,3.2259236425404176,0.8744454164797953,0.23751028712823438,0.981796880923204,B,29.596377033275278
D24-7312,821841970156.3119,14964878668.256804,30682403634799.94,0.9722667007250216,2.163966068441942e+25,1.0819753845243723e+25,1.5586091354412624e+25,3.7225752038832046e+25,6.231085674873966,0.0196131464904278,1.8715812990865787e-05,-4.727791302945599,0.0464888500215978,1.9042766063635528,12145476.195386738,0.1698858081377879,0.0190019468685432,-0.0171641236707663,-0.7698428995587321,0.0460467044601848,0.0462563949122708,1684.3025632101708,3.226420109568383,0.6777975189306394,0.4186911076545611,0.9999858599584776,B,26.94221347546898
D25-2233,550958463915.8408,14983198982.388344,20674932352813.49,0.655149071945062,2.6278132887396463e+25,1.3138813624290877e+25,1.0337039099716016e+25,3.661517198711248e+25,6.128882860820274,0.0192914499405229,1.8408834583766957e-05,-4.734973704698582,0.046432006997821,1.882790223659488,12008436.046500215,0.1679689482249792,0.0186788962056322,-0.0168850670399029,-0.7747709972085712,0.045793975894701,0.0460108699268378,1694.7041896279632,3.2290939031150776,0.7694651400735616,0.28231573248800707,0.9999615171224183,B,28.473226432366264
D25-2580,384514506080.8325,15084829461.941551,4962458782608.172,0.15725082967678694,3.038369349221154e+25,1.5093136084131216e+25,6.221282992134661e+24,3.66049764843462e+25,6.127176272027418,0.0192860782320053,1.8403708639691404e-05,-4.735094650932991,0.0461191823053236,1.8824367239649935,12006181.425448729,0.1679374115348392,0.0186741955734381,-0.0168788019834904,-0.7748525449979927,0.0457911980542521,0.0460019721713482,1694.8686728068942,3.229136052459512,0.9390370610924237,0.1699573006089797,0.9870886771044213,B,30.87885190123373
D25-5696,391078184614.9936,14983379967.610924,5771288136681.576,0.1828810852752293,3.0092080735757266e+25,1.4917439060733372e+25,6.400376036012591e+24,3.6492456771769856e+25,6.108341999224977,0.0192267949271706,1.8347137642920996e-05,-4.736431680885939,0.046431446142584,1.8784479932151472,11980741.30072621,0.1675815657797545,0.0186282867821519,-0.0168203534592525,-0.7757737561141193,0.0457764123516324,0.0459366227894794,1696.8421543311315,3.2296414447388173,0.9294591379501543,0.17538901466792578,0.9830504983380363,B,30.919840341218183
D25-6910,711337601434.2797,15055157046.491226,31924163594909.19,1.0116156993849086,2.3303196067113077e+25,1.1651201743476476e+25,1.3458222188523756e+25,3.6761418255636833e+25,6.153362501361995,0.0193685027690394,1.8482362119475533e-05,-4.733242525004612,0.0462100792340881,1.887953640899663,12041368.32165805,0.1684295910263812,0.0187515994963029,-0.0169696752122012,-0.7735816058856341,0.0458438110642799,0.0461206830191909,1692.1789962006098,3.2284463001631734,0.6672127757904386,0.36609638112806303,0.9999319790125097,B,26.996627075973972
D25-8980,388629437996.5973,15016763580.75591,5241870660268.366,0.1661048577923659,3.0355344695479396e+25,1.5068039139784757e+25,6.420484973930017e+24,3.677582966940941e+25,6.1557747764402615,0.0193760957162325,1.848960767692781e-05,-4.733072303851807,0.04632822487074,1.888497107554276,12044834.551981172,0.1684780751969615,0.0187561946538723,-0.0169810802190944,-0.7734566077926903,0.0458419492299188,0.0461393737417484,1691.86819041473,3.228366525130092,0.9357172391057182,0.17458436782109243,0.9856569612538291,B,30.812607412890813
D24-0830,822975310515.4393,14977388688.69748,30304206270986.723,0.9602823494494741,2.183399585789691e+25,1.091692124817344e+25,1.7015295262597629e+25,3.884929112049454e+25,6.502844082972539,0.0204685411593754,1.95320719560053e-05,-4.7092516844473815,0.0464500197237321,1.9609305192540816,12506814.851802532,0.1749400611509334,0.0197747021076399,-0.0180146551721515,-0.757110726001406,0.046509606944466,0.0471960131192634,1657.6597062989329,3.219495380951948,0.6810545046900399,0.43798212970793143,0.9999859521386899,B,26.1281786354119
D24-3614,715720557042.449,15015353695.922085,26246128725163.13,0.831689631821277,2.357465255604076e+25,1.1787266191548387e+25,1.5279710895368685e+25,3.885436345140944e+25,6.503693122327582,0.0204712136203421,1.953462214751606e-05,-4.709194984789122,0.0463325749155639,1.9611038080443957,12507920.087707156,0.1749555207254959,0.0197772790207194,-0.0180175422444571,-0.7570723487924488,0.0465114567021431,0.0471995970479136,1657.5831610034459,3.219475326192293,0.7170025709185315,0.39325598306293735,0.9999898049541883,B,26.548917321575008
D24-4396,593663229049.3304,15086054211.034498,19613202307965.83,0.6215048770491365,2.5905606980063893e+25,1.2952760228113322e+25,1.2505934692242338e+25,3.8411541672306233e+25,6.429570766346328,0.0202379039369368,1.931198676335155e-05,-4.714173044916846,0.04611543815686,1.9457282066958592,12409854.502306191,0.1735838205995942,0.0195428177741401,-0.017798411526132,-0.7604907569923341,0.046332938077899,0.0469824639690901,1664.6927283333987,3.2213340824643404,0.7798903463218685,0.3255775256023844,0.9999933200910267,B,27.55070512248174
D24-6769,632032163729.5868,14997334590.935984,21973508275616.52,0.6962984598200281,2.5149636188295437e+25,1.2574769788975124e+25,1.3683454882841583e+25,3.883309107113702e+25,6.500132414572163,0.0204600058330542,1.9523927134809968e-05,-4.709432821841628,0.0463882429095409,1.9603779331114952,12503290.457385115,0.1748907634054875,0.019766390200281,-0.0180055158090446,-0.7572331265302118,0.0465034951003121,0.047184766012105,1657.9027221081656,3.219559044615313,0.7569035958428936,0.3523658432900777,0.9999923171871477,B,27.097501304942735
D24-7041,747156649603.31,15029061322.483269,27669962331826.145,0.8768081961817801,2.302503750440995e+25,1.151245397207445e+25,1.5790763038396944e+25,3.88158005428069e+25,6.497238214791419,0.0204508959656516,1.9515234058726446e-05,-4.709626235579056,0.0462903161463079,1.9597774677493691,12499460.689305477,0.1748371942218077,0.0197584641348362,-0.0179948153096082,-0.7573661716617021,0.0464993181141475,0.0471704074836178,1658.1801852047843,3.2196317211408663,0.704178588271369,0.40681276226629803,0.9999887462044736,B,26.395451245076657
D24-8685,481090573756.3794,14994594604.048214,11227317166498.316,0.35577221228795336,2.844437544541619e+25,1.4139712903876936e+25,9.695947288368536e+24,3.814032273378473e+25,6.384172396937619,0.0200950067090541,1.9175627317136613e-05,-4.7172504195086065,0.0463967195093207,1.936151156238212,12348772.074487315,0.1727294253131443,0.0194137143783172,-0.0176307542290389,-0.7626336719139502,0.0462585548734115,0.046758251376974,1669.331304713632,3.2225425377158112,0.8673533027532583,0.2542177567831606,0.9884688200659526,B,29.03745683513224
D24-8763,808264832783.2609,15014999203.823162,29707520531308.984,0.941374519333187,2.213797066233378e+25,1.1068911022386803e+25,1.7344010083163169e+25,3.948198074549695e+25,6.608747739529468,0.020801886588776,1.9850166287328784e-05,-4.702235850746367,0.046333668790529,1.982740937099152,12645921.69681839,0.1768858291391818,0.0201200482660162,-0.018328984308253,-0.7523069583461923,0.0467861412924019,0.047508046579653,1647.7968918736813,3.2169036793425354,0.6862249375269032,0.4392892594463187,0.9999865736056169,B,25.847633067738553
D25-1435,574954914242.4758,15026214618.676289,21167256280852.07,0.6707498758096962,2.658840703624395e+25,1.3293930938187369e+25,1.284359954677177e+25,3.943200658301572e+25,6.600382742964031,0.0207755566823054,1.982504101710192e-05,-4.702785905474036,0.0462990858080321,1.9809040317186184,12634205.914301349,0.1767219537053285,0.0200980608509493,-0.0182969307176673,-0.752709495876134,0.0467787554662754,0.047466725309933,1648.7647722654763,3.21715869967475,0.7646783811721967,0.325715089333136,0.9999589935048819,B,26.871415159790786
D25-2668,518186119389.3311,15014838618.935612,17015433618632.63,0.5391865547010112,2.75655332845595e+25,1.3782539799021426e+25,1.0609987314936774e+25,3.817552059949627e+25,6.390064041963154,0.0201135514222846,1.919332357943503e-05,-4.716849814882633,0.0463341643327843,1.937332185853932,12356304.681376375,0.1728347882473056,0.0194336040769388,-0.0176502469762883,-0.7623688381115727,0.0462767330238819,0.0467827051149265,1668.8352890617612,3.22241347473703,0.8059975131674905,0.2779264604207329,0.9999670836007343,B,28.106525737744043
D25-4197,393630517590.25507,14996977922.95248,4618230595498.821,0.14634289665560185,3.1054703374852157e+25,1.5440354642451711e+25,7.110983744491816e+24,3.816568711934397e+25,6.388418050842618,0.0201083704527628,1.9188379647734524e-05,-4.716961697477087,0.0463893461452156,1.9369978260909488,12354172.134808073,0.1728049590836467,0.0194284439268573,-0.017644404794276,-0.7624437984788862,0.0462726525850957,0.0467748791340519,1668.9814621616545,3.222451512877203,0.943143193809145,0.18631876644211315,0.9888567821219665,B,30.174434156923674
D25-5183,539794442807.6362,14966237216.228815,18578083832591.785,0.58870395190356,2.7291715640890594e+25,1.3645613982054851e+25,1.1792922326322525e+25,3.908463796721311e+25,6.542237951058403,0.020592538444264,1.965039616250031e-05,-4.706628689591176,0.0464846300341684,1.969119429910373,12559043.72396836,0.1756706166279913,0.0199031467990095,-0.0181378304533399,-0.755300874267338,0.0466114672386908,0.047328171588532,1653.8597288315775,3.2184986723400177,0.7901902175769048,0.3017278127589474,0.9999642625569497,B,27.449989504108608
D24-1053,584175260272.2808,14977829740.372454,18466184888920.65,0.585158088350212,2.6524672764136107e+25,1.3262294331562616e+25,1.3764475070492488e+25,4.02891478346286e+25,6.743856555627296,0.0212271590277284,2.0255981817309503e-05,-4.693446701505042,0.0464486519114818,2.009902025211312,12819155.116797747,0.1793089452917493,0.0205671513630423,-0.018684319763627,-0.7463980439908555,0.0471589035835107,0.0477898278241073,1636.3454750769233,3.213874999873186,0.7913117754442047,0.3416422488504931,0.9999936586780944,B,26.84919635751443
D24-1097,506236092174.244,14965803950.858826,12738917742756.34,0.4036719440881544,2.8464621157039543e+25,1.422151992169989e+25,1.172781951999718e+25,4.019244067703672e+25,6.727669089926136,0.0211762068899034,2.020736082304511e-05,-4.694490403695645,0.0464859757808117,2.006630508464003,12798289.38298341,0.1790170841910061,0.0205167747992936,-0.0186390133110867,-0.7471055208869589,0.047122122789173,0.0477494938863451,1637.7448840796433,3.2142462514747905,0.8508930979452944,0.29179167332074146,0.9984847882997409,B,27.754285204459293
D24-1211,405388193825.96515,14964003797.023926,2969112275339.9185,0.09408549051068264,3.218981759624664e+25,1.604377284782948e+25,8.502277233643612e+24,4.069209482989025e+25,6.811304413961744,0.0214394598682245,2.0458569547456136e-05,-4.689124735206665,0.0464915679945471,2.0234350749033876,12905468.907733804,0.180516266263831,0.0207996982745383,-0.0188850714237612,-0.7434836578562163,0.0473618740563649,0.0479911587283373,1630.6779319194509,3.212368193902285,0.9630651693585004,0.20894174333335847,0.9936658232910134,B,29.192998394110003
D24-1716,507359340805.2853,15098158751.21784,11876828588268.908,0.3763539872572346,2.8862301548034275e+25,1.4410514973402538e+25,1.2300733729847483e+25,4.116303527788176e+25,6.890133453496996,0.02168758444567,2.069534202005116e-05,-4.684127391868028,0.0460784663523215,2.0392734465959608,13006486.042389035,0.1819292514181871,0.0210667179180974,-0.0191535802601132,-0.7400974674666435,0.0475848821661191,0.0483130378239164,1624.0266679488805,3.2105931564617762,0.8602419475829601,0.29882960881791604,0.9971441869130807,B,27.271248240606923
D24-5956,997107526905.4758,14989711343.340702,34320091705874.062,1.087538079761264,1.959475438177641e+25,9.7972702322145e+24,2.0138403316545476e+25,3.973315769832189e+25,6.65079135253622,0.0209342242878408,1.9976449320423272e-05,-4.699481702175238,0.0464118343619118,1.991288269956496,12700436.585782534,0.1776483604568697,0.0202519376598197,-0.0184381716363968,-0.7504387963244988,0.046885244751894,0.04759034626056,1644.0745397202115,3.2159215038702773,0.6472548080795217,0.5068412500574051,0.999978166094056,B,25.27574875729803
D25-0479,861558327629.1176,14980627436.168322,38868932448720.98,1.2316821446726296,2.136760636925613e+25,1.068324956377191e+25,1.8473959914437191e+25,3.984156628369332e+25,6.668937478439509,0.0209913415614822,2.0030953385466727e-05,-4.698298379703244,0.0464399774284716,1.994940921648537,12723733.198274368,0.1779742236652264,0.0203175040179085,-0.0184978902102733,-0.7496428928067138,0.0469474895309055,0.0476608650197496,1642.528898768984,3.215513019306701,0.610991117310819,0.4636855836161834,0.999896367958084,B,24.815404898761773
D25-1211,405388193825.96515,15020143006.472237,2969112275339.9185,0.09408549051068264,3.240158371207462e+25,1.6180910679844804e+25,8.13074540478245e+24,4.053232911685707e+25,6.784561801890975,0.0213552840447086,2.037824490540828e-05,-4.690833222720134,0.0463178013485104,2.01811466576114,12871535.338224553,0.1800416177785563,0.0207077164214055,-0.018802856394064,-0.7446270933277414,0.0472812069110273,0.0479034533730008,1632.8510781382502,3.212946577331866,0.9630651693585004,0.20059901767157365,0.9975486619879456,B,29.203246661331853
D25-3018,428860663336.44666,15070444739.66347,2110519817360.1987,0.06687833730575832,3.2746137274230194e+25,1.6372906463856906e+25,8.199559562652365e+24,4.094569683688256e+25,6.853753948124027,0.021573075256524,2.0586071813415063e-05,-4.686426516544372,0.0461632030121186,2.031928995620921,12959643.13407023,0.1812740325360911,0.0209499166951251,-0.0190228523414631,-0.7416644040346491,0.0474969915064776,0.0481477314781497,1627.1511779029502,3.211427904921444,0.9736033125691476,0.20025448816556635,0.9999801904388854,B,29.094156641350672
D25-4005,555136212963.6562,15035279986.00175,18924321708202.71,0.5996755681104619,2.7510269669627155e+25,1.3754878619753082e+25,1.3711448961060323e+25,4.122171863068748e+25,6.899956250324308,0.0217185029666425,2.072484596816867e-05,-4.683508688542368,0.0462711702507512,2.0412581653266715,13019144.578453513,0.1821063136917908,0.0210984642987459,-0.0191844898538949,-0.7396749967972186,0.0476089121735143,0.0483457400266034,1623.1808803575777,3.2103669184485866,0.786729950555959,0.33262681461448923,0.9999627469608727,B,26.2807386601541
D25-4182,872083533495.8472,14961419373.609917,39227700398985.42,1.2430508149854684,2.1249747376514364e+25,1.0624308263149823e+25,1.9003101440971924e+25,4.025284881748629e+25,6.7377805927967405,0.0212080341504142,2.023773193438225e-05,-4.693838160981242,0.0464995989101895,2.008636224228156,12811081.83812718,0.179196019668315,0.0205505469225369,-0.0186617276655764,-0.7466716411877616,0.0471509642252938,0.0477605417797063,1636.9323621663132,3.214030734790799,0.6082189625999217,0.47209333001834053,0.9998935714371281,B,24.602765396093737
D25-4963,711331450937.0115,14968295964.156933,30732952232454.785,0.9738684891263844,2.3889320732345925e+25,1.1944264082094684e+25,1.6481080639055633e+25,4.037040137140156e+25,6.757457294935147,0.0212699691103274,2.029683326867851e-05,-4.692571715841484,0.0464782365117527,2.012618907144882,12836483.38977006,0.1795513258793999,0.0206184484140601,-0.0187238936947499,-0.74581138352047,0.0472098829944785,0.0478284885452535,1635.2217860501714,3.2135766645959736,0.677363382742635,0.40824663811073353,0.9999336488574508,B,25.34292814223993
D25-5115,567409191175.3171,14995533707.382902,20813251993559.65,0.6595321568674313,2.6778888839995244e+25,1.3389178120518424e+25,1.2970653837264878e+25,3.974954267726012e+25,6.653533975638599,0.0209428570480822,1.998468711777784e-05,-4.699302646707667,0.046393813889897,1.991852126916905,12704032.86547602,0.1776986637032957,0.0202610581847518,-0.018448171382737,-0.7503158380836514,0.0468926730865247,0.0476033782918712,1643.8214487084138,3.215854642856153,0.7681172695635058,0.326309511094957,0.9999602232662411,B,26.78331059490193
D25-6805,465405031630.5499,15110060232.16071,10584845328281.678,0.3354135082605039,2.982120511668622e+25,1.4761619861167791e+25,1.0669281572021307e+25,4.049048668870753e+25,6.777557947291274,0.0213332385082758,2.0357207988289357e-05,-4.691281786179441,0.0460421725202161,2.0167299854338787,12862703.847097278,0.1799180865984624,0.0206811105840181,-0.0187863088250901,-0.7449251762037497,0.0472543668028232,0.0478936250862027,1633.4061243881142,3.2130941796245764,0.8744454164797953,0.26350094663092516,0.9802142363620903,B,27.794361041726244
D25-8114,880544065063.4114,15003960326.511822,39633814014947.96,1.2559197789105623,2.1106540014933797e+25,1.0552695021891138e+25,1.869539163201033e+25,3.9801931646944125e+25,6.662303178156761,0.0209704592449652,2.001102646905185e-05,-4.698730633582108,0.0463677579026056,1.9936380543659495,12715423.510746028,0.1778579912542106,0.0202910951618338,-0.0184768972517035,-0.7499266169575992,0.0469186912791562,0.0476365795165172,1643.0402921271848,3.215648213729608,0.6050961478183708,0.46971066122731026,0.9998910377068946,B,24.755178546559726
D24-7932,595637600638.0068,15079919630.649384,17956830254732.61,0.5690176139735788,2.6936931203253323e+25,1.3468422085829484e+25,1.6178551118016385e+25,4.311548232126971e+25,7.216946590550988,0.0227162709806479,2.167696446519342e-05,-4.664001534325396,0.0461341981283517,2.1030874903411982,13413492.013396164,0.1876222796032585,0.0222164615216375,-0.0200301675614946,-0.7267155916806305,0.0486012638294974,0.0490308342241081,1599.3932633395316,3.203955262432382,0.7964371618488034,0.3752376234008912,0.9999935381419283,B,25.49787456354825
D25-0979,654012847255.2036,15046696861.14424,25914902265387.348,0.8211936986775721,2.5507583214473445e+25,1.275344962666464e+25,1.7561251713930436e+25,4.306883492840388e+25,7.209138450069278,0.0226916938505816,2.1653511778986368e-05,-4.664471659469775,0.0462360614040505,2.101579923933052,13403876.754845005,0.1874877854143821,0.0221866939472941,-0.0200075538794291,-0.7270270207358723,0.0485725940391437,0.0490094266491686,1599.9558379210278,3.2041079953984877,0.7200191432552098,0.407748473881953,0.999946373374604,B,24.568416630572585
D25-2559,662934330296.1243,14989479780.576344,27051691717122.93,0.857216382650231,2.5163864809842827e+25,1.258158218835576e+25,1.7373689566281394e+25,4.253755437612422e+25,7.120209295993474,0.0224117778588641,2.138640240126909e-05,-4.669862265857817,0.0464125513482797,2.08442467192827,13294460.55755851,0.1859573177076947,0.0218910998994124,-0.0197530448832717,-0.7305867268100327,0.0483334492913446,0.0487710886382899,1606.3375113277043,3.205836801158766,0.7097187224105201,0.40843179212091757,0.999944331791585,B,24.71921522409116
D25-4909,803002320326.6443,14976590429.285328,35648610154277.25,1.1296362890168217,2.243091642137371e+25,1.1214968427262252e+25,1.909591495544256e+25,4.152683137681627e+25,6.951027983130172,0.0218792578381539,2.0878246041637143e-05,-4.680305988736529,0.0464524955319351,2.0513317175438166,13083393.694494462,0.1830050032800098,0.0212895981124203,-0.0193145981146607,-0.7375370366783336,0.0477939269698325,0.0484397396572308,1619.174658098692,3.2092936980166558,0.6364467560601452,0.4598452210852641,0.9999126630357308,B,24.32014182445685
D25-6102,855306600844.8652,15001018410.978828,38171712820080.6,1.2095885878546087,2.1643024832201324e+25,1.0820965759594836e+25,2.024286110844493e+25,4.1885885940646255e+25,7.0111288441375,0.0220684330561887,2.105876618433698e-05,-4.676567077359032,0.0463768512870323,2.0632084724016915,13159143.636977987,0.1840645615870025,0.021487325241625,-0.0194788377911897,-0.735029819256566,0.0479512869236536,0.0485780190384544,1614.4261166423664,3.2080181745506167,0.6164146337527716,0.48328597220385316,0.9998989736607131,B,23.92220678723117
D25-8685,481090573756.3794,15021512574.81471,11227317166498.316,0.35577221228795336,3.0091995869726627e+25,1.4934092142616095e+25,1.2823606554825071e+25,4.29156024245517e+25,7.183489408548709,0.022610960181534,2.1576471807215538e-05,-4.6660195698444715,0.0463135783786794,2.0966481064156213,13372421.622718832,0.1870478042678738,0.0221104503987949,-0.0199273681867107,-0.7280473855675842,0.04852239474453,0.0489230542182077,1601.7724316666868,3.2046008146872147,0.8673533027532583,0.29880989268110053,0.9852346611692657,B,26.62792814536223
D25-8815,636634601291.7297,14991691807.70875,25349829184797.4,0.8032876132784939,2.5584826472576902e+25,1.2792087066310236e+25,1.5877442754043208e+25,4.146226922662011e+25,6.9402211554049265,0.0218452419529083,2.084578643872303e-05,-4.680981715814488,0.0464057031670214,2.0491775675918507,13069654.526100824,0.1828128255762997,0.0212532232843897,-0.0192850140332629,-0.7379933387902615,0.0477640945158439,0.0484150364916258,1620.0580450752418,3.2095305751625527,0.7251947457927735,0.38293713899887993,0.9999490070159553,B,25.400240644116153
D24-2769,480962828158.69,15032950840.587618,8173329110789.587,0.2589971705956596,3.078668418614709e+25,1.527057622174585e+25,1.4079978527989712e+25,4.48666627141368e+25,7.510070421836697,0.0236389160769951,2.255739704079276e-05,-4.646711016215322,0.0462783393212244,2.1600386995635823,13776726.825816529,0.1927030552483708,0.0232215092967652,-0.0209387596225039,-0.7151113996829507,0.0494134521123472,0.049955707551629,1577.7471216541078,3.1980373965470963,0.9015868800287663,0.31381827121171924,0.9841756874070022,B,26.231035622480995
D24-2869,452014587935.3458,15074760123.455605,6468102452438.978,0.20496179850302232,3.138398917629161e+25,1.5532329330263378e+25,1.2275164964183033e+25,4.365915414047464e+25,7.307949874539627,0.0230027155640013,2.1950303740811787e-05,-4.658559465761459,0.0461499880795797,2.1210154911681673,13527836.802670572,0.1892216863798826,0.0225729926304012,-0.0203290165282555,-0.7230290913201217,0.0489441363007466,0.0493601076113653,1592.2979291097436,3.202024330275302,0.9212860363910845,0.28115901935908605,0.9798550739249641,B,27.01191012301006
D24-3018,428860663336.44666,14964929591.5775,2110519817360.1987,0.06687833730575832,3.351787501539702e+25,1.6757176707977534e+25,1.03432299899606e+25,4.386110500535762e+25,7.34175370850618,0.0231091174949197,2.2051837609531234e-05,-4.656555214340065,0.046488691827294,2.1275075325457795,13569243.042576982,0.1898008594329013,0.022688491715813,-0.0204240502635288,-0.7217018253854303,0.0490389957565426,0.0494442275292014,1589.9155239797212,3.2013740498273133,0.9736033125691476,0.23581781600571114,0.9997898894558352,B,27.835075740379843
D24-4391,492782905536.0539,15098875419.634483,9266643882178.898,0.2936422250798191,3.0277670291463787e+25,1.5050873597439328e+25,1.413103066771399e+25,4.440870095917778e+25,7.433413839372264,0.0233976295886078,2.2327149803508185e-05,-4.651166713722708,0.0460762792370162,2.1453776322724134,13683218.538633453,0.1913951006914543,0.0229395781134976,-0.0207066117065822,-0.7180691834343014,0.0491616279019969,0.0497265827322551,1583.0596028683476,3.1994972665424117,0.8891788433917533,0.31820409880270506,0.988446480233484,B,26.18184488250654
D24-8060,536140818883.89,15077981558.28688,13691833062568.557,0.43386800842169737,2.878655226332022e+25,1.4393239992350805e+25,1.5741489370195055e+25,4.4528041633515275e+25,7.453389848601532,0.0234605066562251,2.2387150142541616e-05,-4.650001188070924,0.04614012806095,2.1492315708468026,13707798.958860908,0.1917389212619721,0.0230087965688656,-0.0207712124998138,-0.7172897203322667,0.0492182775212721,0.0497961881685383,1581.6262562204856,3.199103865990127,0.8406774674168508,0.3535185647676628,0.9999949783192883,B,25.469093807528253
D25-1097,506236092174.244,14989965253.48384,12738917742756.34,0.4036719440881544,2.9815261683112656e+25,1.4865268216898727e+25,1.478364162575523e+25,4.459890330886789e+25,7.465251131342755,0.0234978415747459,2.2422776927535388e-05,-4.649310603622225,0.0464110482069537,2.1515020618816436,13722280.150681123,0.1919414780770033,0.0230558981957484,-0.0208061559118938,-0.7168311651630987,0.0492643251846638,0.0498291780825714,1580.8015027696256,3.1988773401004895,0.8508930979452944,0.33147993625250655,0.994332756766304,B,25.6675552305703
D25-1133,629613547838.4612,15044875869.565235,24266172091234.105,0.7689485921373649,2.6088695444981382e+25,1.304402785250634e+25,1.737074785402712e+25,4.34594432990085e+25,7.274520990092146,0.022897493835094,2.184989607793288e-05,-4.660550624271941,0.0462416576933914,2.114356874136557,13485368.14324296,0.1886276526498483,0.0224296680562486,-0.0202120010468119,-0.7243946397380711,0.0487950603702738,0.0492229103372201,1595.0131524801302,3.202764268600719,0.7352244613091417,0.3997001925338382,0.9999509577408419,B,24.584507671360612
D25-1423,714461585289.1273,14967553694.943447,30239330604877.03,0.9582265636447965,2.4228023769648435e+25,1.2113612541505865e+25,1.9409014927872375e+25,4.3637038697520814e+25,7.304248049533128,0.0229910635919498,2.1939184865520777e-05,-4.658779512357603,0.0464805414551498,2.120282011383004,13523158.6686008,0.1891562506098696,0.0225605782180508,-0.0203163632606125,-0.72317930300712,0.048934683353511,0.0493456432736718,1592.592649918424,3.2021047070531545,0.6816147758911665,0.44478304456931617,0.9999340713616481,B,23.91405591882546
D25-6808,599039992778.4427,15026389857.23518,21459035002349.32,0.6799957855587662,2.707063346750684e+25,1.3535023702117528e+25,1.77255784833444e+25,4.4796211950851235e+25,7.498277920198727,0.0236017976558752,2.2521976848090115e-05,-4.64739349230482,0.0462985458656273,2.157849351859877,13762763.166162295,0.1925077374554117,0.0231697854898931,-0.0209043029341857,-0.7155518102247922,0.0493566972398703,0.0499222140790146,1578.4678531577679,3.198235741541282,0.7618555454069249,0.3956936917521566,0.9999567021152397,B,24.353249261001586
D24-8010,484646337223.2985,15065966910.810144,8066117015588.615,0.25559982430820516,3.120589836655127e+25,1.5486319373923838e+25,1.5992393020795052e+25,4.719829138734632e+25,7.900353417586676,0.0248673821851139,2.3729658817167585e-05,-4.624708505983532,0.0461769234008353,2.234541819005676,14251907.7216182,0.1993496855818581,0.0245869591439977,-0.0220237922785024,-0.7003844449786207,0.0505096118047959,0.0508433986776564,1550.9078613688991,3.1905859973702277,0.9028129140283732,0.33883415163377184,0.9851612044563666,B,25.220528981118658
D25-0988,821615963045.8746,14983731069.64082,35955211746923.24,1.139351907208509,2.2481624177116934e+25,1.1240302353008086e+25,2.402847586412757e+25,4.65101000412445e+25,7.785159526169948,0.0245047945422784,2.3383660151455256e-05,-4.631087509462978,0.0464303581508872,2.2128909040039977,14113818.185737498,0.1974181472855354,0.0242009633605197,-0.0217231406462782,-0.7046129281419479,0.0502201358692321,0.050627653105118,1558.3462499152579,3.1926639602174345,0.6339781664693532,0.5166292018899004,0.9999093103892306,B,22.190122556767417
D25-2869,452014587935.3458,14997302212.967678,6468102452438.978,0.20496179850302232,3.254767636175604e+25,1.6139125259124774e+25,1.436686496991835e+25,4.691454133167439e+25,7.852857509235443,0.0247178826826524,2.358699916122393e-05,-4.627327308398863,0.0463883430580235,2.2256094035403096,14194936.775780097,0.1985527999745439,0.024431129734631,-0.0219052444912886,-0.7021239841734057,0.0503975490596102,0.0507683839480528,1553.983035333767,3.1914462733444653,0.9212860363910845,0.306234795483731,0.9835801563574199,B,25.68017835320649
D24-4438,681010572888.1229,14985982185.457035,22407989719890.875,0.71006634597976,2.5432996568266175e+25,1.2716443211666965e+25,2.254493520629244e+25,4.797793177455862e+25,8.030854637367113,0.0252781516198939,2.412163487911444e-05,-4.617593260590089,0.0464233836254745,2.259247566645361,14409480.980064113,0.2015537539873568,0.025033345416819,-0.0224185153968507,-0.695609108595964,0.0508442885405155,0.0512098649070302,1542.2350535245603,3.1881505699983568,0.752746667755046,0.4699021898698727,0.9999913384602607,B,22.972084709289053
D25-1716,507359340805.2853,14985475601.329935,11876828588268.908,0.3763539872572346,3.0534130047640597e+25,1.521422868621194e+25,1.743641329407446e+25,4.797054334171505e+25,8.029617913982634,0.0252742588734009,2.4117920232134268e-05,-4.617660145563849,0.0464249529683434,2.2590113012386466,14407974.079300089,0.2015326760938299,0.0250297344525173,-0.0224148498672261,-0.6956545281991761,0.0508423849777763,0.0512066617943847,1542.3201204035586,3.188174524231021,0.8602419475829601,0.3634816718640708,0.9931022613838253,B,24.389277478185463
D25-2769,480962828158.69,14963695829.299768,8173329110789.587,0.2589971705956596,3.2247506134059764e+25,1.5996797286921978e+25,1.8309199049005711e+25,5.055670518306548e+25,8.462506307633738,0.0266368309710566,2.5418152429897175e-05,-4.594856020212441,0.0464925248371982,2.3396131234937467,14922052.501643118,0.208723388653879,0.026481327719906,-0.0235960002842318,-0.6804288830179629,0.0518749090724586,0.0521004424868436,1515.400266259475,3.1805273592200023,0.9015868800287663,0.3621517459001379,0.9843753547857987,B,23.988223191436223
D24-3714,499519630131.5635,15056809808.610825,7769160880279.717,0.24618985221562212,3.1954557164891876e+25,1.5883554583272826e+25,2.1764690197307603e+25,5.371924736219948e+25,8.99187294737362,0.0283030808020018,2.70081686084462e-05,-4.568504863802617,0.0462050068270196,2.4372536538643965,15544803.80434712,0.2174341717163755,0.0282083675929608,-0.0251349773466492,-0.6626722016405582,0.052975779857009,0.0533503335776194,1483.7651039499433,3.1713651528750173,0.9062174951417938,0.405156275748992,0.9883362598323134,B,22.799878638439402
D24-4231,606150719259.4816,15057827442.026123,17208822274083.074,0.5453146713971618,2.7800196190625364e+25,1.3900053217312812e+25,2.432489772888485e+25,5.212509391951021e+25,8.725033296426334,0.027463168556117,2.6206683720216297e-05,-4.58158793262582,0.0462018842146054,2.388235242879257,15232164.379083902,0.2130611030476683,0.0273499405016788,-0.0243649942365076,-0.6714958289045486,0.0524502424947433,0.0527412266234992,1499.4408507308342,3.175929338579795,0.8040242339256405,0.46666386378980007,0.9999935428002495,B,22.005953634361372
D24-5327,1041014217753.7904,14980449599.539513,34298402083800.586,1.0868507771123466,1.947493786361625e+25,9.737353724837403e+24,3.2669168200050103e+25,5.214410606366636e+25,8.728215671331116,0.0274731854919211,2.6216242364839797e-05,-4.581429556626215,0.0464405287289498,2.3888195100735112,15235890.835248854,0.2131132271477767,0.0273612704257959,-0.0243734248761478,-0.671389594401153,0.052458620431852,0.0527469098634661,1499.2541013774076,3.1758752455726085,0.6474327765196839,0.6265169866017465,0.9999763376687524,B,20.274858200257913
D24-5571,523369300701.89,15073702794.461897,10294001183223.85,0.32619721345171526,3.079851909843559e+25,1.5380533597862027e+25,2.214288246851439e+25,5.294140156694998e+25,8.861672117932104,0.027893256884589,2.6617094804901952e-05,-4.574839348525274,0.046153225221848,2.4132545700698804,15391737.647905698,0.2152931467563601,0.027828384198498,-0.0247030966662896,-0.6669697944833723,0.0527932163494079,0.0529299813222503,1491.5089159646416,3.1736258538379882,0.8776750245271184,0.4182526682923644,0.9975708951918432,B,22.66650750752905
D24-8048,1059641774308.8184,14976705172.310265,34550849452628.188,1.094850351504176,1.9258345885506928e+25,9.629054164840134e+24,3.3705465367229394e+25,5.296381125273632e+25,8.865423195195392,0.0279050638844764,2.6628361615252045e-05,-4.574655553926985,0.0464521396392477,2.413959045778307,15396230.793974042,0.2153559949920836,0.0278383752095241,-0.0247139266489009,-0.6668430340209921,0.0527965510909502,0.0529382248007107,1491.269472237047,3.173556127511517,0.6453644128265548,0.6363867057525631,0.9999753298753895,B,19.979797347950285
D25-1053,584175260272.2808,15038442548.951063,18466184888920.65,0.585158088350212,2.859202168378766e+25,1.429573050519092e+25,2.4550060297780865e+25,5.314208198156853e+25,8.89526329576655,0.0279989894528812,2.6717989935429127e-05,-4.573196218082274,0.0462614394898576,2.419490934511954,15431513.180317247,0.2158495101594199,0.0279135389599696,-0.0248173915589159,-0.6658489325777962,0.0528168062154668,0.0530446752620721,1489.4545671718568,3.1730272604698353,0.7913117754442047,0.4619702386951203,0.999960781897989,B,21.505304541112995
D25-4391,492782905536.0539,15103004587.11444,9266643882178.898,0.2936422250798191,3.2031483029186988e+25,1.5908010842296269e+25,2.0388819864443216e+25,5.24203028936302e+25,8.774447272208864,0.0276187054234089,2.6355104521684365e-05,-4.579135257077529,0.0460636819638892,2.3971290742567044,15288889.23560926,0.213854546461272,0.0275476390564101,-0.0244736865422859,-0.6698815123837709,0.0526227100173999,0.0527824034009701,1496.7641794594779,3.1751533810865307,0.8891788433917533,0.3889489136645325,0.9866367900104277,B,22.98145086755164
D25-4396,593663229049.3304,14963745369.117807,19613202307965.83,0.6215048770491365,2.8154688336063404e+25,1.4077055755240885e+25,2.4377984536483427e+25,5.2532672872546835e+25,8.79325648162881,0.027677909838012,2.641160023758011e-05,-4.5782052847719985,0.0464923709164275,2.4005740961676505,15310861.585357277,0.2141618864398432,0.0276147531599775,-0.0245191713443562,-0.6692578163317415,0.0526721534561847,0.0528060192268503,1495.6706150154555,3.1748359612880015,0.7798903463218685,0.46405376318141184,0.9999590253845366,B,21.63926052099952
D25-4766,748621171425.822,15000290997.678137,30826330734182.613,0.9768274752890782,2.4288822948657516e+25,1.2143978125770765e+25,3.0128389891433693e+25,5.441721284009121e+25,9.108702895800477,0.0286708181454642,2.735908136756723e-05,-4.5628984889582895,0.0463791002526341,2.458185733169479,15678308.60615494,0.219301580682523,0.0285776162740503,-0.0254584529401066,-0.658958238002261,0.0531983185172839,0.0535913532830986,1477.5548113818888,3.1695436004427497,0.67656213346262,0.5536555130077697,0.9999286366249528,B,19.803615523671986
D25-8010,484646337223.2985,15002242932.22732,8066117015588.615,0.25559982430820516,3.268661194267276e+25,1.6221322145010997e+25,2.142845863652173e+25,5.411507057919449e+25,9.058128381907952,0.0285116283346651,2.720717475072624e-05,-4.565316553915721,0.0463730658904023,2.4490553969379087,15620075.321669985,0.2184870380136236,0.0284335688060365,-0.0253313779849501,-0.6605743229321738,0.0531316585288256,0.0535182382954783,1480.3271531951868,3.1703577053451437,0.9028129140283732,0.3959795008520286,0.9851829117100985,B,22.67357645816727
D25-8060,536140818883.89,15068183488.765648,13691833062568.557,0.43386800842169737,3.0476483661232357e+25,1.523800090188747e+25,2.3613638924055622e+25,5.409012258528798e+25,9.053952426314485,0.0284984839753888,2.7194631767364495e-05,-4.5655168174329015,0.046170130627802,2.448304623315514,15615286.887506347,0.2184200594123307,0.0284244716262918,-0.0253216737234215,-0.6607074790989945,0.0531309887543662,0.0535138778276148,1480.5523029398123,3.170423754161605,0.8406774674168508,0.43656101697351885,0.9999683789085155,B,21.77917610171056
D24-1824,464517513725.64087,15048905965.377964,3915162299047.501,0.12406400673839268,3.4278920060693185e+25,1.704980851050798e+25,2.113056319171778e+25,5.540948325241097e+25,9.274795496034775,0.0291936160444736,2.7857960408451973e-05,-4.555050683166172,0.0462292741811631,2.4882224949925504,15869883.073062489,0.2219812436784883,0.0290961126357815,-0.025929077587775,-0.6536837197433354,0.0534912668999237,0.0539446352728376,1468.3932171084655,3.1668423697170156,0.9515856289101686,0.3813528289996885,0.9895930188184718,B,22.868222028264356
D24-2680,484483934386.5132,14986095047.75272,6369653029731.636,0.20184212455103162,3.2778234290032778e+25,1.6266844961437314e+25,2.2073959197895925e+25,5.48521934879287e+25,9.181512752825263,0.0288999965689824,2.7577774503734896e-05,-4.559440783836201,0.0464230340047339,2.471471386921433,15763044.5057849,0.2204868307752601,0.0288110210019996,-0.0256645819739868,-0.6566173449373386,0.0533358811013541,0.0537441030340898,1473.3961117678928,3.1683195194349936,0.9224363988129692,0.40242618925993784,0.9851893524953329,B,22.712223147864748
D25-3141,886567315789.8717,14976166265.288595,38604762721365.56,1.223311111154383,2.169414023769515e+25,1.0846488288137742e+25,3.3506282289436913e+25,5.520042252713207e+25,9.23980156793078,0.0290834681386364,2.7752851949287113e-05,-4.556692381110824,0.0464538111874784,2.4819633523269733,15829962.261141436,0.221422848166808,0.028989781332551,-0.0258236486523709,-0.6547775671935635,0.0534337958196677,0.0538553596921453,1470.240448527687,3.1673883666728213,0.613040397163141,0.6069932213465926,0.9998927268845759,B,18.949296963032303
D25-5264,669236553388.0443,15019720097.24784,25265863951116.91,0.8006269155803011,2.6199793151074972e+25,1.3099540492531246e+25,2.8521697364795936e+25,5.472149051587091e+25,9.15963484916322,0.0288311330431353,2.75120615967174e-05,-4.560476864843628,0.0463191055156532,2.467445676580025,15737368.525227396,0.2201276859680439,0.0287493455173013,-0.0256140035804418,-0.6573253317902169,0.0533101498152347,0.0537245125406593,1474.6855071624552,3.1686994121333236,0.725966966245268,0.5212156521307433,0.9999456372307434,B,20.220236736338144
D24-5375,767489250468.1808,14982973390.326117,26220277153715.594,0.8308704449551167,2.396677005663344e+25,1.1983317136442e+25,3.336687796003127e+25,5.733364801666471e+25,9.596874563400071,0.0302074014840172,2.882536350762429e-05,-4.5402252072471425,0.0464327061041958,2.5453754348855577,16234404.523700086,0.2270800162773469,0.030232283987088,-0.0268051697743079,-0.6438210833159145,0.0542816305417609,0.0545525091324108,1451.9196160268782,3.161942572781204,0.7172375530509241,0.5819772352586529,0.9999886690630535,B,19.322266778850793
D24-6863,527830514724.4779,14981352644.02367,10064624351719.25,0.3189287002724938,3.1264376034204407e+25,1.5616245837407944e+25,2.834087252427876e+25,5.960524855848316e+25,9.977109664638473,0.031404240547146,2.996744522799556e-05,-4.523350279766301,0.0464377293913795,2.612338694835422,16661496.19566032,0.2330539947918693,0.031538422121486,-0.0277997781037988,-0.6325434484010117,0.0551208417676972,0.0551644636854633,1433.0529267477116,3.15626223043224,0.8802304946137421,0.4754761234905583,0.9979624172992217,B,20.607873223584328
D25-1824,464517513725.64087,15013747706.529345,3915162299047.501,0.12406400673839268,3.5197968724311466e+25,1.7549148727260952e+25,2.370069237216344e+25,5.889866109647491e+25,9.858836513085418,0.0310319605355505,2.961219763523123e-05,-4.528529360748571,0.0463375310148209,2.5918105874301487,16530567.92662949,0.2312226252815628,0.0310839911766372,-0.0274874408617955,-0.6359696721798102,0.0547789176121197,0.054964291064308,1438.585229784936,3.1579355970075667,0.9515856289101686,0.4023978122922378,0.9943525249956531,B,21.777153988749053
D25-7390,686034350802.6075,14984387301.887589,26380691438454.188,0.835953666896538,2.587182482404001e+25,1.293554049805661e+25,3.175757220471933e+25,5.762939702875934e+25,9.646378934210327,0.0303632228813273,2.8974055821397357e-05,-4.537990707503734,0.0464283247612241,2.55411114019247,16290120.852147574,0.2278593528247576,0.0304018864597958,-0.0269286975139513,-0.6423331404551625,0.0543923711426537,0.0546206589007203,1449.443152197631,3.161201186803109,0.7157806836042431,0.5510654950783374,0.9999425006510335,B,19.21542092364992
D25-8299,477228319232.61334,15017678164.663548,2384354169307.6685,0.07555562429676745,3.5838534178465418e+25,1.7919071031877274e+25,2.1350762014704036e+25,5.718929619316945e+25,9.572712027245396,0.0301313467824918,2.875278843296604e-05,-4.54132003124123,0.0463254034593027,2.541126226637619,16207303.073494734,0.2267009326007767,0.0301517614753062,-0.0267362609538801,-0.6445466932720795,0.0542308185835181,0.0545000323842711,1453.1115966432608,3.162298968699447,0.9702298762674293,0.3733349321626049,0.9999781179431737,B,22.584225079208487
D24-5758,679935545098.7007,14967906015.48636,21426344612523.17,0.6789598896152804,2.614628575656718e+25,1.3073087958248772e+25,3.4909284975881013e+25,6.105557073244819e+25,10.219873913234942,0.0321683723564005,3.069661675839527e-05,-4.512909487849457,0.0464794473776226,2.6550274851632034,16933765.300370913,0.2368623804113874,0.0323395008663573,-0.0284845681418289,-0.6255039104765355,0.0555820010421769,0.0556446154040953,1421.097732536492,3.1526239465001313,0.7621712920461435,0.5717624871423626,0.9999915980717703,B,18.7219541574365
D25-2680,484483934386.5132,15017599657.174644,6369653029731.636,0.20184212455103162,3.3993618701211306e+25,1.6889246544010312e+25,2.7674228340279503e+25,6.1667847041490805e+25,10.322360657743433,0.0324909626140626,3.100444798466104e-05,-4.508575996597302,0.0463256456345625,2.673125411448349,17049193.87421757,0.2384769467103671,0.0326347034749969,-0.0287578955613541,-0.6225535973382565,0.0557017777830159,0.0558085185336567,1415.9789966669903,3.151056811475729,0.9224363988129692,0.448762680520693,0.9874227705516736,B,20.5266576992561
D25-4328,655366028418.1968,14977210134.035816,23848792348330.637,0.7557226261924429,2.682684343391095e+25,1.341307849236194e+25,3.4151643058143385e+25,6.097848649205434e+25,10.206971057556547,0.0321277589526102,3.065786148419022e-05,-4.513458142306395,0.0464505734895858,2.65282229929687,16919700.624915436,0.2366656496519252,0.0322959182245951,-0.0284435107131964,-0.6258647722745558,0.0555550000405955,0.0556083243195837,1421.664161961394,3.1527970156392344,0.739124389752166,0.5600605233551252,0.9999488250174307,B,18.48134115033087
D25-6769,632032163729.5868,14980864300.518332,21973508275616.52,0.6962984598200281,2.7551153665157624e+25,1.3775254798094842e+25,3.468061194799881e+25,6.223176561315644e+25,10.416752973311311,0.0327880746117789,3.128796662300474e-05,-4.504622660347047,0.0464392431600845,2.6891220660356714,17151220.537175514,0.2399040527216403,0.0329599246730193,-0.0289785128014944,-0.619962415392826,0.0559086207170281,0.0559084151340111,1411.9775246745776,3.1498277838351227,0.7569035958428936,0.5572815041691018,0.9999532466829094,B,18.321024914294334
D24-0362,473162648111.78326,15028530025.437937,4097863845961.253,0.1298534694007546,3.472094141502311e+25,1.726773211963469e+25,2.8085303892527913e+25,6.280624530755102e+25,10.512913077491715,0.0330907509523451,3.1576795026420826e-05,-4.500631952002682,0.0462919526275975,2.7054676258087085,17255472.517407943,0.2413622855341568,0.0333100913845142,-0.0292093827223928,-0.6173305903447811,0.0561455761031479,0.0560204312169424,1407.844997782026,3.1485548420833975,0.9493845107646769,0.4471737445058078,0.9893728899588262,B,20.564882136388075
D24-0798,589493761011.4419,14995613271.60572,15020002354145.064,0.47595515356507034,2.9103772738580424e+25,1.4551843641483831e+25,3.5537874343588487e+25,6.4641647082168915e+25,10.820134425055892,0.0340577698009319,3.2499571182588696e-05,-4.488122369306175,0.0463935677320588,2.758394006716486,17593036.974837746,0.246083995060115,0.0342203033855523,-0.0300832107819068,-0.6089166312509036,0.0565463889359862,0.0566280407135368,1393.915690092826,3.14423650659215,0.8266432451056933,0.5497674633570938,0.9999941275406037,B,18.462694950579078
D25-2547,480007891947.58325,15085951228.271706,2804556408708.8306,0.08887102975856309,3.620948386588788e+25,1.8104543846280767e+25,2.779640889486412e+25,6.400589276075201e+25,10.71371777991229,0.0337228096737365,3.2179936028532933e-05,-4.492414823583252,0.0461157529593645,2.74017569449389,17476840.579482034,0.2444586887970966,0.033904244943038,-0.0297742149485202,-0.6117945219936333,0.0564059269844425,0.0564048409558157,1398.6203205093736,3.1456998338005313,0.9650760119323643,0.4342789030185779,0.9999781179431736,B,20.381136128665624
D24-1005,562138088011.7999,14982448355.925385,12293830077943.477,0.38956796708062325,3.0390857134086988e+25,1.5195389274774435e+25,3.6952943916689064e+25,6.734380105077605e+25,11.27243832660039,0.0354814547158988,3.38581201864133e-05,-4.470337157725326,0.0464343332593473,2.835124108011878,18082421.560899757,0.2529293006336339,0.0356229996767294,-0.031434037366709,-0.5970008568303511,0.0572253976414353,0.0576347000102571,1374.6437737295773,3.138190169331894,0.8557070550410177,0.5487207930070236,0.9999948284226031,B,18.124091899403297
D24-8299,477228319232.61334,15017805602.026552,2384354169307.6685,0.07555562429676745,3.63199518186932e+25,1.8151367719961444e+25,3.1998437961820873e+25,6.831838978051407e+25,11.43557125314085,0.0359949366599125,3.4348109492465594e-05,-4.4640971613579845,0.0463250103534513,2.863007728614449,18260263.293102954,0.2554168759176265,0.0361443918053887,-0.0319357534204957,-0.5927504113961275,0.0574802412909724,0.0580087445434279,1367.5061081067338,3.1359292748307883,0.9702298762674293,0.46837225035048385,0.999052409440562,B,19.376256245669126
D25-0362,473162648111.78326,14961714671.195831,4097863845961.253,0.1298534694007546,3.565184106852864e+25,1.7771960962882549e+25,3.2740547974018463e+25,6.83923890425471e+25,11.447957725310015,0.036033924679951,3.43853137468814e-05,-4.463627008608053,0.0464986811531271,2.865073211613508,18273436.943670955,0.2556011433960576,0.036192512595124,-0.0319640170743522,-0.592437207753513,0.0575130532342722,0.0580188891939442,1367.014182454374,3.135773020295491,0.9493845107646769,0.4787162494594314,0.9939642132874559,B,19.126639981652392
D25-3714,499519630131.5635,15026462937.090267,7769160880279.717,0.24618985221562212,3.347079444981886e+25,1.6633704770491063e+25,3.2816092923997515e+25,6.628688737381637e+25,11.09552532118382,0.0349245981948453,3.332674076109421e-05,-4.477207156747022,0.046298320696801,2.8051640971927423,17891336.61189531,0.2502564848080248,0.0351086603996715,-0.0309100074825441,-0.6016146599831015,0.0570155868263162,0.0572546759300948,1382.12644488575,3.140547776615698,0.9062174951417938,0.49506160605996447,0.9879204237365057,B,19.01670662715904
D25-7773,1029636520412.9796,14962446091.345291,43653502931533.96,1.3832960342844183,1.97703113802996e+25,9.884402045493194e+24,5.140574563403684e+25,7.117605701433644e+25,11.913905964704302,0.0375005569095555,3.5784845155523604e-05,-4.446300857680083,0.0464964081242312,2.94256909501573,18767705.688010328,0.2625147665194753,0.037805231993358,-0.0332195864794829,-0.5808462624006728,0.0584305155273435,0.0587588119755171,1348.7059719245017,3.12991728051778,0.5750384253546987,0.7222336806839774,0.9998475315459443,B,14.478932993353716
D24-6076,481005802348.1832,15010552873.774595,4141892230841.8286,0.13124864472716014,3.504366892519595e+25,1.7432301053374765e+25,3.7175546041904705e+25,7.221921496710065e+25,12.088516448578998,0.0380501659468391,3.630930868129746e-05,-4.43998201984932,0.0463473934538067,2.9715339726579737,18952443.67761256,0.2650988037488468,0.0383286121232892,-0.033706766293261,-0.5765922320045413,0.0586470504594273,0.0590593578421277,1341.9244243607584,3.12772805755628,0.9488548354385369,0.514759763850105,0.9898323162772078,B,18.128105371572367
D24-2547,480007891947.58325,14997249525.458778,2804556408708.8306,0.08887102975856309,3.633255887018386e+25,1.81334734744404e+25,4.5172977081473705e+25,8.150553595165756e+25,13.642920550309254,0.0429428535045614,4.097814778866644e-05,-4.387447675591748,0.0463885060269888,3.223894590092862,20561999.69561227,0.2876125957535427,0.0432508557533767,-0.0379652785206878,-0.5411920983083679,0.0608408942215563,0.0614809983032178,1286.6550663351222,3.109462134421505,0.9650760119323643,0.5542320107957652,0.9963947682053075,B,16.346673824336598
D24-4864,661227029147.7665,14973693468.136232,19791161723245.195,0.6271440706278423,2.703584544453724e+25,1.3517870427136247e+25,5.481179746794187e+25,8.184764291247911e+25,13.700184612580614,0.0431230995323915,4.115014726620368e-05,-4.385628606216349,0.0464614826983361,3.233143872939652,20620991.621609103,0.2884377499805447,0.043429243716173,-0.0381267979103317,-0.5399479009035312,0.0609119620852997,0.0615722470128103,1284.6736281334613,3.1087928089872316,0.7781331478501708,0.6696808303514975,0.9999922628748306,B,13.987553590492645
D25-5571,523369300701.89,14985321226.356928,10294001183223.85,0.32619721345171526,3.258250163665209e+25,1.624410056803906e+25,4.863157535101297e+25,8.121407698766505e+25,13.594134275328086,0.0427892924065674,4.0831612361822554e-05,-4.389003470284776,0.0464254312264169,3.2160382627040223,20511892.039526258,0.2869117109540404,0.0431053886385074,-0.0378324759401822,-0.5422517246751666,0.0607881677842356,0.0614107521030378,1288.3254689580626,3.1100255924620748,0.8776750245271184,0.5988072161233726,0.9942282907502419,B,15.256184095902832
D25-6076,481005802348.1832,15001737866.809076,4141892230841.8286,0.13124864472716014,3.598322119338147e+25,1.7939022039298145e+25,4.56277132994003e+25,8.161093449278176e+25,13.660562835656952,0.0429983848750167,4.1031138508185906e-05,-4.3868864323150065,0.0463746271383142,3.2267420794906316,20580160.98299125,0.2878666281960394,0.0433063514287142,-0.0380116152226882,-0.5408086790967777,0.0608635746052237,0.0615032535571802,1286.0461075677943,3.109256539275066,0.9488548354385369,0.559088234719772,0.9941711397725636,B,16.097076326252413
D25-7932,595637600638.0068,14970637031.22437,17956830254732.61,0.5690176139735788,2.9288652108573917e+25,1.464403594897244e+25,5.1562171286640205e+25,8.085082339521412e+25,13.533330553917532,0.042597904844686,4.064898109362198e-05,-4.390950335948472,0.0464709683728871,3.206571549196098,20451513.34077271,0.2860671591335074,0.0429121928536944,-0.0376948072795085,-0.5435319968810354,0.0607006376898961,0.0613647534241492,1290.147220896914,3.1106392712101165,0.7964371618488034,0.6377445413832653,0.9999603806188762,B,14.381142572616644
D25-6863,527830514724.4779,14965306214.772385,10064624351719.25,0.3189287002724938,3.274786436384766e+25,1.6330992651597994e+25,6.400598578654978e+25,9.675385015039745e+25,16.195281401760475,0.0509767387515265,4.864446965831948e-05,-4.3129665270996105,0.0464875218733091,3.618586832096322,23079346.815110344,0.3228241875330155,0.051166079104052,-0.0450179859085603,-0.4910339333099873,0.0638942328344817,0.065224130179643,1212.3470301371344,3.083626952916882,0.8802304946137421,0.6615342509580416,0.9947688535211252,B,12.57986367127766
D25-5166,857870632791.0416,14963166011.493551,36559546348817.49,1.1585021151423902,2.252021179204736e+25,1.1259556387473592e+25,1.1737852688421423e+26,1.398987386762616e+26,23.417150191868632,0.0737085029906541,7.033621854010135e-05,-4.152820984203793,0.0464941710508068,4.63356344286036,29552867.638563372,0.41337307165226,0.0738041680922961,-0.064078935122423,-0.3836578180177292,0.0713448084712815,0.0731508866226367,1069.1047650661112,3.029020265228182,0.6291403935110259,0.8390249118388323,0.9999024020307262,B,5.9682934354474435
D25-1235,1420564646727.7751,26675124051.071247,44860998968384.81,1.4215592747352401,1.8970251918447343e+25,9.483820626530698e+24,1.8797011327270906e+26,2.069403651911564e+26,34.639008602182116,0.1090307508910202,0.0001040424158829,-3.98278957196592,0.0260804785262867,6.0209065765248475,38401342.14507548,0.5371418081054591,0.107857246279471,-0.0913991135119873,-0.2699110432624434,0.0794701211911873,0.0810047226102816,936.6085714710057,2.9715581279554844,0.5663043016131754,0.9083298615960013,0.9997248000532959,B,3.0254546471313573
D25-3602,1163166831207.5894,14962076776.933702,46707363545000.95,1.4800670375757647,1.8365423669799176e+25,9.181782643142364e+24,2.2462422776966556e+26,2.4298965143946472e+26,40.673169870353306,0.1280240523917095,0.0001221667428051,-3.9130470050752506,0.0464975558120732,6.706381268354683,42773299.72956616,0.5982949103335501,0.1254353911397096,-0.1055594321784168,-0.223084691664816,0.0826614479127252,0.0843014746734601,886.4372375386343,2.947647991650899,0.5532049036757248,0.9244189060686212,0.9997976419691217,B,3.292432352110632
D24-3583,1444323646583.9668,28462973768.172993,31500338416985.168,0.9981854899290556,1.918519337593102e+25,9.592395329683214e+24,2.5386311198592535e+26,2.7304830536185637e+26,45.704580590180505,0.1438610671031909,0.0001372791882161,-3.862395297635691,0.0244422808968023,7.251066711209432,46247303.48409376,0.6468878123999016,0.1398025178044379,-0.117068448462842,-0.1891710310473787,0.0849748430129934,0.086701142025512,852.0643163731617,2.9304723778555837,0.670806743627525,0.9297369989148773,0.9999580188634588,B,1.0401822079621441
D25-0132,1453825002636.494,29471015559.067936,43960290741154.18,1.3930175533359375,1.94289497458264e+25,9.713117560252473e+24,4.135996010803431e+26,4.330285508261695e+26,72.48310247835182,0.2281499214047257,0.0002177116897064,-3.662118251534387,0.0236062445356057,9.880633240969177,63018678.81090141,0.8814787502224223,0.2135134127138725,-0.1761100887496342,-0.0547881527604394,0.0941991636208674,0.0967956865661198,727.7524352613929,2.8619836673830097,0.5728066685771774,0.9551324047600138,0.9997205977553334,A1,1.7835522418244052
D24-2798,1346892238955.733,22390278924.28978,32743625356283.105,1.037582875639564,1.8931336638633116e+25,9.465489389882236e+24,5.2477127281786256e+26,5.437026094564957e+26,91.00843785887578,0.2864608058253402,0.0002733547558856,-3.5632733657566455,0.0310715200267237,11.509798830536724,73409496.94116323,1.0268211400039615,0.2638884928328476,-0.2146527275796597,0.0114948012660196,0.0993337500318832,0.1018487067505033,673.3837705621276,2.828262645107833,0.6603183906185786,0.9651807140349067,0.9999621947344766,A1,2.3218356567116825
D24-3901,1281821155593.5735,18639991973.49997,33838190109111.938,1.072267539645345,1.8555009925362071e+25,9.277340462343624e+24,5.3590833845169745e+26,5.544633483770595e+26,92.80963951274806,0.2921303205358585,0.0002787648810342,-3.5547619398055033,0.0373229774448969,11.663207852746048,74387939.68481429,1.0405071852069363,0.2683451529125079,-0.2184458623876736,0.0172450835721046,0.0996455695812414,0.1023408680166478,668.7649543301857,2.825273506446805,0.6512204795433305,0.9665351912264833,0.9999645384354191,A1,2.3776564135918665
D24-7802,1671481698309.5068,50245342061.73197,27473989915858.258,0.8705982050554624,2.0959438259365443e+25,1.0479461879020055e+25,5.667303663427609e+26,5.8768980460212635e+26,98.37129734560716,0.3096363564816261,0.0002954699872308,-3.529486626600005,0.0138460595838964,12.127202060453886,77347294.74157488,1.081901397940677,0.2829782517687801,-0.2293999231962294,0.03418768195209,0.1009066765518706,0.1034925429997871,655.6372543357852,2.816663622892332,0.7059299396599675,0.9643358824753557,0.9999509062514399,A1,0.4122851954977058
D25-1914,1478514620299.4077,31956982475.051525,43269663193401.555,1.3711328869559647,1.9793767177960715e+25,9.89548721694338e+24,5.658655183059118e+26,5.856592854838725e+26,98.03141600279076,0.3085665360821246,0.0002944491128626,-3.530989749815777,0.0217698902123542,12.098700114570788,77165509.33073248,1.0793586601400504,0.2821294878995157,-0.2286814845854355,0.0331657803987607,0.1008480846944684,0.1034009999550474,656.4540057536254,2.817204302783219,0.5778429530341109,0.9662025896821441,0.9997178556188594,A1,2.0548473160099237
D25-7838,1400297189569.494,26056206516.480667,44378338537452.695,1.4062646886155061,1.9312502397581656e+25,9.65497717647622e+24,5.537429196686082e+26,5.730554220661899e+26,95.92170032241803,0.3019259336492044,0.0002881123288417,-3.540438157084507,0.026699972598082,11.923365642539212,76047226.0681151,1.0637165846264631,0.2766490903727254,-0.2244202469492385,0.0268259304695884,0.1003973671259653,0.1029106024238515,661.3564529446012,2.8204355953728335,0.5697794770124239,0.9662990669768918,0.9997361596712532,A1,2.3407324395197326
D24-3476,886826890234.6411,14960903193.090908,29580041046175.207,0.9373349382137808,2.2499279870038203e+25,1.124955261605501e+25,6.564934828755857e+26,6.789927627456238e+26,113.65417340323788,0.3577411816362612,0.0003413739380319,-3.466769637881328,0.0465012032376013,13.378521488555268,85328210.0540055,1.193535081603613,0.3277245598839993,-0.2636137801552687,0.0768351887578977,0.1053681549742899,0.1083889926694692,622.4229505757836,2.7940855979993944,0.6873346583674451,0.9668637412583627,0.9999844762522468,A1,2.9280811910446687
D24-7214,1274350789779.371,18659868428.868683,33714325560990.41,1.068342508967425,1.870026778088836e+25,9.349971017601016e+24,6.370091046628663e+26,6.557093724437547e+26,109.75684986169776,0.345473852710092,0.0003296678594488,-3.4819233917844197,0.0372832210822924,13.05293419773608,83251614.3131607,1.1644885345655556,0.3131355196449006,-0.2529879490465564,0.0661352168729107,0.103428735487426,0.1063782649048573,631.439561009239,2.800331787866276,0.652243706716876,0.9714808594069738,0.9999651619948999,A1,2.7446449304411065
D24-0002,898391041266.278,14962503248.238386,29982537397413.316,0.9500892779366402,2.2306441884357417e+25,1.115313163799413e+25,6.800614974763154e+26,7.023679393606728e+26,117.5668607279088,0.3700568700530415,0.00035312616358,-3.4520701037977544,0.0464962305075461,13.673370700395584,87208758.32712305,1.219839399193239,0.3546687548741134,-0.2817294085234804,0.0863026563834491,0.1108422577204482,0.114048895253342,616.3823536239896,2.789850196831865,0.6838369881541858,0.9682410875635046,0.9999839860664491,A1,3.008995857783381
D24-5023,1527517718162.3008,36600713874.47691,29525572581212.816,0.9356089367129572,2.025875139026137e+25,1.0129154434467037e+25,6.752111799330814e+26,6.954699313233428e+26,116.41222780009754,0.3664225138689899,0.0003496580851298,-3.4563564251337424,0.0190078259780921,13.583985263197402,86638658.00867303,1.211865075933993,0.3457459145784965,-0.2745540918504573,0.0834542699629541,0.1090047329443009,0.1115705635321037,618.3874232621495,2.791260648336867,0.6878093584759736,0.9708704136903332,0.9999563140242176,A1,1.9326653317892104
D25-1036,1235986329098.7144,16847846337.542768,46234428295548.02,1.4650806238607506,1.8547573306154977e+25,9.272755915322648e+24,6.667823927285602e+26,6.853299660347152e+26,114.7149352272631,0.3610800664039595,0.0003445600633658,-3.462735061377088,0.0412931116572295,13.458632068120927,85839155.33047527,1.2006819690381478,0.3338635986380803,-0.2679445423507283,0.0794279887664715,0.1065518003822832,0.1096685853093825,620.7755087133298,2.792934574486487,0.556531086247136,0.9729362872989921,0.9997777341134805,A1,2.882285699152665
D24-4483,1518025938175.7346,36023857008.83612,29600259554152.277,0.9379756240700268,2.0278854835109456e+25,1.013920846158081e+25,7.169529408897997e+26,7.372317957249092e+26,123.40259712177516,0.3884256036485296,0.0003706544975992,-3.431030725690127,0.0193122019063465,14.036330002745856,89523712.75751308,1.252220007238755,0.4157698542737502,-0.3282166327845235,0.0976806384077104,0.124512768144276,0.132007081144123,613.9508583682002,2.78813361089097,0.6871585346987482,0.972493244387039,0.9999568119112144,A1,2.04181769796474
D25-4231,606150719259.4816,14961293368.826042,17208822274083.074,0.5453146713971618,2.9945675705756227e+25,1.497253866621232e+25,7.096394212029959e+26,7.395850969087521e+26,123.79650780167256,0.3896654883607756,0.0003718376555599,-3.429646631848093,0.0464999905322081,14.037344904241932,89530185.79925504,1.2523105494216842,0.4266964287637342,-0.3317458037716588,0.0977120390790563,0.1273404620507275,0.1336577001339917,615.8215796329056,2.789454903390312,0.8040242339256405,0.95951016883531,0.9999600368760395,A1,3.1180333522349857
D25-4712,992562936418.095,14962192854.610878,41244134610454.01,1.3069477593496972,2.0852456264811643e+25,1.042552067494388e+25,7.124944067483802e+26,7.333468630131918e+26,122.75231211094236,0.3863787476360336,0.0003687012885938,-3.4333253445522076,0.0464971950809741,13.967773803135213,89086461.31639637,1.2461039181502318,0.4069359597035243,-0.3189542372875581,0.0955542615826389,0.1227290690141785,0.1284044084250785,616.7252726919289,2.7900917456790317,0.5928706074317874,0.9715653569729165,0.9998643019407104,A1,3.0994793611041542
D25-8088,858842877122.513,14962673899.43398,35385909213306.086,1.1213117985304994,2.308944687188735e+25,1.15441728443903e+25,7.764321198425434e+26,7.995215667144307e+26,133.8290594078589,0.4212442395755694,0.0004019716273074,-3.39580459999685,0.0464957002121337,13.74877075970464,87689659.9053962,1.2265660480249003,0.6512914537123438,-0.4821456147210666,0.0886909390246274,0.1849716944021606,0.2168726536237827,693.9675053847618,2.8413391353504127,0.6385695262812382,0.9711209205190405,0.9999046204443371,A1,3.1940945046080413
D25-8717,1509243612064.465,35742438166.78937,42275934932118.48,1.3396435385491443,2.035809490889901e+25,1.0177601912715584e+25,7.980751775599735e+26,8.184332724688726e+26,136.9946222873142,0.4312082573597853,0.0004114797749969,-3.385651506315858,0.0194642569360704,13.539485462750257,86354838.28142114,1.2078951250688348,0.6981130411433393,-0.4936792980451968,0.0820292285060408,0.1980955285167744,0.2281997585763696,732.513528764658,2.864815650068578,0.5851673434837582,0.9751255287465438,0.9997160173413088,A1,1.885396041399071
D24-4371,1184351179729.5393,15810119843.477495,34252217946479.26,1.0853872901132933,1.8900455568836013e+25,9.450084036254028e+24,9.32576593222285e+26,9.51477048791121e+26,159.2643448145561,0.5013050836623398,0.0004783695569588,-3.3202364662802566,0.0440034615099399,13.23108579162868,84387865.17900771,1.1803819333492938,0.7490260110584981,-0.4985762235336734,0.0720225536686925,0.2134015087466521,0.2383619197399838,891.7518926971271,2.950244039778876,0.6478118912552338,0.9801356684400853,0.9999695783042004,A1,3.331338398724264
D25-0104,1196062274622.545,16295994540.20074,45571342238284.08,1.4440686946499124,1.8937689098641916e+25,9.467869978910534e+24,9.264548852587309e+26,9.453925743573728e+26,158.24588637095724,0.4980993542451911,0.0004753104949006,-3.323022596336177,0.0426914723298275,13.241280398035972,84452886.37867343,1.1812914225182318,0.7479349553683219,-0.4989444028824097,0.0723570505168408,0.2130261407862169,0.2383517515441424,884.6855138229236,2.946788916026659,0.5612283148783155,0.9799684389191287,0.999794173384285,A1,3.2950891942127267
D25-2692,1301377570962.5396,21821520880.599663,44374074168742.82,1.4061295589253562,1.9494114445263026e+25,9.74593195989458e+24,9.316113211622392e+26,9.511054356075022e+26,159.20214181103782,0.5011092916794005,0.000478182722779,-3.320406119431617,0.0318813708634996,13.23180039321594,84392422.90793127,1.1804456849428084,0.7489456580968437,-0.4985929809007407,0.0720460089731528,0.2133743165893326,0.2383554418397236,891.3073256841611,2.950027476018595,0.5698102754944473,0.9795037293285874,0.9997691338383082,A1,2.9831585994220795
D25-4897,848917415428.081,14962237321.03438,34543154036168.12,1.094606498471624,2.3406442316408254e+25,1.1702681582750806e+25,9.43568856444186e+26,9.669752987605944e+26,161.85854152197686,0.5094706526662773,0.0004861615378384,-3.313219402887335,0.0464970568954927,13.21915981596618,84311801.30623229,1.1793179839175332,0.7494865212773713,-0.4989237362304692,0.0716309213300475,0.2136572904415697,0.2388702880654812,907.9132785400633,2.9580443678490873,0.6454273655244137,0.9757941672900962,0.9999077945174034,A1,3.4071107028297716
D25-7657,1365858561515.7317,26001736426.40574,43517732135622.58,1.3789937173809979,1.9887823165615986e+25,9.94269012192754e+24,9.602192182530165e+26,9.801070414186324e+26,164.05661702297084,0.5163893790403754,0.0004927637211757,-3.3073612738005003,0.0267559053976676,13.208203123368149,84241919.52084205,1.1783405069216422,0.7499575250272511,-0.4985958985423286,0.071270807351305,0.2139033506532057,0.23892503582939,921.770329952011,2.9646227248934074,0.5760288763720951,0.9797085192482345,0.9997543600723917,A1,2.6503071867031016
D25-8125,1638030038016.148,48910829171.0908,40318624609968.055,1.2776201171815365,2.1357714887558297e+25,1.067719932195596e+25,9.480687895381972e+26,9.694265044257556e+26,162.2688400833175,0.5107621203507668,0.000487393918766,-3.312119893827548,0.0142238439173957,13.21939775011363,84313318.85022473,1.1793392106840588,0.749422477983568,-0.4992236316295305,0.0716387382078812,0.2136398327795744,0.239056015089502,910.1820013003522,2.959128243153207,0.5998665609765368,0.9779687116144925,0.9996895052840841,A1,0.27765219973263555
D25-3614,715720557042.449,14961029376.714582,26246128725163.13,0.831689631821277,2.6467616793867593e+25,1.3233407820453848e+25,9.653217046498266e+26,9.917893214436942e+26,166.0120721508644,0.5225444264719148,0.00049863716513,-3.302215355175641,0.0465008110392985,13.1945498707313,84154839.07552424,1.1771224623108074,0.7509248077353272,-0.4986650566670095,0.0708216471587999,0.2142960301614024,0.2392990598270459,934.6886389261041,2.970666963903277,0.7170025709185315,0.9733132670199149,0.9999394634797208,A1,3.4391458245700184
D24-8017,1258093326676.9006,20095215798.67027,32783103354819.95,1.0388338579239216,1.952916796863206e+25,9.76442463236408e+24,1.0431821768620368e+27,1.062711344830669e+27,177.8834563340144,0.5599111405851785,0.0005342942910159,-3.272219466269141,0.0346201805927376,13.136513637422777,83784683.97948247,1.171944888651632,0.7532722254678123,-0.4996074814777421,0.0689071892270842,0.2155725244340652,0.2413199142400094,1010.396349970909,3.0044917686732084,0.6599880546308853,0.9816232619858369,0.9999673617735844,A1,3.1528822421080207
D25-2052,1538921723368.0168,40827057272.44563,40988156102252.555,1.2988362899033055,2.1153615415635223e+25,1.0575314100768576e+25,1.1305642805993716e+27,1.1517178960150068e+27,192.7819450328089,0.6068060569099087,0.0005790436882931,-3.2372886679326047,0.0170401700851834,13.07401259923925,83386052.35794793,1.1663689973416316,0.7567675095198411,-0.4999058244686832,0.066835967367593,0.217174144781752,0.2430598110069789,1105.515944702492,3.043565010728727,0.5947973522149212,0.9816329888692121,0.9997176092825155,A1,0.7537465485376291
D24-3708,1280317366867.5583,22575614176.044624,31917932309409.004,1.0114182418627844,2.0076842128957135e+25,1.003825689224235e+25,1.219082067587364e+27,1.2391589097163212e+27,207.41838400393712,0.6528761378905802,0.000623005987791,-3.205507779260416,0.0308164373547019,12.997100356686897,82895506.07494903,1.1595074424403993,0.7632621814402054,-0.4985251718473764,0.0642735405552257,0.219653711925078,0.2440837299150947,1203.568334380726,3.0804707530256503,0.6672654763442102,0.9837980084946866,0.9999672917582815,A1,2.8960126052709745
D24-8899,858698260735.9927,14960346927.878729,28074381373323.18,0.8896234622824036,2.3377125771099775e+25,1.1688480320988643e+25,1.2062822160386594e+27,1.2296593418097591e+27,205.82828526158465,0.6478710968439195,0.0006182299355504,-3.208849969622779,0.0465029322751571,13.00190684703123,82926161.87036517,1.1599362428015048,0.7629802948939464,-0.4984761658097872,0.0644341183989326,0.2195263161229905,0.2439304813121823,1193.4587337053433,3.076807406975874,0.7005781299253934,0.9809889414277174,0.9999858726895949,A1,3.69446727575325
D24-8788,1191368026536.361,18382706232.899296,32823472867120.93,1.0401130905747247,1.9880817978480843e+25,9.940263782544278e+24,1.298123504137475e+27,1.318004322115956e+27,220.61603597401424,0.6944174510621475,0.000662646718007,-3.178717948687361,0.0378453526475288,12.946032184740387,82569793.27427419,1.1549515088999354,0.7664995538225825,-0.4986436852035416,0.0625637505837758,0.2210655773473669,0.245456169170187,1290.268704392231,3.110680163541605,0.6596504297109668,0.9849159690564872,0.999970784989794,A1,3.3844353144027526
D25-2066,1283420238956.4934,23423755206.31401,42996692386301.586,1.3624829640499145,2.0314245089515597e+25,1.0156023548101309e+25,1.304436380259259e+27,1.3247506253487747e+27,221.74527557644112,0.697971878476699,0.0006660385245594,-3.1765006499292303,0.0297006177648437,12.941337474937749,82539850.41515297,1.1545326807915983,0.7670637016975242,-0.498596822103362,0.0624062307885569,0.2212559416877951,0.2455448572355946,1297.8141408901906,3.1132125018901733,0.5798457346155805,0.9846656082278372,0.9997836241999627,A1,2.7266488479036104
D25-7471,1257286541203.3354,22078317731.356667,43115172936155.664,1.366237386117945,2.0250843389438406e+25,1.0124360508206195e+25,1.328344798658614e+27,1.3485956420480523e+27,225.7366077546872,0.71053511172184,0.0006780269693554,-3.168753031192936,0.0315105529535855,12.929471861459833,82464171.5323908,1.1534741164380742,0.7670102064485685,-0.4989448947066222,0.0620078535478461,0.2214029127767738,0.2460788129690574,1323.6003554232375,3.1217568751078897,0.5789755939053762,0.984983754390097,0.9997904136064902,A1,2.898595371999174
D25-1005,562138088011.7999,14966942306.608892,12293830077943.477,0.38956796708062325,3.2482494294826044e+25,1.6240985198952625e+25,1.35078439300233e+27,1.383266887297156e+27,231.540103661939,0.7288023642240022,0.0006954584652072,-3.1577288022211114,0.0464824401503039,12.912500123914164,82355925.79032454,1.1519600205662808,0.768445165541505,-0.4998033236290509,0.0614374069094639,0.2219554632136133,0.2470854485412786,1361.200178442989,3.1339219973564787,0.8557070550410177,0.9765175508839834,0.9999677433348279,A1,3.5087417505116623
D24-3353,1042246804382.9272,14960185447.639372,32633107909789.543,1.0340807890900938,2.058159837317514e+25,1.029068374463434e+25,1.455436665956161e+27,1.4760182643293362e+27,247.0654253840407,0.777670318403233,0.0007420906306331,-3.1295430516209017,0.0465034342278007,12.850861230957651,81962792.9310479,1.146461043627929,0.773364393044133,-0.4984801249280604,0.0593593021319277,0.2239024394171307,0.2477970848807277,1466.4388491538743,3.1662639575117604,0.6612440356666853,0.9860560002063885,0.9999775642967805,A1,3.261228459521787
D24-5274,1151762652808.431,17633644721.689243,32691859365159.23,1.0359425103670503,2.018121772124473e+25,1.0090471812739509e+25,1.4594561895533986e+27,1.4796374072746433e+27,247.6712207951932,0.7795771376578732,0.0007439102097911,-3.128479480778726,0.0394529894970773,12.849095259086871,81951529.56245607,1.1463034963696088,0.7733572848771337,-0.4984617230423769,0.0592996170627969,0.2239248752614346,0.2478306688492864,1470.4386127947598,3.1674468984921975,0.660751798135066,0.9863607005189085,0.9999728369172904,A1,3.3052070192335226
D25-4009,977373541714.7312,14960725705.115437,39883344760416.69,1.2638269310852754,2.150040267218296e+25,1.0749512471074126e+25,1.4423013365556575e+27,1.4638017392278403e+27,245.02054488096155,0.7712337930599792,0.0007359485868415,-3.133152524291474,0.0465017549089963,12.857126055728898,82002749.98343891,1.1470199460560468,0.7731696559232132,-0.4982693654116931,0.0595709701129143,0.2237731435009923,0.2474932105542406,1452.8846951352798,3.162231148879215,0.6031853362983411,0.9853119434852396,0.9998718496785909,A1,3.292530294805675
D25-5320,1347237775229.364,28928334158.32695,41700254467133.93,1.321401325421893,2.103916151051123e+25,1.0518387373587286e+25,1.4815383009325086e+27,1.50257746244302e+27,251.5110746950253,0.7916635734683983,0.0007554436714142,-3.1217979126697037,0.0240490861379152,12.835078568837709,81862131.11204691,1.1450530284793672,0.7749419040635376,-0.4981889280088433,0.0588255997262952,0.2244744827420678,0.2480125503019586,1496.4992422578384,3.1750765012742237,0.5894528588837851,0.9859979521612788,0.9997731380499574,A1,1.6815395476932595
D24-1729,945301206524.1736,14960101960.121452,30526917116741.92,0.9673396302869015,2.205953904826825e+25,1.1029671986854578e+25,1.566340422778397e+27,1.5883999618266652e+27,265.8765963353529,0.8368809071794865,0.0007985922382235,-3.097674915169803,0.0465036937485118,12.789639783893968,81572322.54167573,1.1409993081977805,0.7788491436013262,-0.4985534955279374,0.0572853811000923,0.2259815667987585,0.2494488782810543,1593.235358249879,3.20227993602653,0.6791346585815045,0.9861121004920577,0.9999823139700591,A1,2.987812251020194
D25-0798,589493761011.4419,14964723150.879936,15020002354145.064,0.47595515356507034,3.129700622022372e+25,1.5648218258069327e+25,1.5912122897666295e+27,1.6225092959868531e+27,271.5860359524042,0.8548521053671513,0.0008157412247294,-3.088447589402889,0.0464893331460724,12.771101154504302,81454083.16342844,1.1393454255501096,0.7807619180930934,-0.4983859534598797,0.0566554129878919,0.2266700956368947,0.2498248430697331,1632.1767909028736,3.2127671980178443,0.8266432451056933,0.9807107384237278,0.9999635943635735,A1,2.9097476031303255
D25-1974,1156276566873.513,18485851637.99593,42689690427160.99,1.3527546590095885,2.0456995398283043e+25,1.022757790792163e+25,1.5552863580778433e+27,1.5757433534761262e+27,263.75805186905797,0.8302125150032278,0.0007922289358854,-3.10114929918763,0.0376341871407241,12.794086304165903,81600682.44797014,1.1413959946283518,0.7784716317706393,-0.498247231471431,0.0574363441951919,0.2258349412238051,0.2491249054146084,1579.4417940570918,3.1985036258185033,0.5821064969129224,0.9870175588219019,0.9998201674297177,A1,3.0700597951264106
D25-7041,747156649603.31,14960382951.056498,27669962331826.145,0.8768081961817801,2.606144924653727e+25,1.3030292755731795e+25,1.5504289285962642e+27,1.5764903778428015e+27,263.8830936096551,0.8306061000225509,0.000792604513747,-3.100943458762065,0.0465028203005237,12.793770278914572,81598666.83891714,1.14136780113743,0.7785684833991354,-0.4982371717608854,0.0574256166047541,0.2258611997376864,0.2491264230654452,1580.2686388738734,3.1987309214249446,0.704178588271369,0.9834686912062232,0.9999337176961778,A1,3.015440871592717
D25-2010,789236805798.3403,14960253072.395588,30483270185694.492,0.9659565425030576,2.509574243574759e+25,1.2547395982964151e+25,1.688044734865329e+27,1.7131404773010765e+27,286.7564656859624,0.9026029912018316,0.0008613074295128,-3.064841806606516,0.0465032240185625,12.730432469891332,81194698.29296692,1.135717259175389,0.7856330925329896,-0.4986771162387038,0.0552702256852841,0.2283363385206485,0.2511034255217028,1734.3764002043442,3.2391433554194333,0.6795104836716847,0.9853510305965778,0.9999242553731791,A1,2.7122879031110694
D25-2197,1047383216976.0627,14960115382.17918,42064401760241.47,1.3329404568231256,2.0626968772874203e+25,1.0312708231993526e+25,1.6853588240370233e+27,1.7059857928098975e+27,285.5588686033105,0.8988333997944665,0.0008577103030718,-3.0666593730162353,0.0465036520258883,12.73184347038873,81203697.65413933,1.1358431384510062,0.7854239892649996,-0.4984463447554194,0.0553183588319084,0.2282693933424604,0.250908484325221,1726.7502307595705,3.2372295227164654,0.5867384185621894,0.9879090618105911,0.9998494987710463,A1,2.727256196688794
D25-0307,1051018425719.802,14960053679.10098,42154027989938.555,1.3357805406602072,2.0589739117737573e+25,1.0294088761881425e+25,1.7091529481246485e+27,1.7297426872423862e+27,289.5354503100643,0.911350204026547,0.000869654443058,-3.0606532798928368,0.046503843831248,12.7244263657123,81156391.36051305,1.1351814379303005,0.7861084341398882,-0.498902657504395,0.0550652810837098,0.2285276123273495,0.25141784110633,1752.837965918451,3.243741771336261,0.5860722425133397,0.988096646241319,0.9998483248827661,A1,2.677655245632062
D25-4233,1506027532014.441,43925365789.02997,39397891074871.12,1.2484438320680633,2.234660720139114e+25,1.117186323367506e+25,1.7398303175900068e+27,1.762176924791398e+27,294.96450148829933,0.928438843409588,0.0008859612492666,-3.052585273144208,0.0158382289481979,12.71119543983177,81072004.51524702,1.1340010702630647,0.787027216800493,-0.4988605565427827,0.0546134644414767,0.2289202954359194,0.2517436484682891,1789.4246324905628,3.2527134113693563,0.6069083226667873,0.9873187493905945,0.9997422102869344,A2,0.6191358275538867
D24-4228,1316525394693.1697,29957563068.312546,29611842249949.406,0.9383426575515694,2.1783920909065714e+25,1.0891788314774331e+25,1.8185757704533088e+27,1.8403596913623744e+27,308.0512355398839,0.9696310281150552,0.0009252688242143,-3.033732070600034,0.0232228502169414,12.678515127936464,80863569.48597877,1.131085568818592,0.788992862579951,-0.4992273747148169,0.0534954613887716,0.229823507745974,0.2528758394804918,1878.4628910619763,3.2738026200189405,0.6870576580282077,0.9881632264544223,0.9999683919091077,A1,1.0205561851694185
D24-7844,1217440147894.4316,24012682853.650463,30545569074423.27,0.9679306751598116,2.1498176260163953e+25,1.0748937455336432e+25,1.8495937059805284e+27,1.8710918822406924e+27,313.1953872050973,0.9858229095051066,0.0009407199005735,-3.0265396685424717,0.0289721895816501,12.664794311018593,80776058.11567658,1.129861496610482,0.7900855426134519,-0.4994213575146924,0.0530252090193093,0.2302640400540165,0.2533813528359406,1913.9717652627946,3.281935526815427,0.6789741179364093,0.9885103577947122,0.9999719655041105,A1,1.9866523418415651
D25-0983,894587681698.2084,14960758161.570353,36100395810881.97,1.1439525125764307,2.303005516082566e+25,1.1514436585040542e+25,1.7788541966553845e+27,1.8018842518162105e+27,301.61096913665597,0.9493594582804058,0.0009059247118231,-3.0429078934914036,0.0465016540262673,12.693951229949544,80962020.9446182,1.132462666376912,0.7880127641357152,-0.4991902745704962,0.0540238936396141,0.2293848617766839,0.2524333387363842,1834.7205807219102,3.263569932625886,0.6328125659495745,0.9872189042455904,0.9998973575985697,A1,2.5315943238704888
D25-6636,804527611288.1604,14960652595.5268,31010843823098.8,0.982674342253492,2.486584329877504e+25,1.2432430243051824e+25,1.8128873126698005e+27,1.8377531559685755e+27,307.61493689005647,0.9682577217958775,0.0009239583489032,-3.0343476058894043,0.0465019821533729,12.679510711172885,80869919.31586066,1.1311743875658906,0.7889421406994849,-0.499137941301555,0.0535295631212028,0.2297980228984758,0.2527874406060537,1875.507828494978,3.273118881264707,0.6749816748142965,0.9864694324055345,0.9999209539112884,A1,2.4617098776516686
D25-8956,1330458505234.956,31254988702.24443,40309853790481.805,1.2773421866834551,2.192765374391555e+25,1.0962658585505884e+25,1.8538354372417344e+27,1.87576309098565e+27,313.9772841527987,0.9882840310777924,0.0009430684218127,-3.025456797042355,0.0222588466317391,12.66287619098145,80763824.34607969,1.129690375791413,0.7904041840158655,-0.4994172296745386,0.0529594288719179,0.2303631882645879,0.2534306252235455,1919.3313569126456,3.283149958610327,0.5999332531684568,0.9883100089508674,0.9997869061618334,A1,0.7749376059715898
D24-3562,1185080910898.6812,22782624893.54486,30617106652786.055,0.9701975642249745,2.1590369474531813e+25,1.0795040837679129e+25,1.916984656792842e+27,1.938575026267374e+27,324.4911496547444,1.0213777799090484,0.0009746480775602,-3.0111521694947014,0.0305364286710051,12.63155679326074,80564069.22741699,1.126896285282507,0.7926269952529763,-0.498814356833272,0.0518839472775121,0.2313094364573827,0.253867649475548,1993.450928338743,3.299605549346792,0.678358733378887,0.9888627630182036,0.9999733403971999,A1,2.136065229799872
D24-4056,1160478914497.9402,21077569467.103085,31001379345383.535,0.9823744310525367,2.137526292935896e+25,1.06874926366429e+25,1.8715600809000669e+27,1.8929353438294255e+27,316.851686222327,0.9973315826287809,0.0009517020330967,-3.021499002915341,0.0330066519807142,12.657179557467323,80727491.2175266,1.129182163284376,0.7908148677720611,-0.4994437786017083,0.0527640093541307,0.2305365477885836,0.2536038435289495,1938.6463497596872,3.2874985917729154,0.6750626534973687,0.9887078747834479,0.9999740211414023,A1,2.3401916128199005
D24-1202,1467336514272.483,43390941070.89057,27431851342302.098,0.8692629142362568,2.279921381168934e+25,1.1399400110077654e+25,1.9949609116236656e+27,2.0177601254353548e+27,337.74566057971856,1.0630980639806928,0.0010144595904652,-2.9937652477804546,0.0160333005652813,12.599004169973025,80356448.59608795,1.1239921752935709,0.7937824743170796,-0.4980877783046448,0.0507632878890447,0.232034285654444,0.2542552853989854,2085.6133103912207,3.3192337898379733,0.7063070890788048,0.9887007313087972,0.9999637194479791,A2,0.9320219433983645
D24-7276,766385934514.2362,14960931960.850546,23381490162348.17,0.7409147134873428,2.582710152857606e+25,1.2913483042782335e+25,1.955065215401212e+27,1.980892316929788e+27,331.574489794414,1.043673507339193,0.0009959237390295,-3.0017739155789673,0.0465011138223536,12.61563301532594,80462507.37174885,1.1254756807999335,0.7930897740694778,-0.4986452112190602,0.0513361152330287,0.23164050519142,0.2541860163177489,2042.111576753264,3.3100794673514926,0.7435153368434584,0.9869618851525428,0.9999895116143057,A1,2.1984207595308343
D25-4438,681010572888.1229,14960174822.15421,22407989719890.875,0.71006634597976,2.8191924570673997e+25,1.409559513556284e+25,1.951303854033286e+27,1.97949577860396e+27,331.3407282320578,1.042937712646976,0.0009952216081467,-3.002080203194818,0.0465034672569302,12.615972929985524,80464675.34744768,1.1255060055313555,0.7930647580496312,-0.4986053228719434,0.051347816672985,0.2316300054519048,0.2541490739116233,2040.5619155911077,3.309749776855729,0.752746667755046,0.9857580274353723,0.9999479084571842,A1,2.2008473634018175
D24-0075,1061044504484.0068,17989774299.18076,30830806924700.676,0.9769693172072869,2.179161513270986e+25,1.0895688517828094e+25,2.0978898466882551e+27,2.119681461820965e+27,354.8059090457241,1.1167973982196866,0.0010657020924187,-2.972364181519969,0.0386719693326937,12.56004697493417,80107979.60613014,1.1205166956600758,0.7967926072394579,-0.4979052598137616,0.049418331892074,0.2332738476040853,0.2552012385469614,2204.5744411580085,3.3433247680924008,0.6765237486032276,0.9897193915570741,0.9999781480674306,A1,1.9624744376230367
D25-0247,1279093381525.1453,29719430848.641376,39746982725612.13,1.259505878951889,2.2281571992248403e+25,1.1139693293697752e+25,2.0541845115753063e+27,2.0764660835675548e+27,347.57224123188956,1.0940284950303238,0.0010439749037544,-2.9813099412685946,0.0234089274301093,12.575202982224368,80204644.62062702,1.1218688051897696,0.7952621299475523,-0.4975919816388851,0.0499420721487062,0.2327097029441373,0.2545648602204589,2154.425733367704,3.3333315278305102,0.6042287959209499,0.9892694746287565,0.9998038567002901,A1,0.7231131376948294
D25-1482,853547616733.9138,14960762314.935137,33553664538760.965,1.0632514683867267,2.3992685206486308e+25,1.1995797899875572e+25,2.1051550728100995e+27,2.1291477580165855e+27,356.3904385552184,1.1217849093870316,0.0010704614168006,-2.9704289815900276,0.0465016411166088,12.55713819451634,80089427.4046252,1.1202571952753484,0.7970070417534727,-0.4981660382195783,0.0493177420145334,0.2333642293795933,0.2554637140671031,2215.4458924424903,3.345461147777423,0.6535732997315509,0.9887313197892679,0.9999091925507575,A1,1.9498836475904229
D24-1915,551390325771.5194,14961710812.381512,8043074410811.737,0.2548696482245715,3.377289201220208e+25,1.6874507809676402e+25,2.1785500333622176e+27,2.2123229253744197e+27,370.312832743199,1.1656074422415277,0.0011122789971716,-2.9537862633524647,0.0464986931457247,12.520534113924978,79855966.5786135,1.1169916435211422,0.8003577085823503,-0.497180238471093,0.0480499240679533,0.2346513269779053,0.2557903607082018,2315.4718308908014,3.3646395019081456,0.9030766374985403,0.984734194260322,0.9985870605992196,A1,1.8193142815122325
D24-5807,1319279218519.734,33334903288.90632,28610344085416.566,0.9066070957682639,2.264642101313686e+25,1.1323037755103715e+25,2.139828042984748e+27,2.1624744639978847e+27,361.968876836712,1.139343763960951,0.0010872169250869,-2.9636837954085262,0.0208700170500127,12.542102762685357,79993531.4204072,1.1189158426174566,0.7982087011955722,-0.4979370310332524,0.0487974230240562,0.2338529042169747,0.2557206411551242,2255.5215037411886,3.3532469719398788,0.6958349146984403,0.9895275429189259,0.9999694876591603,A1,0.08384699578023547
D24-5948,1156779891598.3186,23816338976.639313,29727964827367.3,0.942022359981979,2.2395466914667153e+25,1.1197595385831035e+25,2.2226146091538033e+27,2.2450100760684705e+27,375.7842181494544,1.1828293340719025,0.0011287129593104,-2.9474164885774696,0.0292110387193594,12.50679388659239,79768331.40868627,1.1157658396559933,0.8011742837491804,-0.4973039545765149,0.0475730608958199,0.2350354867861814,0.2562601210531093,2354.8486689070724,3.371963003027408,0.6860471348019668,0.9900243356796479,0.9999753396880495,A1,1.5295401708616891
D25-1522,1276338304583.1753,30824308815.61454,39170752920553.6,1.2412462582881334,2.262633086341183e+25,1.1312076730019723e+25,2.189039259624328e+27,2.2116655904877396e+27,370.2028038043151,1.1652611119534984,0.0011119485120602,-2.953915321967841,0.0225698491460604,12.520946855659163,79858599.04539415,1.11702846535828,0.8003186698948661,-0.4971912374434372,0.0480642404302997,0.2346365084814913,0.2557865836731287,2314.6312409449733,3.364481810568077,0.6086581473285637,0.9897695515268102,0.9998075521950708,A1,0.37620536942139804
D24-0863,1453601147355.422,45114947033.74465,26958196829786.2,0.8542537084501419,2.3386727213026317e+25,1.1693160062459855e+25,2.243001365652248e+27,2.2663880928652743e+27,379.3626080253882,1.1940927781165829,0.0011394610823857,-2.9433005032995285,0.0154206099251238,12.500842008197491,79730370.3282836,1.1152348560438037,0.8018514130765839,-0.4974452431427809,0.0473663345980167,0.2352753220254493,0.2565257325064788,2379.536883641024,3.3764924409009556,0.7105602871077152,0.9896810580294482,0.9999651870039856,A2,1.4447157701729054
D25-5008,1219109490831.7102,28323985540.804157,38797492634269.66,1.2294183535588783,2.281466832066834e+25,1.1406327310668102e+25,2.3131801994740024e+27,2.3359948677946707e+27,391.01383746688606,1.230766526762208,0.0011744569471064,-2.9301628988325765,0.024562221266416,12.480328956275432,79599538.08312471,1.1134048296749943,0.8032131951163783,-0.4982828209723086,0.0466531008371404,0.2358824673070405,0.2576918347349763,2460.687782127375,3.39105651288966,0.611544630385373,0.9902334253233155,0.999823488855183,A1,0.6062521479597027
D25-5835,1063912920930.5208,19769242741.85633,38744032068680.29,1.2277242904618948,2.247339872388879e+25,1.123590201100655e+25,2.319238775667969e+27,2.3417121743918575e+27,391.9708369977332,1.2337788063181547,0.0011773314099506,-2.9291012693117233,0.0351910292712948,12.478754930051297,79589498.94386716,1.1132644064212385,0.8033035433392871,-0.498330703282244,0.046598323914435,0.2359258973711673,0.2577700275096179,2467.3325960015527,3.392227696255924,0.6119591688965874,0.9904030055573653,0.9998580910040346,A1,1.5652224437144104
D25-8626,1166633109401.2046,24618412516.888737,39121866309393.76,1.2396971350607702,2.2500474277059907e+25,1.1249303203906697e+25,2.2571114469215067e+27,2.2796119211985665e+27,381.57609741866133,1.2010600217063048,0.0011461095631968,-2.940773863679803,0.0282593363614626,12.492406783516266,79676570.46526675,1.1144823262080616,0.802547239286122,-0.4972226373902664,0.0470731856999047,0.2355556251604032,0.2566052701383317,2396.654209468076,3.379605378316905,0.6090354187939103,0.9901296909057969,0.9998339844595403,A1,1.3288974730344565
D25-8835,1210562286160.6152,27211127321.848553,39081294286133.32,1.2384114852249004,2.2614462651127716e+25,1.1306236493207622e+25,2.2533757068103067e+27,2.2759901694614345e+27,380.9698653311631,1.1991518279564988,0.001144288672429,-2.941464401217691,0.025566746712526,12.494570729660197,79690372.11377273,1.114675377857281,0.8023776448495734,-0.497331182545931,0.0471484080729428,0.235485716881566,0.2566210391039004,2392.0177390754843,3.3787643960329414,0.609348701855954,0.9900639014374658,0.999824051563465,A1,0.8661179845252835
D24-3011,1501674031630.3103,50818666777.93175,26177514753295.76,0.8295153862554745,2.3845950487645134e+25,1.1922760237901225e+25,2.355983869164173e+27,2.379829819651818e+27,398.3512134933243,1.253861864937733,0.0011964956358229,-2.9220888811219803,0.0136898514681638,12.46700927956041,79514585.18503629,1.1122165442991705,0.8029631361307096,-0.4980798315053732,0.0461893509498339,0.2360201743827648,0.257924290878878,2512.222091888322,3.4000580303748693,0.7176264180227651,0.989979976597178,0.9999639348334064,A2,1.9630807250869315
D24-4313,882615208439.1425,14960062841.672165,28050494390953.777,0.8888665294874698,2.355144765569165e+25,1.1775637227491458e+25,2.370234291527169e+27,2.3937857391828607e+27,400.6872450173848,1.2612148257022449,0.0012035121866178,-2.919549507753654,0.0465038153490963,12.462372902693115,79485014.3733767,1.111802920234106,0.8025833043677125,-0.4982642059763437,0.0460278104112051,0.2360017501414487,0.2581858385265944,2528.8349484856903,3.4029204848204535,0.7007902782649614,0.9901614220227868,0.9999852918226061,A1,1.5553975782822098
D24-6310,787735639347.3385,14960604006.253117,24242143118421.85,0.7681871599368092,2.5515794487801736e+25,1.275782619504184e+25,2.3580309175716988e+27,2.3835467120595004e+27,398.9733708378528,1.2558201854897262,0.0011983643600098,-2.9214111156002502,0.0465021331832068,12.466196852087847,79509403.5226163,1.1121440653865649,0.802819145477912,-0.4982044518891484,0.0461610487117229,0.2359993862654908,0.258035392252265,2516.4737259884832,3.4007924003728216,0.7354484248458109,0.9892950306538131,0.9999888620417612,A1,1.5696690729038387
D24-8271,1182698753083.397,26634462329.343395,28980254793876.53,0.918328858781293,2.2886481173187264e+25,1.1443097181092715e+25,2.3778603217782017e+27,2.400746802951389e+27,401.8524326188258,1.2648824040839777,0.0012070119672958,-2.918288423933493,0.0261202945040697,12.459695758204589,79467939.54582886,1.11156408473436,0.802696361363553,-0.4981392590746868,0.0459345060311459,0.2360665196814423,0.2581731578785936,2537.2787218764806,3.4043681774007326,0.6925799865741595,0.9904669325623795,0.9999749365220959,A1,0.8103228254523378
D25-5761,1184643310915.493,26702002128.11505,38606061584760.81,1.2233522696517103,2.287857840747423e+25,1.143833047856795e+25,2.3665383830942795e+27,2.3894169615017536e+27,399.9559709252709,1.258913046102083,0.0012013157171954,-2.9203428408762067,0.0260542260712159,12.464232071635603,79496872.15289189,1.1119687818621928,0.8026532855649097,-0.498334169229935,0.0460925947502658,0.235990465418965,0.2581827463334015,2523.4667285854825,3.4019975830197793,0.6130303045176017,0.990425037247122,0.9998323943370592,A1,0.8125677310710442
D24-1196,1324849433601.2375,37739963325.916176,27433778687985.38,0.8693239881355166,2.3656487092687227e+25,1.1828069555110034e+25,2.517582078726882e+27,2.541238565819569e+27,425.36884701208015,1.3389033539618385,0.0012776463377675,-2.8935893455610313,0.0184340401709468,12.417550589679916,79199137.6609785,1.1078041971266506,0.8051382473811777,-0.4983195529763086,0.0444630062209294,0.2372388972048595,0.25950023809554,2704.022215909737,3.4320102553936276,0.7062898345183644,0.9906909617180875,0.9999705808096431,A2,0.936534212053485
D24-3882,1303940784218.9404,35621291914.617,27754134731890.46,0.8794754585865358,2.345565989983526e+25,1.172766059530507e+25,2.4683490196773896e+27,2.4918046795772247e+27,417.0942853565707,1.3128581030438486,0.0012527926996366,-2.902120786030682,0.0195304539113171,12.433000864373662,79297679.51297522,1.1091825590691995,0.8037881297854588,-0.4986199602066587,0.0450030320566022,0.2367052836234883,0.2592728347882043,2644.836095101426,3.422398763252631,0.703427697277368,0.9905868786217166,0.9999711196073325,A2,0.618511898138812
D24-4066,1276038272354.7805,34088016622.74487,27857741200927.895,0.8827585494754955,2.35099939211781e+25,1.1754833720639496e+25,2.510502137185196e+27,2.534012131106374e+27,424.1592399160346,1.3350959594870253,0.0012740131378111,-2.8948260934689047,0.0204089316107585,12.420494718339537,79217915.31356956,1.1080668510262626,0.8051247034213005,-0.4983540859125823,0.0445659626992689,0.2371924923644901,0.2594406750737761,2695.0547638403477,3.4305675945290752,0.7025045367484358,0.99072222518883,0.9999722266737725,A2,0.4679375681332596
D24-5212,1483238176052.6409,51621955093.52457,25877649559692.56,0.8200132316682054,2.427117656693486e+25,1.2135377699918237e+25,2.5568254626939546e+27,2.5810966392608895e+27,432.04054756467633,1.3599033926558954,0.0012976855903775,-2.8868305177855147,0.0134768239354667,12.404690168514492,79117113.89478543,1.1066568832147017,0.8062199167805235,-0.4986909229705101,0.0440129896006536,0.2376740103245925,0.2601337256107477,2752.131089753798,3.4396691164096955,0.7203592070736051,0.9905965641899076,0.9999652954780315,A2,1.8612171490071345
D25-4081,956671004443.1989,15856752473.812365,37336804360694.266,1.183131935276899,2.2715167234253384e+25,1.1356919779104298e+25,2.4587905472142224e+27,2.4815057144484756e+27,415.3703783683967,1.307431883271062,0.0012476147382848,-2.903919503490113,0.0438740530981332,12.436353035657866,79319059.66142587,1.1094816155853224,0.8034585862567509,-0.4987092798705824,0.0451201102489665,0.2365812840251039,0.2592407523271253,2632.4849040487356,3.4203658894084716,0.6229725799337215,0.9908462160284399,0.9998831090755831,A1,1.4314953493070695
D24-3582,1352716602857.919,41878138086.443695,26714057065721.44,0.8465173861675616,2.419968127913697e+25,1.2099660396800036e+25,2.6885517843113606e+27,2.7127514655904975e+27,454.07777871355114,1.429268422334298,0.0013638770566065,-2.865224776339214,0.0166124864138886,12.364252269050784,78859200.9720059,1.1030493058245106,0.8101748627163582,-0.4990096545332873,0.0425949256486421,0.239170932751179,0.2615294774716089,2911.461058979237,3.46411098576002,0.7127625421741918,0.9910792855202203,0.9999702078582835,A2,1.3100830875333598
D24-3832,851273704796.65,14960349647.508783,26718668263545.82,0.8466635062091483,2.4297112636204295e+25,1.2148474990711434e+25,2.655362415101145e+27,2.6796595277373496e+27,448.5386374305094,1.41183326013559,0.0013472395815672,-2.870555166192007,0.0465029238214261,12.377488232151771,78943619.944664,1.104230122876182,0.8094221057972207,-0.4992656066986537,0.0430595903140498,0.2388034252107795,0.2613296881908902,2869.7975902159424,3.4578512665764114,0.7127208838347057,0.9909327612763102,0.9999866112739408,A1,1.185416121033012
D25-0701,1293130191339.2336,36000278836.43061,37501091958496.86,1.1883378951028234,2.372458852613692e+25,1.1861181092424483e+25,2.5761716524970586e+27,2.5998962410231957e+27,435.18734575728894,1.3698083461660673,0.00130713737608,-2.8836787670190978,0.0193248503202142,12.398719569307008,79079033.4130401,1.106124229466795,0.8069526074363443,-0.498595398158396,0.0438039055781778,0.2379285078222999,0.2602370126394662,2774.8469572391086,3.4432390352210644,0.6216766616122438,0.9908747940968597,0.999812335427204,A2,0.7874050946975606
D25-4354,1414374190984.1128,45958211308.7143,36997009592391.71,1.1723644888201799,2.4146205343304136e+25,1.20718069317756e+25,2.597926652411978e+27,2.622072857755282e+27,438.899410424037,1.3814925488700116,0.0013182870074184,-2.8799900281572977,0.0151376648522455,12.391015860360763,79029899.15738095,1.1054369601826912,0.8076005887600411,-0.4984666476921365,0.0435339810844102,0.2381895133227025,0.2603665312559994,2801.9967232438266,3.4474676230703993,0.6256614958881819,0.9907911768081168,0.9997853740066701,A2,1.5688582255420753
D25-5286,1264604284895.373,34188630911.98473,37452496311359.26,1.1867979919689475,2.371151868392712e+25,1.185468761811665e+25,2.6014195047379373e+27,2.6251310234218644e+27,439.4113058521416,1.383103805807094,0.0013198245467178,-2.879483798685679,0.0203488698272537,12.390266560884246,79025120.12531972,1.1053701130940483,0.8076180915566914,-0.4985319373681721,0.0435077179861158,0.2382045742205377,0.2604348238780515,2805.604043174928,3.448026378738607,0.6220597083068836,0.9909674913471485,0.9998192225492696,A2,0.5824499814206865
D25-7121,1143584496919.6384,26994146213.13012,37177740149018.84,1.1780914945692589,2.36588973304151e+25,1.1828546094499571e+25,2.6696507577978325e+27,2.6933096551282473e+27,450.8234835004264,1.4190251080759997,0.001354102390713,-2.868348495148353,0.0257722542697648,12.371810945942794,78907410.21322314,1.1037236363960043,0.8099803711386424,-0.4991614445957487,0.0428603431274326,0.2390144232104024,0.2614193594089287,2887.0641371501947,3.460456431993299,0.6242298695071843,0.9912156787150832,0.9998474143852569,A1,0.4087455609959978
D25-8741,1050097525229.28,21024786758.468052,37320761768364.33,1.1826235762023831,2.3216510750620835e+25,1.1607475755424625e+25,2.577740000785047e+27,2.600956511535668e+27,435.36482065141234,1.370366971304356,0.0013076704432054,-2.883501692350316,0.0330895151514341,12.398418673501707,79077114.2995939,1.106097385715799,0.8069838617017523,-0.4985902593891353,0.0437933658629416,0.2379400487831874,0.2602419890967996,2776.113316310835,3.4434371893203184,0.6230992703198,0.9910738566186509,0.9998656873915678,A1,1.134255152041903
D24-0849,1233720758712.172,33646993966.858505,27370665099994.344,0.8673240392169982,2.407377856219821e+25,1.2036735153288547e+25,2.7592827810469084e+27,2.7833565596091066e+27,465.8961132217044,1.4664681557476853,0.0013993748414324,-2.8540659382881666,0.0206764384564412,12.33639469329593,78681525.35384144,1.100564054073763,0.8116653488003959,-0.4985879305315407,0.0416153240554128,0.2399246676640204,0.2620360580791516,3000.7445569002152,3.4772290269975255,0.7068550780161262,0.9913508104166219,0.9999743910850328,A2,0.6791968352843591
D24-1475,559849076422.931,14960548594.479065,8634919091087.531,0.27362407442541675,3.367286781726666e+25,1.6836394898386587e+25,2.7116226606586714e+27,2.745295528475938e+27,459.5252131625887,1.446414925435162,0.0013802390791734,-2.8600456804301597,0.046502305420587,12.351987614272858,78780977.00383228,1.1019551418876556,0.8107654825340433,-0.4989060354538446,0.0421639157252208,0.2394876250639462,0.2618112374409745,2952.242999902102,3.4701521015159162,0.8963273114377481,0.9877343377177465,0.9999953659834893,A1,1.1067385160904353
D24-4976,912825276806.1168,16175442142.369452,27782432728836.945,0.8803721679987371,2.3769355144390284e+25,1.1884585765308488e+25,2.803444987228243e+27,2.827214342372633e+27,473.23731083201653,1.4895755228517562,0.0014214250087343,-2.8472760477934203,0.0430096435001121,12.323125190870616,78596892.46737279,1.0993802448857606,0.813461451165964,-0.4987384856216553,0.0411479287237746,0.2405311012219911,0.2625324057434071,3054.5955037449526,3.4849537081555484,0.7031754344265865,0.9915926589688836,0.999984550497578,A1,0.9918197086174247
D24-7900,998978895299.9976,19894155287.158382,28106885546175.098,0.8906534573660575,2.3727060698279932e+25,1.1863423043797109e+25,2.7741028631131377e+27,2.797829923811418e+27,468.3187579611358,1.4740937427878915,0.0014066515454054,-2.851813472323587,0.0349700698500665,12.333183512096824,78661044.44015354,1.10027757567495,0.8120588444548971,-0.498772082863661,0.0415022618642858,0.240062034315197,0.2622626642919284,3017.9192645916255,3.479707617344359,0.7002895525643126,0.9915194771146213,0.9999819102123678,A1,0.9135480425222093
D24-8539,1057157397026.4938,22526714888.23061,28245547360611.4,0.8950473851183677,2.3661754140091047e+25,1.1830758770831057e+25,2.7286432184095634e+27,2.7523049725496545e+27,460.6984989705156,1.450107993967152,0.0013837631837856,-2.858938228358509,0.0308833313446639,12.349167575291087,78762990.79520656,1.1017035583730566,0.810834433502151,-0.4989093894076883,0.0420647521545735,0.239545318859515,0.2618957095710581,2961.1327713189708,3.4714578807288614,0.6990598248679352,0.9914029315878569,0.9999800018154391,A1,0.8531188601370303
D25-1245,1223713507479.8047,32925162683.225742,36850112332270.07,1.167709595541805,2.404628587135361e+25,1.2022129590259374e+25,2.7545662117426647e+27,2.7786124976140185e+27,465.102021628673,1.4639686499546989,0.0013969896921136,-2.85480679837736,0.0211297361441568,12.33732877766522,78687482.94394876,1.100647386336216,0.8114891521429773,-0.4985192373852256,0.0416482066228035,0.2398706937602224,0.2619592760635053,2995.1763769239824,3.47642240177355,0.6268275361065587,0.991345937624623,0.9998314483954232,A2,0.5773732929606625
D25-2897,1048964917847.3308,22697067619.776,36191346508808.266,1.1468345662790664,2.3874723502531174e+25,1.1936583578142622e+25,2.798130528410808e+27,2.822005251913339e+27,472.3653797852999,1.4868310073305264,0.0014188060592827,-2.8480769654584592,0.0306515366502162,12.32492118180742,78608347.29756771,1.099540470228385,0.8132251253763454,-0.4987625029185543,0.0412112188477047,0.2404505327933712,0.2624972217011578,3048.0789396463183,3.4840262102426487,0.632083466371642,0.9915398018886238,0.9998696324338812,A1,0.7496525637116687
D25-3246,954571884848.5188,18002507769.889187,35401739983827.84,1.1218134453769566,2.377808516565676e+25,1.1888381262052148e+25,2.7984378291252033e+27,2.8222159142908603e+27,472.4006418082522,1.486941999099505,0.0014189119729969,-2.8480445466338065,0.038644616010866,12.324848480194795,78607883.6066824,1.0995339843154814,0.8132346915301484,-0.498761530918892,0.0412086570461446,0.2404537939647608,0.2624986458531677,3048.3424411053,3.484063752670422,0.6384414045803964,0.9915746754012505,0.9998887574019345,A1,0.9509619145086488
D25-3881,1045249013550.94,22598295077.102585,36146961693000.46,1.1454280963381391,2.390559926827027e+25,1.1952026200290505e+25,2.8058232425818894e+27,2.8297288418501596e+27,473.658203918543,1.4909003381718438,0.0014226892115888,-2.8468899617804637,0.0307855082707061,12.322259519191284,78591371.21340202,1.0993030159095003,0.8135489073255434,-0.4987269051995297,0.0411174194468408,0.2405639324879406,0.2625493662977947,3057.7418178278485,3.4854008127223723,0.6324391689775083,0.9915519823261086,0.9998705936977619,A1,0.7445400265538709
D25-4864,661227029147.7665,14960118140.905355,19791161723245.195,0.6271440706278423,2.940284315013757e+25,1.4701072940852963e+25,2.7311493389053924e+27,2.76055218205553e+27,462.07896991321513,1.4544532044549685,0.0013879095937936,-2.857638822206301,0.046503643450365,12.345589919590576,78740172.5071487,1.101384385765522,0.8109393422878,-0.4987436423453838,0.0419389152322976,0.2396224985479207,0.261880425059952,2971.7273462602416,3.4730089607256214,0.7781331478501708,0.9893489268772873,0.9999525724846928,A1,1.0887467754328286
D25-7906,1304646431653.6934,38536992713.43435,36861103789174.02,1.1680578937933817,2.416895179052594e+25,1.20833458263638e+25,2.729326258290987e+27,2.753495210081513e+27,460.897728579812,1.450735094879617,0.0013843615938066,-2.8587504577954133,0.0180527838581829,12.348812687988858,78760727.32399294,1.1016718978905744,0.8108351301877694,-0.4989170585007346,0.042052271328577,0.2395507684448088,0.2619115654074705,2962.5835902108292,3.4716706129439503,0.6267402130156495,0.9912224464012014,0.9998129892861775,A2,1.1086861119790337
D25-1603,1241786575142.36,34950104725.14973,36574320338010.49,1.1589702746093016,2.4299270700816524e+25,1.214859635417689e+25,2.822334183765765e+27,2.846633454466582e+27,476.4878066463429,1.4998068780118978,0.001431188262678,-2.844303234119743,0.0199055197536899,12.316461203919204,78554389.55859669,1.0987857320902574,0.813939680313155,-0.4987324046169247,0.0409130114013269,0.2407396165259241,0.2627231630205989,3078.905479068372,3.4883963564741203,0.6290225893291034,0.9914638568366821,0.9998289813056079,A2,0.8500552377052619
D25-3217,1341756277821.6904,43819006130.18282,36004082064097.83,1.1409005141106368,2.4810168039842894e+25,1.2403898858103236e+25,2.931268954207398e+27,2.9560791222472405e+27,494.8075260699743,1.5574705596666178,0.0014862137366753,-2.8279187289444425,0.0158766722808164,12.288343237114145,78375053.16631402,1.0962772501302809,0.8160477942498677,-0.4993811925094049,0.0399204017530022,0.2416413109689027,0.2640216912800805,3211.9300676098937,3.5067660809460706,0.6335855748901553,0.9916070690215553,0.9998089414632474,A2,1.2765031525165016
D25-3754,923400607909.2288,17380174289.92537,34443150865582.047,1.0914375892204111,2.412784329464523e+25,1.2063297261654042e+25,2.910734507708682e+27,2.9348623510033276e+27,491.2561265112195,1.5462920711292558,0.001475546682254,-2.8310470460592208,0.0400283672876209,12.295988680787836,78423815.80606481,1.0969593214074975,0.8155170064695427,-0.4994065662432231,0.0401905229112517,0.2414055453661672,0.2638142697507563,3184.912618615498,3.5030975215147935,0.6462460045532004,0.9917788841829679,0.9998964924719314,A1,0.836522565959112
D25-4350,1163557692058.1843,29604736048.744644,36482713225250.03,1.1560674203757584,2.4115139607989845e+25,1.2056640077887337e+25,2.8256556864810534e+27,2.8497708260890435e+27,477.0129600765029,1.5014598662218357,0.0014327656239763,-2.843824846963924,0.0234996184007355,12.315389168994466,78547552.1198467,1.0986900928753804,0.8140217882037586,-0.4987397716884237,0.0408752084067921,0.2407743471504192,0.2627599182358399,3082.8354873177555,3.4889503496190097,0.6297533978877089,0.9915378670497919,0.9998457973804676,A2,0.17577745523407629
D25-5758,679935545098.7007,14960099928.674908,21426344612523.17,0.6789598896152804,2.880499350309637e+25,1.440213061798273e+25,2.885917266337232e+27,2.9147222598403285e+27,487.8849485856396,1.5356808534459054,0.0014654209451183,-2.8340376054240775,0.0465037000632937,12.300533598199134,78452803.28931408,1.0973647861203222,0.8155029736909083,-0.4991160231113106,0.0403510197939011,0.2413339276670663,0.2634692104924058,3160.719591456138,3.499785968384638,0.7621712920461435,0.9901174139642812,0.9999491582238369,A1,0.9143176832908315
D24-5606,521956310157.2713,14960081833.879492,4592739528474.835,0.14553513348527247,3.630080289169663e+25,1.808388696908708e+25,2.973145887736764e+27,3.0094466906284605e+27,503.7405327288106,1.585588351226797,0.0015130450933275,-2.8201481284926846,0.0465037563113108,12.271756557942329,78269263.32655618,1.0947975063861155,0.8171276031329426,-0.4988351011140312,0.0393337995492082,0.2421370773241325,0.2641149352751638,3278.7619450531574,3.5157098858054163,0.9434479775796368,0.9879377152601709,0.9926975041171836,A1,0.812367573591132
D24-0272,676675496697.483,14960442646.491468,17397795259532.078,0.5513028639545491,2.904982220287478e+25,1.4524856642594894e+25,3.2089472918492645e+27,3.237997114052139e+27,541.996771794071,1.706004801924204,0.0016279522946466,-2.7883583257829883,0.04650263474411,12.200432733184597,77814359.97225134,1.0884345097668455,0.8233227305275787,-0.4975081836580893,0.036802303011906,0.2446304406320935,0.2652689645315129,3569.132587476699,3.552562681589717,0.8021006777967948,0.9910284595138132,0.9999925013464204,A1,0.5809031218656813
D24-1085,946473073996.9524,19987195307.21481,26402618487169.816,0.8366484931417414,2.484414871667685e+25,1.2421976611729328e+25,3.151430644318351e+27,3.176274793035028e+27,531.6652929321127,1.6734851385853675,0.0015969204590422,-2.796716715082136,0.0348072848294463,12.22371133381024,77962830.88704172,1.090511258421106,0.8210387240567938,-0.4982804294114413,0.0376301535872746,0.2437555046822617,0.2651391424281344,3487.7760501627854,3.5425485911398322,0.7155817739651399,0.9921782117935276,0.9999842625575832,A1,0.4562746512894549
D24-1209,992383954131.785,22894065588.927,26320231442345.938,0.8340378052306239,2.5065154030735495e+25,1.2532470929779794e+25,3.21724117587306e+27,3.2423063299037955e+27,542.7180760442897,1.708275200160061,0.0016301188184533,-2.787780738959243,0.0303877874944362,12.198833261582944,77804158.54237601,1.0882918164602475,0.8234354673315266,-0.4975101419843886,0.0367453634554701,0.2446805749072649,0.2653183480366934,3574.8197408371097,3.5532541475263346,0.7163294285504364,0.9922693442628909,0.999983070570428,A1,0.21734037130476125
D24-2326,915550805811.7004,19048981426.28389,25873915909359.24,0.8198949194285763,2.510616135500187e+25,1.2552988394972945e+25,3.235914864035922e+27,3.261021025390924e+27,545.8506620787593,1.7181354190679263,0.0016395279162347,-2.7852811842013914,0.0365216377942428,12.194258966837968,77774983.69049256,1.0878837309138445,0.8232959333211027,-0.4976234707320114,0.0365824820158374,0.2447190336724395,0.2655389370882403,3598.1516642111023,3.5560794651634513,0.7203932988047431,0.9923011347797145,0.9999852973382453,A1,0.4094274634025492
D24-8692,1022870352032.4252,24240589769.044975,26518864433333.14,0.8403321048917897,2.4954798110650544e+25,1.2477287285763787e+25,3.1779896575406607e+27,3.202944455651311e+27,536.1294325016422,1.6875365941260858,0.001610329037532,-2.7930853757791585,0.0286997967717931,12.213530942550502,77897900.3515871,1.089603037424986,0.822192576294382,-0.4978322444375357,0.0372683052286512,0.2441731556306409,0.2651147786003874,3522.9268627296547,3.5469036271600567,0.7145281801895589,0.9922087946087795,0.9999820846380254,A1,0.17842921785588395
D25-5327,1041014217753.7904,25400534495.927063,34298402083800.586,1.0868507771123466,2.500794567742197e+25,1.250320479223952e+25,3.1791984845502137e+27,3.2042064302276357e+27,536.3406699185892,1.688201491163138,0.0016109635144432,-2.792914295493506,0.0273891874248376,12.213171699006011,77895609.09626034,1.0895709883100255,0.82222540043314,-0.4978110220513279,0.0372555308897375,0.24418610602838,0.2651099499587322,3524.522246331753,3.5471002561235365,0.6474327765196839,0.9921952763587565,0.999877159154513,A1,0.10074837728686337
D25-5956,997107526905.4758,22260206562.113907,34320091705874.062,1.087538079761264,2.4715084687305673e+25,1.2356829285828125e+25,3.09323815890514e+27,3.1179532435924455e+27,521.9030570775075,1.6427572410919102,0.001567598413068,-2.804765184844431,0.0312530792586649,12.241243094737492,78074648.45823573,1.092075315535105,0.8197672480141006,-0.4984586372179286,0.0382525907436004,0.2431995353779788,0.2647464963173704,3413.934992187584,3.533255247064886,0.6472548080795217,0.9920732984889699,0.9998846021867089,A1,0.4008755969184188
D25-7705,566527020778.8954,14961500992.586744,11167291288711.238,0.3538701070015222,3.359340271832425e+25,1.6796435789948174e+25,3.098374820197008e+27,3.131968222915332e+27,524.2489744091815,1.650141318711977,0.0015746446570715,-2.80281743608672,0.0464993452424801,12.23736699830997,78049926.71522099,1.0917295182009314,0.8200689428751284,-0.4984364777072837,0.0381150529260961,0.2433270547546289,0.2648457989640557,3431.453131509938,3.535478071457605,0.8680134727849412,0.989274028238047,0.9999683789085155,A1,0.6860321163407779
D25-8048,1059641774308.8184,26299835589.69506,34550849452628.188,1.094850351504176,2.4958049541051456e+25,1.24782329177702e+25,3.1558677282241887e+27,3.18082577776524e+27,532.427066011389,1.6758829176845311,0.0015992085358296,-2.7960949008222578,0.0264526368473798,12.221391472017958,77948034.80853054,1.0903042971035997,0.8212869666894284,-0.4982016029357602,0.0375477237291395,0.2438473133450036,0.2651506865289769,3494.0994764421603,3.5433352651159806,0.6453644128265548,0.9921535942912956,0.9998730986553039,A1,0.03219632686457086
D25-0830,822975310515.4393,15674364128.845194,30304206270986.723,0.9602823494494741,2.5580158099501763e+25,1.2789567844584117e+25,3.3516017009792396e+27,3.377181859078741e+27,565.2944091390882,1.7793371228022872,0.0016979295420204,-2.7700803353798085,0.0443845756217771,12.161901956504495,77568610.67858568,1.0849970721001745,0.8250224991243728,-0.4970619504782274,0.03542856622837,0.2456092510880897,0.2660991617103068,3746.1757269684476,3.573588145559969,0.6810545046900399,0.9924255905761381,0.9999200654298861,A1,0.42805803302026657
D25-2773,1292898606745.9385,43872709754.04227,34752042927011.062,1.1012257879880303,2.5633031173447433e+25,1.2815402754920407e+25,3.2770930621758386e+27,3.302726093349286e+27,552.8315244466683,1.7401085844832906,0.0016604957734284,-2.7797622255031245,0.0158572379937371,12.18228202229458,77698594.73819482,1.0868152344065745,0.8237087692102022,-0.4972047814341238,0.0361557175010416,0.2449967809865237,0.2655905431452745,3651.337293423734,3.56245195289131,0.6437207176430361,0.9922388262153908,0.9998263591723878,A2,1.1165892462344376
D25-4371,1184351179729.5393,36337715795.41894,34252217946479.26,1.0853872901132933,2.5647777351212256e+25,1.282293035451294e+25,3.3592212893052265e+27,3.384869066656439e+27,566.5811433591844,1.783387284855869,0.0017017944025422,-2.76909290913677,0.0191453971382457,12.159983522915962,77556374.909158,1.0848259233083144,0.8254222503050459,-0.4971264796660395,0.0353600546712515,0.2457297384556805,0.2662047750904317,3755.8876689834137,3.5747125949172442,0.6478118912552338,0.9924228155222125,0.9998505524325656,A2,0.6922821121155263
D25-7312,821841970156.3119,15137128857.842089,30682403634799.94,0.9722667007250216,2.531403194746487e+25,1.265650599395917e+25,3.271187824231689e+27,3.296501856179154e+27,551.7896716178155,1.7368292182187324,0.0016573664435289,-2.7805814585040993,0.0459598386545793,12.184685167087814,77713921.99568607,1.0870296256320438,0.8235886335896399,-0.4972432083314275,0.0362413804001778,0.2449325434551399,0.2655466138109101,3643.018646020491,3.561461394092063,0.6777975189306394,0.9923209410909279,0.9999194187276188,A1,0.5202169440295812
D25-8763,808264832783.2609,15049866027.343586,29707520531308.984,0.941374519333187,2.5647899664845827e+25,1.2823454440555654e+25,3.377069696033453e+27,3.402717595698299e+27,569.5687448860599,1.792791146311011,0.0017107680219699,-2.766808876261716,0.0462263251205031,12.155209868452667,77525928.54099111,1.0844000523274089,0.8263367424483843,-0.497219856512216,0.0351895298652022,0.2460113369652372,0.2664181304252088,3778.6587915364016,3.577337677404397,0.6862249375269032,0.9924625247486686,0.9999227425656867,A1,0.4232351681069746
D24-2480,1175133331996.5632,37223125012.949615,25308740409433.46,0.8019855885565905,2.6068171583493945e+25,1.3033943951116771e+25,3.4995084114631885e+27,3.5255765830466826e+27,590.1336719638919,1.8575219088760184,0.0017725372463784,-2.751404630206015,0.0186899944525875,12.12572867804306,77337897.50855865,1.0817699534012009,0.8288595572582943,-0.4971862272194705,0.0341349145683506,0.247041566795744,0.2672881933995647,3934.1521696999075,3.5948511540538015,0.7255725327567142,0.992605983455629,0.9999782356677815,A2,0.6852460017782489
D24-3637,985637737405.0172,24279227081.997616,25509147117100.21,0.8083360939076549,2.573186973740051e+25,1.2865830025196512e+25,3.4316022540288525e+27,3.457334123766253e+27,578.7108104459597,1.8215669777482892,0.0017382273120996,-2.759893430456209,0.0286541246824056,12.142526327237864,77445032.91512309,1.083268518367413,0.8275400589571119,-0.4971316659257637,0.0347361219907776,0.2464810601057541,0.2667370941616183,3847.334429219714,3.5851599389587534,0.7237317707995157,0.9925573089506983,0.9999837022881806,C,0.11416527036174529
D24-8520,806470425263.2975,15351721373.00099,23881654988857.945,0.7567639804312731,2.585603182659293e+25,1.2927941891803664e+25,3.437071112115238e+27,3.462927143941831e+27,579.6470061166065,1.8245137744688256,0.0017410392880552,-2.7591914285420205,0.045317393606656,12.141692398596335,77439714.11824743,1.0831941212757712,0.8276163480497297,-0.4971651159524475,0.034706294339203,0.2465113177769479,0.2667871825188572,3854.0877297013517,3.585921596176091,0.7388165777383693,0.9925334750770526,0.9999885487348597,A1,0.35927639977648607
D24-8725,854804921366.8324,17230417234.914337,24701561343257.84,0.7827452449887773,2.5644766775438188e+25,1.2822301472844028e+25,3.3916988714513727e+27,3.417343638226811e+27,572.0169459051941,1.8004971750404697,0.0017181214872935,-2.7649461307284113,0.0403762712483995,12.151401086613298,77501636.13041961,1.0840602603147151,0.8266479051845979,-0.4971835662403764,0.0350534242639559,0.2461409353227966,0.2665065610204145,3797.2801071218223,3.5794726341401946,0.7311781819366147,0.9924957014891412,0.9999872232253108,A1,0.33230354560483377
D25-3353,1042246804382.9272,28416140479.34156,32633107909789.543,1.0340807890900938,2.602111383156394e+25,1.3009787302760446e+25,3.5365511805706367e+27,3.5625722944022005e+27,596.3262519504202,1.8770138537419392,0.0017911374029171,-2.7468710969874817,0.024482564777077,12.11450473521693,77266311.20121357,1.0807686342697584,0.830287989198141,-0.4969287182329855,0.0337327322378555,0.2475408228942579,0.2674389486740666,3982.8050757955148,3.600189051933325,0.6612440356666853,0.9926959759181729,0.9998817010671708,A2,0.11307940560735297
D25-3901,1281821155593.5735,45879305467.62256,33838190109111.938,1.072267539645345,2.6303267499599635e+25,1.3150537080883731e+25,3.521612516191791e+27,3.547915783691391e+27,593.872950971074,1.869291772229395,0.0017837686192515,-2.748661480620946,0.0151636994699268,12.118154419340328,77289588.88655262,1.0810942327330697,0.8298505346168076,-0.496905032535368,0.0338635505419762,0.2473845841415969,0.2673100265554174,3964.0309045469885,3.598137031691619,0.6512204795433305,0.9925862762525235,0.9998332408737693,A2,1.1103670606637985
D25-7214,1274350789779.371,45583938278.0493,33714325560990.41,1.068342508967425,2.6358264571561963e+25,1.317804646682656e+25,3.5511111725451905e+27,3.577469437116752e+27,598.8198314614094,1.884862717132114,0.0017986271679822,-2.7450588509227383,0.0152619546770273,12.11119570704414,77245206.21952753,1.080473426670502,0.8306614342326353,-0.4969437627275976,0.0336140902453759,0.2476772442609764,0.2675511517847133,4001.645218970838,3.6022385819830274,0.652243706716876,0.9926321482168119,0.9998352350551724,A2,1.084794954529542
D24-3344,955739110891.558,24317868054.32585,24480493862300.227,0.7757400392393663,2.640820798050791e+25,1.3204004582248042e+25,3.661582756165367e+27,3.687990964145875e+27,617.3196351220038,1.9430932371685323,0.0018541935465791,-2.7318449347955536,0.028608593419695,12.083898104006725,77071102.1073549,1.0780381316420704,0.8324787862828666,-0.496352917512335,0.0326341226956666,0.248516765091082,0.2679460980987403,4143.930215546762,3.6174124332096307,0.7332298765443308,0.9928394054548276,0.9999849429756701,C,0.3069392864317608
D24-5262,1324120864771.6338,50622269418.91762,24359578525508.07,0.7719084634290336,2.6621882695431316e+25,1.3310767518827236e+25,3.614415305338716e+27,3.641037188034147e+27,609.4602102430697,1.9183546828420168,0.0018305868215355,-2.7374096684652667,0.013742963481997,12.098310317661962,77163023.206048,1.079323885274548,0.8314139230411715,-0.496951994160006,0.0331517880382536,0.2480493091612673,0.2679513829771736,4081.430154835194,3.6108123688547438,0.7343545084900521,0.9926883793489062,0.9999738821449419,A2,1.2821731227818134
D24-7417,1254020165142.7434,45483171225.56289,24486748424922.188,0.7759382343689694,2.6700754142768183e+25,1.33502185970392e+25,3.686986804819309e+27,3.713687558962077e+27,621.6208963479758,1.9566320120980385,0.0018671129004334,-2.7288294203729477,0.0152957672311335,12.077788201567248,77032133.14959592,1.077493050265707,0.8333174252798159,-0.4963105248573298,0.0324144776810403,0.248803135848815,0.268101929922927,4177.026568530816,3.620867237661489,0.733171749812284,0.992810177561025,0.9999762594774797,A2,1.027703215854789
D25-0002,898391041266.278,21363988543.302387,29982537397413.316,0.9500892779366402,2.6541248118560567e+25,1.327002869804975e+25,3.6974636329257183e+27,3.724004881044279e+27,623.3478760410228,1.962067903606048,0.0018723000910227,-2.72762454158602,0.0325641440309657,12.075340126120654,77016519.32439753,1.0772746506517867,0.8334614666555072,-0.4963449697176609,0.0323264405831576,0.2488742722643347,0.2682028745104279,4190.329656967898,3.622248190644182,0.6838369881541858,0.9928729287510714,0.9999102778408422,C,0.1908660072935211
D25-5274,1151762652808.431,37620045829.22387,32691859365159.23,1.0359425103670503,2.660435876488527e+25,1.3301265729890257e+25,3.71177462033667e+27,3.7383789791015553e+27,625.753904974985,1.9696411902537172,0.0018795268874316,-2.7259514571384234,0.0184928004383123,12.071664724800922,76993077.61478028,1.076946757885921,0.8338379564230288,-0.4963679905053119,0.03219423316993,0.2490175252327678,0.2683330841717817,4209.065556011702,3.6241856899182343,0.660751798135066,0.9928834505774802,0.999862640582912,A2,0.627654668855679
D25-6431,634943005408.7985,14960218726.87066,17060358463665.713,0.5406101371354511,3.08467371038869e+25,1.542304390446888e+25,3.616783944285218e+27,3.647630681389105e+27,610.5638715458311,1.9218285992566413,0.0018339018005978,-2.7366239230827256,0.0465033307802127,12.096208802372855,77149619.74153408,1.0791364032553863,0.8315702132399198,-0.4969093523350746,0.0330763431417082,0.2481176643639795,0.2679839637625449,4090.2420013327182,3.6117490040303752,0.8055386822558349,0.9915433496978538,0.9999579027577414,A1,0.21068457546628228
D24-0371,1039511699730.2094,30517910848.418903,24374762192044.383,0.7723896047875752,2.6769836313243996e+25,1.3384803235842591e+25,3.788734680835737e+27,3.815504517148981e+27,638.6636733201066,2.0102763525547847,0.0019183029246601,-2.717082811075477,0.0227964490575882,12.053181667456531,76875192.67503777,1.075297832974847,0.8351534014966372,-0.4960890135065854,0.0315287705797508,0.2496071859329059,0.2686936044465338,4309.086986367954,3.6343852611615395,0.7342131907589029,0.9929839327425966,0.9999828284653849,A2,0.1875148724215352
D24-1375,1200301971217.3958,41867578855.40578,24468983325580.61,0.7753752923410084,2.6805217817954436e+25,1.340246183719695e+25,3.752783464296618e+27,3.779588682114573e+27,632.6518499739835,1.991353362547193,0.0019002456923652,-2.7211902432892123,0.0166166761732909,12.062450985577865,76934312.38601562,1.07612477460437,0.8343911111819711,-0.4964883452551679,0.0318626298624218,0.2492880233007997,0.2687069573970299,4261.967271752735,3.629610110382462,0.7333368616779412,0.9929079008134404,0.9999780535017606,A2,0.8298337366325663
D24-1623,1096296052752.8944,33777648591.79148,24678787007309.46,0.7820235698313389,2.6610007672587973e+25,1.3304877909316023e+25,3.723596866281937e+27,3.750206873954525e+27,627.7337340488308,1.9758729578264096,0.0018854735414552,-2.724579557599703,0.0205964603518631,12.069462938050204,76979034.61888419,1.076750330371009,0.8337418691913648,-0.4964591462061005,0.0321150136858885,0.2490302551409818,0.2684690409114944,4223.923348168649,3.625716028425037,0.7313892816560592,0.9929043893931836,0.9999810709132186,A2,0.4110955007513084
D24-1862,1282898786351.7595,48431723913.418205,24244873524806.508,0.7682736812940942,2.686177045778862e+25,1.343072049328577e+25,3.729939888944827e+27,3.756801659402616e+27,628.8376116304469,1.979347555006647,0.001888789170137,-2.723816516062323,0.0143645516571681,12.067944448290293,76969349.69119547,1.0766148616795652,0.833816219527326,-0.4964835671797994,0.0320603705575797,0.2490710045778547,0.2685340769534897,4232.4160849524005,3.6265883562190355,0.7354229724878756,0.9928498300168287,0.9999754694370169,A2,1.1440850012992598
D25-1729,945301206524.1736,24454899871.167835,30526917116741.92,0.9673396302869015,2.6698252562409487e+25,1.3348476032674442e+25,3.754824390549504e+27,3.7815226431119134e+27,632.9755687978161,1.9923723093318828,0.0019012180206696,-2.7209680779033185,0.0284482865873528,12.062273220235785,76933178.59866382,1.0761089156641837,0.8344167212501131,-0.4965106059552031,0.0318562295814085,0.2492966401822023,0.2687291193197681,4264.273743901299,3.629845076330382,0.6791346585815045,0.9929398141748429,0.9999025828591434,C,0.3124504427909498
D25-3476,886826890234.6411,20920085312.3056,29580041046175.207,0.9373349382137808,2.6638282009723627e+25,1.3318558878434549e+25,3.730382349267399e+27,3.7570206312771224e+27,628.8742645504205,1.9794629248035416,0.0018888992615772,-2.723791203172787,0.0332551225109381,12.067887794543267,76968988.35359696,1.0766098074413497,0.833819246279009,-0.4964838163066864,0.0320583317292133,0.2490725825015127,0.2685360083173008,4232.702520159735,3.626617746765304,0.6873346583674451,0.9929097323054443,0.9999125918126786,C,0.19317797137839854
D25-5375,767489250468.1808,15664900374.917994,26220277153715.594,0.8308704449551167,2.71813801971734e+25,1.3590237486088566e+25,3.832430337322838e+27,3.859611717520012e+27,646.0466200528961,2.033515130410965,0.0019404784904575,-2.712091166903549,0.0444113900088331,12.042589145705168,76807633.57130757,1.074352844672237,0.8363659704964691,-0.4961026404221929,0.031146938093207,0.2500498421037913,0.2690311432486452,4366.571444108775,3.6401405703065546,0.7172375530509241,0.9929574832427344,0.9999333959612148,A1,0.00788743986873186
D25-8017,1258093326676.9006,46987412919.53382,32783103354819.95,1.0388338579239216,2.6958101209423256e+25,1.347798825836529e+25,3.791758662239364e+27,3.818716763448787e+27,639.201359755078,2.011968790015167,0.0019199179303412,-2.716717335443169,0.0148060928826064,12.052275214330546,76869411.31700023,1.0752169657723971,0.8352211299725673,-0.496028745756315,0.0314961084657046,0.2496368612677321,0.2686763882083103,4313.363520292253,3.6348160610219393,0.6599880546308853,0.9929405339857997,0.9998423831684209,A2,1.0574176204791899
D25-8788,1191368026536.361,40930448721.04279,32823472867120.93,1.0401130905747247,2.6735514775158517e+25,1.336678934293829e+25,3.730320723247481e+27,3.7570562380226393e+27,628.8802246363763,1.979481684943435,0.00188891716341,-2.723787087214602,0.0169971261429717,12.067878582485084,76968929.59908986,1.076608985608038,0.8338197384366192,-0.4964838568131675,0.0320580002090971,0.2490728390770241,0.2685363223633159,4232.749097288351,3.6266225257637212,0.6596504297109668,0.9928839194621081,0.9998551777211856,A2,0.7912855469421896
D24-2793,1065180953018.1536,33298304940.68541,24048244694004.457,0.762042889636869,2.710291449382219e+25,1.3551337398997906e+25,3.903231841167847e+27,3.930334755661669e+27,657.8846968065463,2.0707770050904473,0.001976035573485,-2.7042052413125734,0.0208929553993591,12.023431028032544,76685443.09679157,1.072643695753253,0.8377254764346688,-0.4953852867348476,0.0304554846259215,0.2506618166278454,0.2690852165513165,4460.765598743474,3.649409402832101,0.7372581654074625,0.993104171481887,0.9999823123297974,A2,0.32365561312006896
D24-4696,1124776335094.7363,38288473161.20837,23900427987572.547,0.7573588608630741,2.732369187471366e+25,1.3661714345175147e+25,3.96930404098418e+27,3.9966277328588933e+27,668.9812414815194,2.105704811832926,0.0020093653759974,-2.696941085475917,0.0181699593261619,12.01276044797514,76617386.13718544,1.071691743652233,0.8385733774621148,-0.4958108072765181,0.0300698849067065,0.2510237612135765,0.2697371827683021,4544.067333790036,3.6574447581071876,0.7386407956431498,0.9931633132477995,0.9999807359979332,A2,0.5739873236156754
D25-0075,1061044504484.0068,33908843789.048832,30830806924700.676,0.9769693172072869,2.737425780846369e+25,1.3686335247386275e+25,4.003446470298892e+27,4.030820728107356e+27,674.7046848293254,2.123720088570788,0.0020265564243878,-2.693241299911861,0.0205167715044498,12.006757442258875,76579098.96672712,1.071156198829619,0.8389729129118553,-0.4959206181439636,0.0298528054196327,0.2512099181745702,0.2700070643147432,4587.5277323146365,3.661578702645391,0.6765237486032276,0.993208763263129,0.9998840354565086,A2,0.3262642444761017
D25-3708,1280317366867.5583,52049425395.95946,31917932309409.004,1.0114182418627844,2.7711141266629034e+25,1.3854476151739745e+25,4.04827631582256e+27,4.0759874570891895e+27,682.2649822719677,2.1475171006792357,0.0020492646843082,-2.688401944229039,0.0133661417913367,12.005576007890888,76571563.77832808,1.0710507997863827,0.8389882377243518,-0.4961800207986693,0.0298100698455804,0.2512321736336899,0.2702398360768356,4639.845607320029,3.6665035294763175,0.6672654763442102,0.9932013673843788,0.9998420281408698,A2,1.1680619512199302
D25-4313,882615208439.1425,22931360739.413734,28050494390953.777,0.8888665294874698,2.7621315544389987e+25,1.3810080436499202e+25,4.0493448400615795e+27,4.0769661556059695e+27,682.4288031210822,2.1480327479483505,0.0020497567398722,-2.688297676895379,0.0303383653462941,12.005597262346974,76571699.339249,1.0710526959554776,0.8389731272369543,-0.4961867663031074,0.0298108387120486,0.2512284001556613,0.2702442684595935,4640.943263139235,3.6666062590770414,0.7007902782649614,0.9932250319256613,0.9999163962250615,C,0.545925779725577
D25-4611,823523747884.4829,18956586015.85524,27487008810069.137,0.8710107489184582,2.732530614861834e+25,1.3662141275735723e+25,3.907984272530677e+27,3.935309578679295e+27,658.7174146629332,2.073398092033349,0.0019785367414174,-2.7036558804767026,0.0366996462030725,12.022821391090831,76681554.83237733,1.07258930834747,0.8376938452044508,-0.4954324676295478,0.0304334635679045,0.2506642821671827,0.2691396160924904,4466.864779848371,3.650002805784006,0.7058134584452292,0.993056376988316,0.9999250834520103,C,0.2297536309174184
D25-8899,858698260735.9927,21046540076.46021,28074381373323.18,0.8896234622824036,2.7388311711469533e+25,1.369360542532649e+25,3.9503739332885623e+27,3.977762245000032e+27,665.8234148505293,2.095765144889374,0.0019998804650578,-2.698995961794621,0.0330553144351795,12.015808413951714,76636826.06418402,1.0719636611674597,0.8380868618452594,-0.4956651324841253,0.0301800633213562,0.250864791662202,0.2695325525123839,4520.323588035448,3.655169524959184,0.7005781299253934,0.993114643353585,0.9999196141345751,C,0.4039030832093262
D24-2509,932995305964.4176,26549639683.45023,22580235765629.633,0.7155244938027491,2.780836394594845e+25,1.390408662318648e+25,4.132357368836889e+27,4.160165732782838e+27,696.3552831814867,2.1918681416137185,0.0020915865926509,-2.6795241507190077,0.0262037454479529,11.994942587240589,76503743.82142046,1.0701021627793383,0.8388032976357576,-0.4968124407709769,0.0294252418097994,0.2513591784451879,0.2710510860373325,4744.068804138254,3.676150979057911,0.7511050194446214,0.9933155634337321,0.9999862848265278,C,0.2029731582884171
D24-4971,684357156603.8591,14960047267.980495,17021501964280.363,0.5393788489707824,2.938580037598431e+25,1.4692844639896743e+25,4.20947131328631e+27,4.238857113662294e+27,709.5271523655542,2.233328300138195,0.0021311498811776,-2.671386005809313,0.0465038637604461,11.978393557035783,76398194.10677423,1.068625777804149,0.8400897425194388,-0.496864944743077,0.0288256461926381,0.2519155587017263,0.2716112443277996,4847.170710188962,3.685488315201928,0.8059355200704118,0.993067518062529,0.9999924388126651,C,0.2472595301721503
D24-8548,799482633456.047,19297646718.503265,20476000250811.43,0.6488452940277913,2.825354173726841e+25,1.4126697961625308e+25,4.207136693096538e+27,4.235390234833806e+27,708.9468439010757,2.231501704338149,0.00212940685512,-2.6717413521584863,0.0360510278868841,11.978651640321676,76399840.16197164,1.0686488021313103,0.8400632637642119,-0.4968289747683123,0.0288350032853859,0.2519054156142147,0.2715757932129596,4842.997609367283,3.6851142546672593,0.7714078032109103,0.9933291762575032,0.9999896782310252,C,0.5002985880037185
D25-3832,851273704796.65,22043888931.31886,26718668263545.82,0.8466635062091483,2.8081028654857077e+25,1.403997214482378e+25,4.188984500877891e+27,4.217065529532748e+27,705.8795369309277,2.2218469597116695,0.0021201938308359,-2.6736244334983894,0.031559767070482,11.980972823754314,76414644.66990502,1.068855881356026,0.8398953882055756,-0.4966762569747187,0.0289191512786858,0.2518301876467818,0.2713867629900096,4820.175792846941,3.6830628773407565,0.7127208838347057,0.9933410973914915,0.9999227718221386,C,0.6805983670046727
D25-4056,1160478914497.9402,43027275402.64067,31001379345383.535,0.9823744310525367,2.785402202771353e+25,1.3926085493612897e+25,4.159791255473713e+27,4.187645277501427e+27,700.9549860234721,2.206346300053439,0.0021054023516849,-2.6766648963039423,0.0161688136999096,11.988138765283368,76460349.0449773,1.0694951749143584,0.8392335924165623,-0.4967290122519675,0.0291788295687942,0.251565389437501,0.2712014763497858,4780.827324141521,3.6795030579549866,0.6750626534973687,0.9933485240076655,0.9998670987275678,A2,0.7472374022533499
D25-4976,912825276806.1168,26138739851.45642,27782432728836.945,0.8803721679987371,2.815761771578751e+25,1.4078196811982726e+25,4.243567182535624e+27,4.271724800251411e+27,715.0287570304662,2.250645310985991,0.0021476746104833,-2.6680315170023507,0.0266156671650426,11.972898538136668,76363146.87623566,1.0681355518972149,0.8406379267736278,-0.4970183013651621,0.0286263703942195,0.2521280216974892,0.2719010922155545,4889.23999368163,3.689241355605728,0.7031754344265865,0.9934083727223882,0.999913058084532,C,0.26403876829304274
D24-0269,767054555349.2104,18724825945.809216,19086097704565.367,0.6048019400894037,2.896081332373296e+25,1.448033883713608e+25,4.4020979942018454e+27,4.4310588075255785e+27,741.6991074161525,2.334593681520326,0.0022277822058952,-2.6521272692439464,0.037153883406628,11.95021489351235,76218470.59082176,1.0661118809212466,0.8418731413843935,-0.4972943828042726,0.0278027832244072,0.2527721779426506,0.2728298354134604,5090.879033454713,3.706792777703757,0.7851183752781078,0.9934641324835168,0.9999906322502813,C,0.6125354957916391
D24-0942,693450409761.593,15160759668.832825,17071310349462.64,0.5409571814543134,2.937974205889898e+25,1.4689814180543096e+25,4.435759387980135e+27,4.465139130039034e+27,747.4036908772779,2.3525495943303656,0.0022449166063544,-2.6487997874324933,0.0458882018577344,11.946540665938876,76195036.36735815,1.0657840928685467,0.8420714578550476,-0.4974258345452694,0.0276692339843004,0.2528762559338459,0.273047059249522,5133.190218098791,3.7103873579954234,0.8054268669676663,0.9934201956079604,0.9999922601517361,C,0.41454776531797766
D24-1612,611841073502.9612,14960080776.667915,11907909365124.05,0.3773388776435486,3.220626466458578e+25,1.6103086709741828e+25,4.4261832572502426e+27,4.458389521914829e+27,746.2738980808858,2.348993425666401,0.0022415231382176,-2.649456773751852,0.0465037595976774,11.94726597784633,76199662.40670389,1.0658487999594903,0.8420323131245038,-0.4974207869627469,0.027695600562373,0.2528557082018018,0.2730201280871563,5124.808463175643,3.7096776385199193,0.8599031167199629,0.9927762559762267,0.9999943337208108,C,0.3992777091521651
D25-3562,1185080910898.6812,46803854762.44275,30617106652786.055,0.9701975642249745,2.832397633285896e+25,1.4161028835850962e+25,4.308449898238763e+27,4.336773874571622e+27,725.9170892456934,2.28491774213468,0.0021803790219062,-2.661468005104332,0.0148641603032717,11.965031007293558,76312967.7645183,1.0674336676064218,0.8415424068995052,-0.4970859069245698,0.028340896636106,0.2524595887113759,0.2722011558907613,4970.222316441967,3.6963758150199735,0.678358733378887,0.9934688832869671,0.9998645295297858,A2,0.8703371348634761
D25-5606,521956310157.2713,14960605765.32632,4592739528474.835,0.14553513348527247,3.764680065220589e+25,1.877982201987143e+25,4.3088113593927344e+27,4.346458160044941e+27,727.538107201791,2.290020105397756,0.0021852479437128,-2.6604992797566047,0.0465021277154699,11.964483363429222,76309474.89195158,1.0673848107753536,0.8416069600733169,-0.4972223826761307,0.0283210183632179,0.2524830379074964,0.2723224230797075,4981.777156741806,3.697384296913477,0.9434479775796368,0.9913385107446159,0.9953804679508323,C,0.32276592639613266
D25-6310,787735639347.3385,19928415870.528015,24242143118421.85,0.7681871599368092,2.8902558589752135e+25,1.4450805635815884e+25,4.397152016733376e+27,4.426054575323128e+27,740.8614668613585,2.33195709974875,0.0022252662520478,-2.652618018446085,0.0349099499187421,11.950797048828676,76222183.5774293,1.0661638166148562,0.8418403015225396,-0.4972684770967904,0.0278239393865103,0.252755368341323,0.2727915634142699,5084.634222419165,3.706259716177412,0.7354484248458109,0.9934699046073914,0.9999344496045991,C,0.6949626484652018
D25-7276,766385934514.2362,18873165700.786896,23381490162348.17,0.7409147134873428,2.9057876087018084e+25,1.4528486566804413e+25,4.431572585590878e+27,4.460630461677896e+27,746.6490009838799,2.3501741104730747,0.0022426498047651,-2.6492385372649627,0.0368618604334615,11.94702503763071,76198125.69000867,1.0658273050132696,0.8420453167682411,-0.4974224640092161,0.0276868420680492,0.2528625338010444,0.2730290739871521,5127.591181918669,3.7099133919954563,0.7435153368434584,0.9934857020018449,0.999937853313933,C,0.645108260571944
D25-7844,1217440147894.4316,50393043802.694786,30545569074423.27,0.9679306751598116,2.854443080511792e+25,1.427121090425533e+25,4.375613264481109e+27,4.4041576952862265e+27,737.1962263208842,2.320420282026463,0.0022142572625873,-2.6547719221965407,0.0138054768575578,11.95274842470408,76234629.45276262,1.0663379042796763,0.8418311794945348,-0.4970454496329936,0.0278948470079448,0.2527220081067741,0.272559419260029,5057.82731105708,3.703963997184087,0.6789741179364093,0.9935187536913883,0.9998592471340587,A2,0.9904569433231529
D24-0202,765220873424.8978,19999717073.381542,18297834269511.574,0.5798233791388311,2.9673730215037864e+25,1.4836797565728585e+25,4.6238166888361975e+27,4.653490419051235e+27,778.9311404123121,2.451786311407395,0.0023396130814737,-2.6308559590320995,0.0347854920870823,11.920008208481264,76025812.3536935,1.0634170586036689,0.8434350423663953,-0.4970361772385814,0.0267036226868501,0.2536133869698096,0.2735950377116729,5373.563792511947,3.730262408990718,0.7930021456164656,0.9936233391405397,0.9999908954509745,C,0.8717604605319682
D24-1087,873273933192.9296,26333453480.92965,20169000619383.02,0.6391170627482134,2.9313490414113467e+25,1.4656660192095415e+25,4.619181891923477e+27,4.64849538233759e+27,778.0950390575457,2.4491545744665912,0.0023371017507981,-2.63132237924311,0.0264188668039236,11.920788873517685,76030791.43529578,1.0634867039010767,0.8433432128451327,-0.4970659003911395,0.0267320645645681,0.2535798925019906,0.273592868817086,5367.0928059413545,3.7297391050242714,0.7744154245912355,0.9936939831056963,0.9999883992705065,C,0.33568037052765565
D24-1795,1143236118803.8115,47190609365.70054,21802330649767.41,0.6908741681803245,2.9273553362329234e+25,1.463664136619708e+25,4.6762588404799793e+27,4.7055323938423085e+27,787.6422606947053,2.479205686955906,0.0023657779757879,-2.6260260155891504,0.014742339828857,11.915114181697977,75994598.25086969,1.062980448873576,0.8441258084305551,-0.4976818495483703,0.0265252767298758,0.2538496143629302,0.2742473673463321,5438.123226265462,3.7354490443476154,0.7585476450972455,0.9937789072708039,0.9999815104487104,A2,0.7712255074302483
D24-2709,808540763075.4604,21634889624.48893,19526769699376.793,0.6187659929581715,2.914347692312005e+25,1.457166410856339e+25,4.5069578124079527e+27,4.536101289331073e+27,759.2817932662235,2.389937454863579,0.002280593911177,-2.641952039508892,0.0321563923863297,11.935865365430756,76126949.30071735,1.064831719643,0.842720336468352,-0.4972523576712312,0.0272809796010507,0.253195418859907,0.2732543841206353,5224.101600460506,3.718011614685524,0.7807452262246519,0.9935752146911565,0.9999897949558396,C,0.7823264684745297
D24-6188,934161149087.1494,29659297293.011658,21201054661674.89,0.6718208818691818,2.8941417187467297e+25,1.4470613037545802e+25,4.527248540310099e+27,4.556189957497566e+27,762.6443636800853,2.4005215792927115,0.0022906937946191,-2.6400329606556485,0.0234563885019595,11.931924801479475,76101816.38383609,1.0644801709818734,0.8430840386916724,-0.4972008899546957,0.0271375758604271,0.253341589606634,0.2733406539207677,5250.7035731726255,3.7202175010200147,0.7643508612604506,0.99364789057141,0.9999867932442652,C,0.08021377278663433
D25-5948,1156779891598.3186,46307985869.01621,29727964827367.3,0.942022359981979,2.875216675624748e+25,1.4375162901440138e+25,4.4941814022755184e+27,4.522933569031766e+27,757.0776955963587,2.3829997729355985,0.0022739736395333,-2.643214574068502,0.0150233266885718,11.938823885979566,76145818.74477768,1.0650956574830426,0.8425425974306734,-0.4973150539651417,0.0273886140202461,0.2531074089737848,0.2732080619153474,5206.355404533745,3.716533811287523,0.6860471348019668,0.9936430269608397,0.9998719515285802,A2,0.7905214680828809
D25-7900,998978895299.9976,34140633314.411663,28106885546175.098,0.8906534573660575,2.88507297274254e+25,1.4424649494760315e+25,4.506880102976791e+27,4.535730832704216e+27,759.2197838546108,2.389742272236152,0.0022804076584737,-2.6419875091398892,0.0203774778749147,11.935948467506131,76127479.32575412,1.0648391334100895,0.8427154338119709,-0.4972541188468343,0.0272840033153796,0.2531929668525483,0.2732530826652499,5223.6022181744775,3.717970097625869,0.7002895525643126,0.9936392323990213,0.9999008228235462,A2,0.18775599200468562
D25-8520,806470425263.2975,21823588546.416912,23881654988857.945,0.7567639804312731,2.9318918991624046e+25,1.465896601919336e+25,4.5690171262160406e+27,4.598336045207665e+27,769.699046769051,2.4227271049566204,0.0023118833812004,-2.636034076903114,0.0318783502777421,11.926706346583206,76068533.07850769,1.0640146181182186,0.8431185184729445,-0.4970177029273403,0.0269475946173635,0.253433417499757,0.2733668985449574,5303.912456888152,3.7245963472586765,0.7388165777383693,0.9936240155779437,0.9999326769165506,C,0.7677470325816209
D25-8539,1057157397026.4938,39778129716.85369,28245547360611.4,0.8950473851183677,2.919158614732817e+25,1.4595004412234286e+25,4.650990476821928e+27,4.680182062969256e+27,783.3989593534291,2.4658493482451296,0.0023530327113973,-2.628372035305661,0.0174895100637483,11.917928121357118,76012545.5580157,1.0632314882506533,0.8437387615703201,-0.4973951157773382,0.0266278300217732,0.2537160877545051,0.2739369691617755,5406.27232290676,3.73289791804731,0.6990598248679352,0.9937627242370977,0.9998919388875955,A2,0.44211990942616364
D24-4293,780337104922.9744,21866083560.158607,17838954910044.77,0.5652823697000016,3.017365535331497e+25,1.5086757788156494e+25,4.8182339034055257e+27,4.848407558758841e+27,811.5576242440562,2.5544823808002324,0.0024376106378878,-2.6130356634925165,0.0318163972110492,11.88474370531226,75800895.3524816,1.060271014274067,0.8474944476714728,-0.496860371919792,0.0254168888118478,0.2551080932733308,0.2745918426262684,5631.916046659375,3.7506561722803053,0.7976280061853955,0.993776584375873,0.9999907352057389,C,0.8001594127973357
D24-8485,690021003728.5105,16516425187.196384,16081527560321.07,0.5095928575151808,3.0319316457617036e+25,1.5159601871933735e+25,4.7153578027084704e+27,4.745677119166087e+27,794.3619428820741,2.500356754039035,0.0023859613469914,-2.622336596258416,0.0421217056424116,11.907444028588973,75945678.01434048,1.062296173198966,0.8452472839904387,-0.4976378664037399,0.0262456169841597,0.2542288237463354,0.2744598954722607,5491.5859239828005,3.739697783169782,0.8155951857523223,0.993611171662908,0.9999925649161184,C,0.6841434888777842
D25-1085,946473073996.9524,31923589165.413048,26402618487169.816,0.8366484931417414,2.943139951466048e+25,1.471504811326961e+25,4.712355152943008e+27,4.741786552457668e+27,793.7107148166563,2.4983069296404996,0.0023840053054085,-2.622692782443921,0.0217926623599623,11.908498033248469,75952400.45605873,1.0623902038837734,0.8451139947005399,-0.4977038451240301,0.0262840574881405,0.2541814450601365,0.2744767609623941,5486.112586318225,3.739264715976316,0.7155817739651399,0.9937931833942618,0.9999114394535904,A2,0.00743437810922476
D25-1475,559849076422.931,14960191696.945154,8634919091087.531,0.27362407442541675,3.527063859567233e+25,1.7618344226210462e+25,4.838515785045251e+27,4.8737864236409233e+27,815.8057017911893,2.567853753235471,0.0024503702481854,-2.6107682892700903,0.0465034148019681,11.879637470019642,75768327.78378527,1.059815472833118,0.8478936666970223,-0.4969846654025852,0.0252302557302918,0.2552819046135455,0.2748523945246175,5666.264098618609,3.7532968126658437,0.8963273114377481,0.9927631956901953,0.9980767291468842,C,0.6667265688211854
D25-2326,915550805811.7004,29806182009.943623,25873915909359.24,0.8198949194285763,2.9491207634654636e+25,1.4744988600474042e+25,4.70959112562887e+27,4.739082333263525e+27,793.2580652243855,2.496882156619349,0.0023826457180812,-2.622940529252758,0.0233407955359028,11.908855496929572,75954680.35941681,1.062422094212175,0.8450547984175495,-0.4977162225241284,0.0262970937395443,0.2541621918314436,0.2744747902802273,5482.65472495868,3.7389908966646708,0.7203932988047431,0.9937770214651778,0.9999165593767663,C,0.1180768020094698
D25-8271,1182698753083.397,51553798350.92132,28980254793876.53,0.918328858781293,2.94974454353325e+25,1.4747766680993478e+25,4.756950828978571e+27,4.7864482744139033e+27,801.186480937013,2.521837868500476,0.0024064596653664,-2.6186214131287686,0.0134946409819203,11.896623853045051,75876666.93472135,1.0613308752688602,0.8464717321619452,-0.497105917087449,0.0258507985120433,0.2546826394984317,0.2743985054897029,5548.845124313446,3.744202603243662,0.6925799865741595,0.9938372998632384,0.9998703650854102,A2,0.9029970275863128
D25-8725,854804921366.8324,25661400360.128178,24701561343257.84,0.7827452449887773,2.956149671104031e+25,1.478020225635305e+25,4.685792487809848e+27,4.715353984520888e+27,789.2862616786997,2.4843803922660106,0.0023707159298747,-2.6251204820736715,0.0271107574113903,11.91273299605446,75979411.04883534,1.0627680166848783,0.8444686265914243,-0.497699891479024,0.0264384761237535,0.2539661060113786,0.2743376661495793,5451.652674364381,3.7365281790753393,0.7311781819366147,0.993730800103644,0.9999261094258318,C,0.40416725477112614
D24-0071,1066198486101.4775,45372650834.81542,20311782484374.176,0.643641547024304,3.0564971552620084e+25,1.5282365731437312e+25,5.126552804127332e+27,5.157117775679952e+27,863.2315248367902,2.7171326531506597,0.0025928193945097,-2.5862277334040034,0.0153330252299513,11.835824725853392,75488890.10149294,1.055906816168144,0.8507096962962257,-0.4965981227635169,0.0236255933780673,0.2566377565800216,0.2759740237041786,6040.135664946776,3.7810466932363793,0.7730151599038544,0.9940732453897487,0.999984289999476,A2,0.570825897687472
D24-6215,1017536115417.6908,40931119028.32926,20002501695011.445,0.6338410302117856,3.048473549269242e+25,1.5242256979654403e+25,5.116723695451831e+27,5.147208430944523e+27,861.5728350146502,2.7119117128264083,0.0025878373207363,-2.587063028207028,0.0169968477900272,11.836111021101978,75490716.09258841,1.0559323573628996,0.8508281570611935,-0.4965298481132484,0.0236360983446227,0.2566600515470054,0.275911688238265,6028.237975028997,3.780190388500244,0.7760514867581921,0.9940774235390545,0.9999854660524254,A2,0.37694991681958
D24-7731,1000788668430.094,38824867518.94275,20217831365450.586,0.640664415717627,3.0278967341263847e+25,1.5139376029613668e+25,5.018935085147658e+27,5.049214052488921e+27,845.1699060106661,2.6602813764430566,0.0025385691566057,-2.5954110008931455,0.017918927853664,11.84747159436023,75563173.82882954,1.0569458656748942,0.850539013015397,-0.4963258589051845,0.0240527443171379,0.2564083595169122,0.2753841520083803,5902.134795326124,3.771009123869096,0.7739362552926196,0.9940032315868371,0.9999857801949815,A2,0.2986044269247241
D25-0272,676675496697.483,17704676903.152172,17397795259532.078,0.5513028639545491,3.168594727883928e+25,1.5842610580469666e+25,5.131270057759561e+27,5.1629560050384e+27,864.2087651967461,2.720208643328978,0.0025957546531113,-2.585736358803624,0.0392947018353176,11.835526744584335,75486989.5769589,1.0558802324310257,0.8506776996770974,-0.4966267201637118,0.0236146593491395,0.256635346805335,0.2760059390819947,6047.278025568647,3.7815599358946144,0.8021006777967948,0.9938628283394401,0.999954168877821,C,1.0394818053205181
D25-1209,992383954131.785,37220953174.64224,26320231442345.938,0.8340378052306239,2.9993034187695e+25,1.4995809856594473e+25,4.929511520482532e+27,4.959504554670227e+27,830.1537535854552,2.6130160983510153,0.0024934663422173,-2.603196489682615,0.0186910850115994,11.86079615582072,75648157.88182455,1.0581345868324366,0.8496308162423529,-0.4962665850206696,0.0245409102334618,0.2559840584500472,0.2749066103547523,5784.253302956646,3.762247303246979,0.7163294285504364,0.9939524132184835,0.9999056842469761,A2,0.23949761350953924
D25-1915,551390325771.5194,14960140338.8325,8043074410811.737,0.2548696482245715,3.5729163007644344e+25,1.783306693336768e+25,5.079762901847243e+27,5.115492064854888e+27,856.2639457759847,2.6952012986590557,0.0025718914353217,-2.589747367799069,0.0465035744480384,11.838096342555604,75503378.47281966,1.0561094734070895,0.8510982473246226,-0.4964210604801433,0.0237089383042371,0.2566890578643322,0.2757626223819246,5989.083512611892,3.7773603689889748,0.9030766374985403,0.9930154983030635,0.9964780508191627,C,0.8117341042956498
D25-8692,1022870352032.4252,40423892914.48737,26518864433333.14,0.8403321048917897,3.020391712231522e+25,1.51012134307477e+25,5.003437331860067e+27,5.033641248982381e+27,842.5632300529579,2.652076527387978,0.0025307396928015,-2.596752523270715,0.0172101188144269,11.8495517372356,75576440.98008867,1.057131441001632,0.8504290447848384,-0.4963206737653007,0.0241289897224805,0.2563493279276743,0.2753126464856436,5881.865789323014,3.7695151106808416,0.7145281801895589,0.9939995888406984,0.9999013248984916,A2,0.38144585369481376
D24-3045,696217152511.9484,19306928988.88081,14354296456824.918,0.4548602066324726,3.1873081154359395e+25,1.5936483330042687e+25,5.232815339177505e+27,5.264688420331864e+27,881.237390835905,2.7738084406384953,0.0026469021721125,-2.5772621096608037,0.0360336954883226,11.819319457646756,75383619.50087102,1.054434335322428,0.8517858988602413,-0.4963699338385356,0.0230195393196234,0.2571535358729321,0.27633521924374,6183.358475155233,3.791224425096467,0.8336479544944118,0.9939458751193581,0.9999928156388658,C,1.197112942829274
D24-6299,979722457931.9796,38318843470.515686,19546430720287.258,0.6193890131152958,3.066938632138788e+25,1.5334589401568329e+25,5.168705475212016e+27,5.199374861533404e+27,870.3047875085206,2.739396660449634,0.0026140647870957,-2.5826836530487034,0.0181555583882719,11.830700860252763,75456210.08669214,1.055449701878422,0.8509865733277219,-0.4965388837646101,0.0234375415592197,0.25678475150766,0.2760950257853905,6094.904108541168,3.7849668772293747,0.7805506824611893,0.994101331960446,0.9999864674927026,A2,0.23581263442976397
D25-3344,955739110891.558,37550072881.863815,24480493862300.227,0.7757400392393663,3.1071693381607946e+25,1.5535183970764557e+25,5.280250604724668e+27,5.311322298106276e+27,889.0432690747339,2.7983784500033067,0.0026703480634018,-2.573432127338485,0.0185272609773285,11.812304355828122,75338877.18147177,1.0538084985938534,0.8526532563098687,-0.4963560674411317,0.0227616966827094,0.2574664007313999,0.2765538828446572,6245.541416808815,3.7955700926926137,0.7332298765443308,0.9941499137808515,0.999914688683038,A2,0.17022555543136786
D25-3637,985637737405.0172,38794690250.23757,25509147117100.21,0.8083360939076549,3.066228592418908e+25,1.533044400540291e+25,5.140775652744369e+27,5.171437938668558e+27,865.6285257722469,2.7246775230076703,0.0026000190742426,-2.58502346594921,0.017932866469935,11.83492227484222,75483134.26894368,1.0558263060054789,0.8507032150905817,-0.496652841488116,0.0235924782850355,0.2566510560819882,0.2760459244299561,6057.831523921795,3.7823171908772366,0.7237317707995157,0.9940708394284465,0.9999088228674242,A2,0.2664953481049359
D25-4971,684357156603.8591,18640916880.636868,17021501964280.363,0.5393788489707824,3.2035924637154805e+25,1.601759199794134e+25,5.269961060857752e+27,5.301996985494907e+27,887.4823383038578,2.7934652189119635,0.002665659620661,-2.5741953066498997,0.0373211255891953,11.814297675127705,75351590.5719645,1.0539863281481074,0.852404889787098,-0.4964244158026262,0.0228349774340759,0.257377051269061,0.2765418784545048,6232.472226877543,3.794660351878466,0.8059355200704118,0.9939577625704432,0.9999537628984986,C,1.2022704338991934
D25-8548,799482633456.047,26434552053.400745,20476000250811.43,0.6488452940277913,3.1715274011720904e+25,1.585715095913447e+25,5.372852957025848e+27,5.404568231037569e+27,904.651372742387,2.8475069710419225,0.0027172288743275,-2.565873779075234,0.0263178282194685,11.800418924203768,75263071.89857164,1.05274816620841,0.8536697817827106,-0.496276297329189,0.0223244935914599,0.257893624435994,0.2768812790974166,6367.996956118921,3.804002847138364,0.7714078032109103,0.9941317654517552,0.9999387005985048,C,0.49013580145372604
D24-0067,758985392582.5963,25297643566.955,14715439837366.898,0.4663041497885422,3.2642614189453327e+25,1.632124051149469e+25,5.61490506444379e+27,5.647547678633244e+27,945.3228346277732,2.975525647330476,0.002839390486995,-2.546774877045994,0.0275005851101782,11.759302762489448,75000833.0191577,1.0490800791579156,0.8556323327146331,-0.4953015073854213,0.0208086403470533,0.25902077149379,0.2774724934535853,6700.904919026888,3.826133455656417,0.8298405874797495,0.994220037430945,0.999991840976956,C,0.6195697399517437
D24-1496,1001639519732.3644,42591889358.35438,18966624385467.41,0.6010160590623942,3.139599402855296e+25,1.569788921530146e+25,5.433214713000185e+27,5.464610707028737e+27,914.7016683453412,2.8791415737769954,0.002747416142297,-2.5610755544070987,0.0163340957745876,11.792791850379883,75214426.4217229,1.052067733756545,0.8540301493237457,-0.4962898536541289,0.0220437012718543,0.2581014977534971,0.2771424433584398,6447.074019911315,3.8093626564457104,0.7863082218786246,0.9942546695982991,0.999986265988627,A2,0.3751069189560061
D25-0269,767054555349.2104,25472530270.281063,19086097704565.367,0.6048019400894037,3.2381574607328477e+25,1.6190335138794897e+25,5.530255496777619e+27,5.562637071384948e+27,931.1099513549844,2.930788762584272,0.0027967003878255,-2.553354057362385,0.0273117743945397,11.776993382830543,75113663.79569322,1.0506583085617025,0.8545361848216012,-0.4959908289178075,0.0214614992501682,0.2584778183423232,0.277428795468373,6580.343390234081,3.818248557533796,0.7851183752781078,0.99417873677686,0.9999441469727848,C,0.5907210564360188
D25-0942,693450409761.593,19992239971.846275,17071310349462.64,0.5409571814543134,3.2387979593022783e+25,1.6193610803802102e+25,5.393361025656739e+27,5.425749005249762e+27,908.1967468865724,2.8586664938091473,0.0027278778306936,-2.5641750836649977,0.03479850186771,11.79668925137625,75239284.04527773,1.0524154317305114,0.8539067724768227,-0.4961768102158644,0.0221872075876215,0.2580090988317375,0.2769260674888699,6396.9965214309705,3.8059761145562767,0.8054268669676663,0.9940306896685259,0.9999531945067792,C,1.114724324372797
D25-8485,690021003728.5105,20401748273.98589,16081527560321.07,0.5095928575151808,3.290091331635252e+25,1.6450080945677712e+25,5.57044074379426e+27,5.603341657110612e+27,937.9233465753762,2.952234803535623,0.0028171652373607,-2.550187679258668,0.0341000188149111,11.768372008610235,75058676.67091608,1.0498891718082597,0.8551433034127162,-0.4956508993974367,0.0211434565818647,0.2587589269410874,0.2774469442967395,6638.210516075838,3.82205102097412,0.8155951857523223,0.9941283406706779,0.9999543229801284,C,1.0818484591540924
D24-1284,919528093341.8934,38056656400.76786,17325952750873.992,0.5490263122314115,3.229914292832773e+25,1.6149478485801974e+25,5.703601422815191e+27,5.735900565743519e+27,960.1119088318968,3.0220761674096517,0.0028838112447177,-2.5400331690775237,0.0182806390733255,11.748641603306876,74932836.14589125,1.0481289675193204,0.8565095035781068,-0.4953636167564474,0.0204147239033979,0.2593978283350546,0.2778739117588659,6818.09418882536,3.833662996512198,0.8028314199328198,0.9943689499917017,0.9999884854125333,A2,0.10012391601285486
D24-3404,671938502356.2263,20723466567.75664,11575562111934.62,0.3668074286997306,3.387371726211663e+25,1.693680483950372e+25,5.840849842607089e+27,5.874723559869205e+27,983.3489939856726,3.0952178924495284,0.0029536066163243,-2.5296473477973453,0.0335706382774024,11.73252557748644,74830048.13320851,1.0466912120686025,0.8573963469501423,-0.4956743745928231,0.019818577883131,0.2598683375541642,0.2786537080493211,7002.30639289897,3.8452411098329105,0.8635331675990224,0.9942339895797803,0.9999936480093593,C,1.0774223407846009
D25-0202,765220873424.8978,25942364934.43177,18297834269511.574,0.5798233791388311,3.2764012821943854e+25,1.63815561323696e+25,5.680442523813687e+27,5.71320653663563e+27,956.3132363556008,3.010119355445538,0.0028724014764382,-2.5417548587138383,0.0268171387519353,11.752825154946413,74959518.83824821,1.0485021937873915,0.8562327726089634,-0.4955077486944855,0.0205693434792472,0.2592652110000203,0.2778485747018818,6786.284581189403,3.831632067724185,0.7930021456164656,0.9942652147070395,0.9999450291722591,C,0.585812458184817
D25-0371,1039511699730.2094,48466644259.08134,24374762192044.383,0.7723896047875752,3.2089207694474845e+25,1.6043837708708051e+25,5.684033114276727e+27,5.716122321971202e+27,956.801299248636,3.0116555964021083,0.0028738674318608,-2.5415332692356123,0.0143542019596218,11.752539433732291,74957696.50834456,1.048476703803846,0.856245842812593,-0.4955049893537065,0.0205587852812501,0.2592729373817466,0.2778558683931851,6790.078162549507,3.831874773598405,0.7342131907589029,0.9943861929666667,0.9999045034760743,A2,0.5334446405935269
D25-1612,611841073502.9612,17150618327.187237,11907909365124.05,0.3773388776435486,3.448429038625239e+25,1.7241841042785802e+25,5.862551907285287e+27,5.89703619767154e+27,987.0838267335442,3.1069737606277874,0.0029648246343245,-2.5280009895164173,0.0405641351657376,11.730485576110896,74817037.0044353,1.0465092178766198,0.8575241156441481,-0.495851750402865,0.0197430580500707,0.2599314891692945,0.2788615249768176,7031.346622704703,3.847038507779959,0.8599031167199629,0.9941522674729606,0.9999647207500125,C,1.4208204639273543
D25-2509,932995305964.4176,39102508257.93559,22580235765629.633,0.7155244938027491,3.224095915100268e+25,1.6119843910249729e+25,5.68967134252846e+27,5.721912301679462e+27,957.77046327198,3.0147061652684206,0.0028767784322169,-2.5410935859272215,0.0177916975404976,11.751972550684696,74954080.92826699,1.0484261305917724,0.8562717727280654,-0.4954995159041778,0.0205378366072537,0.2592882671182324,0.277870341742178,6797.611723550449,3.832356354254789,0.7511050194446214,0.9943653524466743,0.9999211387993798,A2,0.15457969098857305
D25-2709,808540763075.4604,29815097048.96291,19526769699376.793,0.6187659929581715,3.2823982813664263e+25,1.6411495720187909e+25,5.746180683246665e+27,5.779004666060329e+27,967.3269502293743,3.044786441549173,0.002905482486707,-2.5367817380016353,0.0233338163836095,11.74067441741968,74882021.43430273,1.0474181927250985,0.857179005561144,-0.4951917381547529,0.020120112940972,0.2596830281947257,0.2780029051347867,6878.656926359862,3.837503649512938,0.7807452262246519,0.9943201321489777,0.999939596401033,C,0.35396282453914285
D24-0025,756946571304.2136,27084397087.872257,13629737848655.344,0.43190032983038457,3.3605872063363257e+25,1.6802869760665637e+25,5.944103755327182e+27,5.977709627390545e+27,1000.5874639935968,3.1494782019971264,0.0030053844280495,-2.522099968152993,0.0256863757292761,11.723216610891653,74770675.54426695,1.0458607332885772,0.8576942206072946,-0.496527207481498,0.0194738577711747,0.2600915612458966,0.2796377529629845,7136.379380193661,3.853477929701175,0.8413394010991607,0.9943781357479498,0.9999921120029863,C,0.5610206080284028
D24-0082,1033051469732.4862,50286449867.22865,17804130008151.508,0.564178835150693,3.276377895149499e+25,1.638177578232498e+25,5.93872167168882e+27,5.971485450640315e+27,999.5456212782154,3.146198867566025,0.003002255128527,-2.5225524046299004,0.0138347408066558,11.724344230351065,74777867.50117908,1.0459613313542646,0.8576593233002714,-0.4965757640776416,0.0195156291871955,0.2600647791447283,0.2796383831569911,7127.577535916359,3.852941950392226,0.7979801679291363,0.9945132950214286,0.9999861197166989,A2,0.5167775982742198
D24-1690,873708745613.9183,37728262054.30822,15431328881529.96,0.48898930468508256,3.3662852917594283e+25,1.683134137029874e+25,6.137517825508125e+27,6.171180678425719e+27,1032.971892207445,3.2514123700873125,0.0031026549413905,-2.5082665213487463,0.0184397574157688,11.711342347808486,74694941.49432252,1.044801397279731,0.8585386142299937,-0.4972951356317082,0.0190337447411739,0.2604826325801437,0.280644654318272,7382.298514346139,3.8681916025654233,0.8223446234281675,0.9945451519455137,0.9999898893812166,C,0.008644749255651618
D24-2126,567765810102.164,15155490762.13646,6981116250170.6455,0.2212182247753519,3.556384182794765e+25,1.77759752926607e+25,6.049623291967762e+27,6.08518713379571e+27,1018.5777399142496,3.2061049177005847,0.0030594203789822,-2.5143608447777104,0.0459041551949009,11.7149555015711,74717986.18902048,1.0451237367680368,0.8584586187723776,-0.4967269597250254,0.0191677115133804,0.2604039591211415,0.2800728177601443,7274.93882338181,3.8618293455920463,0.9153147443947157,0.9941556699825327,0.9993314969728011,C,1.3465354728082026
D24-6830,905713266624.4188,40151132691.31089,16123525307290.469,0.5109236858091385,3.3439792011608603e+25,1.671980543547037e+25,6.07786393655313e+27,6.111303728564739e+27,1022.9493034322152,3.2198649781689883,0.0030725508942004,-2.5125009146620565,0.0173270329718632,11.713852655627171,74710952.2375901,1.0450253488165124,0.8584797191665617,-0.496867122635462,0.0191268251050767,0.2604272123332806,0.2802208891776363,7307.53742975862,3.8637710485243075,0.8151611344322818,0.9945282065011254,0.9999891662193005,A2,0.11946943258029563
D24-6940,685223311886.1,21769208725.0655,11612149091946.54,0.36796680013519845,3.397403189320141e+25,1.698696027513119e+25,5.920303282245854e+27,5.954277314139055e+27,996.6652127714262,3.1371324099784275,0.0029936034761885,-2.523805725538669,0.0319579828916315,11.726427072887995,74791151.87087965,1.0461471475253126,0.8576555218964163,-0.4964937433511532,0.0195927752231314,0.2600291562084578,0.2795038531887551,7104.513394840385,3.851534337411586,0.8631327981663373,0.9942941804520045,0.9999934454306468,C,0.9753232319818919
D25-1087,873273933192.9296,36882526476.68754,20169000619383.02,0.6391170627482134,3.336560046502384e+25,1.6682233466103144e+25,6.028190020249178e+27,6.061555620714202e+27,1014.6221453440128,3.19365417318978,0.0030475392763771,-2.516050688530267,0.0188625906752817,11.715957605569086,74724377.60831963,1.0452131372505962,0.858269338313059,-0.4966526452923079,0.0192048597230888,0.2603440231078659,0.2799803337829898,7245.447358005769,3.860065205420073,0.7744154245912355,0.9944955383481092,0.9999320561120771,C,0.028236747117764693
D25-3045,696217152511.9484,23731056754.533543,14354296456824.918,0.4548602066324726,3.455642209222765e+25,1.7277829398533751e+25,6.139954791846633e+27,6.17451121393886e+27,1033.529378651344,3.253167130631644,0.0031043294187726,-2.508032199409913,0.0293160143349745,11.711203452273567,74694055.61860082,1.044789006023063,0.8585418720483362,-0.4973163998445656,0.0190285940146139,0.2604856992800143,0.280666200700003,7386.457884704608,3.868436225957377,0.8336479544944118,0.9944033752802623,0.9999558242286465,C,0.8353217027477546
D25-4293,780337104922.9744,28923942414.45444,17838954910044.77,0.5652823697000016,3.353726821404263e+25,1.6768168183681377e+25,5.965472128169445e+27,5.999009396383487e+27,1004.1527562491192,3.1607004195908783,0.0030160932108514,-2.5205552409412224,0.0240527376949945,11.719432105036606,74746537.96592347,1.045523107003909,0.8578075477509018,-0.4963553292194138,0.0193336355596172,0.2601806067795157,0.2796285883148646,7166.433930526895,3.8553031013360606,0.7976280061853955,0.994409532308074,0.9999444307280542,C,0.4518116069691871
D25-6188,934161149087.1494,42910259951.45051,21201054661674.89,0.6718208818691818,3.345355899705598e+25,1.6726142457275675e+25,6.114944345008777e+27,6.148397904005833e+27,1029.1583649703446,3.239408800846066,0.0030912005550557,-2.5098728172827114,0.0162129057429884,11.71229454257734,74701014.59255826,1.0448863452212591,0.8585162779391456,-0.4971328579676252,0.0190690537699104,0.2604616097257065,0.2804839026075658,7353.848670149025,3.8665146885739854,0.7643508612604506,0.9945589795066354,0.9999238326790273,A2,0.22994525056314696
D24-1616,945172774982.835,44389883498.68642,16236357663544.932,0.5144991274223937,3.3585851878819333e+25,1.6792828425060972e+25,6.19383524606037e+27,6.22742109793919e+27,1042.3857751563708,3.2810437818436196,0.0031309306676416,-2.5043265494364375,0.0156724898820828,11.70819357554962,74674858.62485547,1.044520486555915,0.8586659579628805,-0.4975690643207812,0.0189169623737084,0.2605643733959111,0.280968206409692,7453.583811131373,3.872365139212663,0.813996143285797,0.9946067800216796,0.9999883863261475,A2,0.2687106515775488
D24-2022,622833257303.3718,18953256310.74357,8727943780564.325,0.27657184895443016,3.5350354448981408e+25,1.767513014935318e+25,6.189013838450187e+27,6.224364192899169e+27,1041.8740907400436,3.2794331890933455,0.0031293937621413,-2.5045397874559256,0.0367060935911918,11.708573653657146,74677282.76302527,1.0445543943801443,0.8586403611274066,-0.4975687482220652,0.0189310604619022,0.260552171815905,0.280955130611346,7449.441345647577,3.8721237050167874,0.8952710659475074,0.9943206481251033,0.999994673319362,C,1.345657129669565
D24-5748,889269729186.9742,41690104182.14046,14790297897151.43,0.4686762585605822,3.453020536690903e+25,1.7265014946605025e+25,6.460972730730483e+27,6.495502936097392e+27,1087.2590365400206,3.4222881644348746,0.0032657128889378,-2.4860219997068307,0.0166874133238081,11.671059253752276,74438015.92043203,1.0412076305101554,0.8616157107417663,-0.4966796119827773,0.0175373421843279,0.2618611279309613,0.2815171110240896,7824.001577097303,3.893428929321031,0.829053572061249,0.9946839827944631,0.9999898365616186,A2,0.1058625728510112
D24-5979,717881508765.7118,27014273899.56196,11378451444711.75,0.3605613685676905,3.521412402823769e+25,1.7607001609607542e+25,6.39944534164311e+27,6.434659465671348e+27,1077.074665339518,3.390231541449604,0.0032351229088342,-2.490109214959886,0.0257530519823181,11.677505396483047,74479129.41876888,1.0417827088173346,0.8613666571927701,-0.4965514148185869,0.0177771448728957,0.2616957297453575,0.2811963703057524,7742.159402014394,3.8888621086908404,0.8656933370213076,0.994527430050323,0.999993138627668,C,0.6522224521731044
D24-6339,709056201670.2675,26303413837.156055,11012014846677.27,0.3489496934708999,3.530136372405054e+25,1.7650622752067095e+25,6.416547596105257e+27,6.451848959829307e+27,1079.9519533710466,3.399288176938518,0.0032437651884511,-2.488950591282974,0.0264490383000117,11.676133223745447,74470377.70104848,1.0416602934740735,0.8613114054726234,-0.4966398603072074,0.0177261098236228,0.2617062196706088,0.2813133252620821,7764.666417270475,3.8901228024662977,0.8697235491840298,0.9945284888186557,0.9999933022689226,C,0.7006223196103898
D24-0535,859334188931.3074,40353334995.46187,13708710139714.275,0.43440281072433506,3.514677846051315e+25,1.7573306559382643e+25,6.660813316273172e+27,6.695960094733686e+27,1120.8128443529988,3.5279031057606356,0.0033664957741245,-2.4728219263543756,0.0172402107552755,11.653433727185334,74325600.31198806,1.03963520830286,0.8626785770946117,-0.4971761734127776,0.0168809789020103,0.2624011761950463,0.2825140319444536,8089.873473231966,3.9079417292381216,0.8404976481529478,0.994751047204096,0.9999905914011304,A2,0.008775361948266891
D24-2729,638248182897.0905,22579487355.567757,7801683674829.055,0.24722043738525917,3.690374760391649e+25,1.84518246582079e+25,6.753691763514713e+27,6.790595511118629e+27,1136.653528693152,3.5777637044882136,0.0034140751689887,-2.4667269210895806,0.0308111512473488,11.645999971057588,74278187.8154053,1.0389720222599073,0.863164045627979,-0.4975173969782779,0.0166038529068077,0.2626377277383396,0.2830417849565105,8214.686358905845,3.9145909864933213,0.9058439984067388,0.9945654622568092,0.9999946733193621,C,1.0278233654353874
D24-4409,968902937903.8326,50167726428.42798,15536359910420.258,0.4923175371517561,3.462886561084835e+25,1.7314331018260474e+25,6.572538863955283e+27,6.607167729566131e+27,1105.9502074865472,3.4811210377060755,0.0033218540621247,-2.478619451176053,0.0138674811383474,11.659579626011777,74364798.85470311,1.0401835010169405,0.8623698662910271,-0.4969386169636595,0.017109960884567,0.2622268868457164,0.2821143157914832,7974.18377779465,3.90168624045133,0.821250570212645,0.9947588941240452,0.9999882425758362,A2,0.3482863292977507
D24-7020,967309325471.8478,50493788746.62355,15341417507091.08,0.48614018515638324,3.4775927884643753e+25,1.738786244435407e+25,6.633917027893007e+27,6.668692955777651e+27,1116.2486953529594,3.513536857627846,0.003352786805318,-2.4745940613095097,0.0137779322421417,11.655121208318713,74336363.06665674,1.0397857531843666,0.8625795587820698,-0.4970460172362134,0.0169438625726497,0.2623500557790739,0.2823522435520953,8054.59720277073,3.9060438269417084,0.8232823409108859,0.9947851958224415,0.9999883255594874,A2,0.3401128383252816
D24-8289,778528725677.1812,32356944435.63104,12400268208845.3,0.39294078791940135,3.5159777335723135e+25,1.7579819061805815e+25,6.534534907657243e+27,6.569694684992966e+27,1099.677728397604,3.461377600101668,0.0033030139190512,-2.48108959616798,0.0215007940995165,11.662085466526776,74380781.10550778,1.0404070540131451,0.8622501573226723,-0.4967088650644835,0.0172032880726613,0.26215726341191,0.2818454016976061,7925.550564416734,3.899029441083215,0.8545533748124973,0.9946481870130072,0.999992081203531,C,0.36719598727023683
D24-8842,887516902417.056,42080602660.29155,14479996405998.7,0.4588433976601104,3.4737291284615287e+25,1.736855820538664e+25,6.548824968662186e+27,6.583562259946802e+27,1101.9989722384255,3.4686840147243423,0.0033099860532663,-2.480173836134317,0.0165325579012318,11.660436203931448,74370262.10867476,1.040259918713629,0.8623594564044411,-0.4967399723534508,0.0171418654138532,0.2622100496101556,0.2819263787482917,7944.527019719882,3.900068046434494,0.8323207804317111,0.9947236329037319,0.9999899316869452,A2,0.10337735981719032
D25-0067,758985392582.5963,31915763706.588383,14715439837366.898,0.4663041497885422,3.580346916174201e+25,1.7901290692657844e+25,6.717600018813173e+27,6.753403487974915e+27,1130.4280887775626,3.558168328753907,0.0033953763137128,-2.469112085326924,0.0217980057251892,11.64990197689182,74303074.80861603,1.039320131044257,0.8628883517776315,-0.497449336934367,0.0167493394066904,0.2625087746548335,0.2828535954781329,8164.222823334967,3.911914849256213,0.8298405874797495,0.9946984554935162,0.9999504095868638,C,0.42562285416771317
D25-2126,567765810102.164,16778405488.78078,6981116250170.6455,0.2212182247753519,3.7251338941317728e+25,1.8606324594280208e+25,6.587275590351413e+27,6.62452692929273e+27,1108.855901927075,3.4902670860341045,0.0033305816637972,-2.4774799132451615,0.041464011610948,11.659222777436565,74362522.87449041,1.040151665563845,0.8623484626470448,-0.4970351735216148,0.0170966688325636,0.2622280258774739,0.2822036782399184,7995.623992120224,3.902852362486229,0.9153147443947157,0.9943767548477164,0.9979249277025384,C,1.7303590942324556
D25-3404,671938502356.2263,24783141948.53207,11575562111934.62,0.3668074286997306,3.642175434474496e+25,1.8210518562008537e+25,6.708730186544285e+27,6.745151940889031e+27,1129.046891782838,3.55382083292362,0.0033912277229205,-2.469643046114813,0.0280715012424486,11.650407376420612,74306298.24681066,1.0393652191407523,0.8628401712511092,-0.4974093436493475,0.016768179691016,0.2624892283351809,0.2828042507369062,8153.540033353136,3.911346207899673,0.8635331675990224,0.9946003063142348,0.9999606165810797,C,0.8538768293722967
D24-1787,755909140534.571,32225802404.47999,11238049665422.48,0.3561123046563262,3.605242579254701e+25,1.8026146783896693e+25,6.788071652669922e+27,6.824124078462469e+27,1142.2657558271349,3.5954289138369173,0.003430932166145,-2.464587868408451,0.0215882909994906,11.642139214463027,74253563.9098452,1.0386275934348628,0.8634666144412065,-0.4975393601276889,0.0164598564039535,0.2627721666850905,0.2831917666874658,8260.722479046519,3.9170180321801595,0.8672353186829569,0.9947169152585705,0.999992664889212,C,0.42114598978058915
D24-3809,665560136711.1346,25452063520.30229,8478343785658.306,0.26866250239746703,3.7037964071954696e+25,1.8518929137586263e+25,6.881502093280179e+27,6.918540057352134e+27,1158.0697093087165,3.6451738974458032,0.0034784012354711,-2.458620323339484,0.0273337365925188,11.631183258701729,74183686.82399963,1.037650182174224,0.86459025731378,-0.4977990540298536,0.0160509666557818,0.263214443392119,0.2837769533870097,8390.799752953728,3.92380335674547,0.898107954817893,0.9946465636153113,0.9999942871330745,C,0.8378599438721004
D24-5407,870035312612.2291,43627587341.8605,13294394829892.982,0.4212739508040213,3.590347624377427e+25,1.7951653653856124e+25,6.9192513167635e+27,6.955154793007274e+27,1164.1985191334863,3.6644651174959297,0.0034968098506823,-2.456327983088131,0.015946332180796,11.627263701323937,74158687.88704407,1.0373005075678967,0.8647622719764069,-0.4977146880011107,0.0159045904029117,0.2633202567724639,0.2838440626069337,8440.894058896818,3.9263884495025634,0.8449231687444706,0.9948378609373479,0.9999905894757384,A2,0.08314915946425483
D24-7051,725547729823.241,30934285355.327007,10033545320648.24,0.3179438652067407,3.682657942454488e+25,1.8413228173969652e+25,6.974634650414614e+27,7.011461229839158e+27,1173.6234524855474,3.694131311822528,0.0035251187681443,-2.452826246195761,0.0224896095710256,11.622865005220971,74130633.00329937,1.0369080876643453,0.8651822926734034,-0.4978118029164077,0.0157402618960041,0.2634908872718443,0.2840739230538814,8515.67039480237,3.9302188434087486,0.8805773156643798,0.994747659836181,0.9999933159041012,C,0.5260584989791983
D24-7586,582915067905.5955,19312393254.26124,4888130277344.109,0.15489550147489384,3.8383721323075663e+25,1.918551123747135e+25,7.023305279552984e+27,7.06168900087606e+27,1182.0308996813062,3.7205948371317494,0.0035503715439296,-2.4497261959491157,0.0360235000831134,11.618526066349087,74102959.25117448,1.0365209988694466,0.865637309960497,-0.4979485153483734,0.0155781048869451,0.2636685537660805,0.2843339440034927,8583.080933162866,3.9336432076735117,0.9399221741623546,0.9945645126373713,0.9993385399953255,C,1.3892320420073867
D24-8373,550904476618.8374,16294496521.485432,3815269112861.829,0.12089858268251798,3.837689947947782e+25,1.9158757312390356e+25,6.858327650596822e+27,6.896704550076299e+27,1154.4147417355125,3.633669415214067,0.0034674231020996,-2.45999316160409,0.0426953971288815,11.633497360112951,74198446.16280042,1.037856629592128,0.8643281585510302,-0.4977351255332011,0.0161373638424219,0.263115340437573,0.2836458954888019,8360.990387036214,3.9222577241075838,0.9527912608327465,0.9944354728840671,0.9969099586119824,C,1.835949046860116
D25-0025,756946571304.2136,34002279368.93108,13629737848655.344,0.43190032983038457,3.6831074645336314e+25,1.841509551589488e+25,7.06905131643411e+27,7.105882391079447e+27,1189.4282734222904,3.743879025858507,0.003572590442976,-2.447016767886677,0.0204603930357587,11.61454166315611,74077546.72760968,1.036165539187737,0.8658607168877733,-0.498050438077201,0.0154291444175402,0.2637873633415867,0.2845539646049205,8642.722256241852,3.9366505566747603,0.8413394010991607,0.994816818993293,0.9999520191926619,C,0.3742925058513853
D25-2022,622833257303.3718,22385515153.385223,8727943780564.325,0.27657184895443016,3.7771978834078503e+25,1.888567558278908e+25,6.989604721803223e+27,7.027376700637302e+27,1176.2874862972951,3.702516702127135,0.0035331205131409,-2.4518415487243748,0.0310781322311804,11.621743480910157,74123479.92124496,1.0368080333638023,0.8653769059526442,-0.4978781836523508,0.0156983535265705,0.2635543852683268,0.2841661149927892,8536.647676053304,3.9312873576190017,0.8952710659475074,0.9946250243237063,0.999966765941858,C,1.0795379301954977
D25-6940,685223311886.1,27063051524.46166,11612149091946.54,0.36796680013519845,3.692913964374509e+25,1.8464198678742432e+25,6.911119270534785e+27,6.948048410178531e+27,1163.0090070935908,3.660720974804284,0.0034932370086367,-2.4567719474138303,0.025706635460941,11.627912616905274,74162826.67062184,1.0373583991302782,0.8647544456570619,-0.497724138769361,0.0159288276266947,0.2633074507027254,0.2838293132143711,8431.328503683695,3.9258960107292977,0.8631327981663373,0.9946849622421101,0.9999598002364788,C,0.7408583820228207
D24-1838,788909318251.6659,38024428966.15254,10969822735741.018,0.34761270615449263,3.7077944674863807e+25,1.8538901103789468e+25,7.208439487365963e+27,7.245517432040826e+27,1212.8012841955117,3.81744859433131,0.0036427940834795,-2.4385653774641174,0.0182961327471683,11.602123050147805,73998340.8138427,1.035057640209292,0.8667922398321076,-0.4984877879215998,0.0149645354236663,0.2642116980806384,0.2853382676708837,8831.432727358608,3.9460311650850675,0.8701887973207286,0.9948826367443547,0.9999923152839938,C,0.19817371071608836
D25-1284,919528093341.8934,51273226477.7388,17325952750873.992,0.5490263122314115,3.6660378750372256e+25,1.8329569519440176e+25,7.267449745038732e+27,7.304110123789104e+27,1222.6089055922305,3.8483193486770833,0.0036722524503715,-2.435067470707531,0.0135684849148717,11.596431507964422,73962040.15779708,1.0345498819140195,0.8673356900115149,-0.4986665414097189,0.0147514354732219,0.2644329483288754,0.2856811795296565,8911.591523746876,3.949955271742543,0.8028314199328198,0.9949808562399722,0.9999323700619931,A2,0.2005919324424461
D25-5979,717881508765.7118,32583701397.22687,11378451444711.75,0.3605613685676905,3.809140197672603e+25,1.904529829162098e+25,7.408876186090271e+27,7.446967588066997e+27,1246.5213062949008,3.923586716579029,0.0037440762132061,-2.4266553194857505,0.0213511654651736,11.582046699615296,73870293.85014637,1.0332665731850608,0.8680039491444452,-0.4986883859184627,0.0142123799204484,0.264831534944082,0.2862011459320634,9108.472135321677,3.95944553406987,0.8656933370213076,0.9948849781436186,0.9999577134779174,C,0.508080700631977
D25-6339,709056201670.2675,31446260844.423397,11012014846677.27,0.3489496934708999,3.806272761445022e+25,1.9030969740837285e+25,7.389113550502514e+27,7.427176278116965e+27,1243.2085096108206,3.913159261389339,0.0037341258311296,-2.4278110514526827,0.0221234570126442,11.5832899028254,73878223.00022039,1.0333774827983604,0.8679492490995201,-0.4986017324965037,0.0142589940753657,0.2647977601743244,0.2860872883591407,9082.31528072868,3.9581965737931033,0.8697235491840298,0.9948752088022205,0.9999585885454785,C,0.5675921384888616
D25-8373,550904476618.8374,17194646914.5636,3815269112861.829,0.12089858268251798,3.979987684195608e+25,1.9896363433493268e+25,7.291068914958604e+27,7.33086879180056e+27,1227.087943456958,3.862417698525058,0.0036857057776775,-2.43347933656978,0.0404602667014204,11.59438484447812,73948986.53808145,1.034367293376622,0.867713667066887,-0.4988099255478554,0.014674779727498,0.2645542186391787,0.2858687813158754,8947.397201094296,3.9516967173717417,0.9527912608327465,0.9945709194950438,0.9996407681989199,C,1.7096297541595842
D24-3015,672842682134.3916,29282150942.2205,6981208194801.673,0.22122113832489393,3.890951324021764e+25,1.9454702701445444e+25,7.555948016200442e+27,7.59485752944066e+27,1271.276075364176,4.001505547650506,0.0038184301304377,-2.41811515170089,0.0237585005750688,11.564858304501392,73760666.26610988,1.031733148689502,0.8694784096701398,-0.4984084163368032,0.0135673842701438,0.2654630616411072,0.2865756601874101,9316.991368666895,3.96927569315534,0.9153136776693956,0.9948768606798232,0.9999944570353673,C,0.7175273567659239
D24-7610,893019593135.8524,51316163582.69525,11922131686530.898,0.37778955581320817,3.768597389204961e+25,1.8842898566161892e+25,7.604446941870851e+27,7.642132915762901e+27,1279.1893334275553,4.026413548874026,0.0038421985499059,-2.4154201962415045,0.0135571319332726,11.562082305246818,73742960.94286421,1.0314854940813547,0.8694499982095615,-0.498680142539795,0.0134631248106535,0.2655042546442497,0.2868945465363648,9379.48876513984,3.972179167533706,0.8597481148664818,0.9950686576238006,0.9999906193801824,A2,0.1226291974940672
D25-1187,577765100341.1715,16452783963.709583,1909888303615.7695,0.06052070827996329,4.0780019123549695e+25,2.0389734627315404e+25,7.620657885888877e+27,7.661437905012427e+27,1282.4207266265653,4.036584776086632,0.0038519044268539,-2.414324497093945,0.0422846371492221,11.560953943510334,73735764.25170891,1.0313848297950667,0.8695272658681893,-0.4988180308660276,0.01342073926311,0.2655412948821493,0.2870466509329165,9405.018145205515,3.9733596377763525,0.9760823869119499,0.9946772368804465,0.9999730327980961,C,1.8583712495743567
D25-1690,873708745613.9183,48997013579.01788,15431328881529.96,0.48898930468508256,3.766335955287287e+25,1.8831112519780416e+25,7.574340851202833e+27,7.612004210755706e+27,1274.1461971068438,4.010539626320183,0.0038270508852467,-2.417135763269376,0.0141988245646449,11.563849347093443,73754231.13576199,1.0316431367951937,0.8695215658306544,-0.4984729109470912,0.0135294932957214,0.2654902492104816,0.2866636044498405,9339.655635024717,3.9703308635356986,0.8223446234281675,0.99505210999494,0.9999397568803103,A2,0.0864216321956155
D25-2729,638248182897.0905,26503099046.417507,7801683674829.055,0.24722043738525917,3.943178491760421e+25,1.97155648337998e+25,7.602697784072188e+27,7.642129568989793e+27,1279.1887732231585,4.026411785558373,0.0038421968672648,-2.415420386435188,0.0262497604065679,11.562082501124577,73742962.19217256,1.031485511556154,0.8694499847960858,-0.4986801188682044,0.0134631321682061,0.2655042482145616,0.2868945203551226,9379.484339711214,3.972178962624917,0.9058439984067388,0.9948402098444378,0.9999667659418581,C,0.8900290363218026
D25-3809,665560136711.1346,29685063998.247677,8478343785658.306,0.26866250239746703,3.9588676850251926e+25,1.9793985769185394e+25,7.762522160164519e+27,7.802110837014771e+27,1305.9674662741072,4.110701178616845,0.0039226298828631,-2.406422667504726,0.0234360283016761,11.543871765288737,73626814.11901155,1.029860881203653,0.8707225646155061,-0.49841799004891,0.0127785619806884,0.2661083802368978,0.2873219598926422,9606.071656396416,3.9825458219304144,0.898107954817893,0.9949259017620673,0.9999643686340823,C,0.7270781523946717
D25-7586,582915067905.5955,21184821815.39884,4888130277344.109,0.15489550147489384,4.020502114907444e+25,2.010109389799924e+25,7.613200625552401e+27,7.653405646701476e+27,1281.076235596645,4.032352817018691,0.0038478660868282,-2.414780050658007,0.032839549280245,11.561423056843712,73738756.2565492,1.0314266806992278,0.8694951423420779,-0.4987569237979126,0.0134383614420148,0.2655258950762891,0.286980321656866,9394.395500258257,3.9728688398544807,0.9399221741623546,0.9947467803217248,0.9998590646971324,C,1.2706901062744898
D25-8289,778528725677.1812,40803219251.8039,12400268208845.3,0.39294078791940135,3.873101437026953e+25,1.936504314476308e+25,7.77351053141758e+27,7.812241545787849e+27,1307.6632094318652,4.1160387490979184,0.0039277232507731,-2.405859120400446,0.0170501252782706,11.543275573976558,73623011.61082248,1.0298076933198468,0.8707740708192606,-0.4984345208274562,0.0127561319599249,0.2661304259837209,0.2873565076151108,9619.538321375361,3.983154229076222,0.8545533748124973,0.9950422661481644,0.9999520767261009,C,0.18376365005969753
D24-1187,577765100341.1715,18956425142.404575,1909888303615.7695,0.06052070827996329,4.1327815539472605e+25,2.0663866529567383e+25,7.876551018128271e+27,7.917878833667743e+27,1325.345457746266,4.171695908149496,0.003980834003855,-2.4000259316127863,0.0366999576541335,11.535530982056924,73573616.60355905,1.0291167767520708,0.8709458110604037,-0.4986103123236932,0.0124646581652662,0.2663032486264621,0.287773977847854,9762.709474212414,3.9895703654531984,0.9760823869119499,0.9947804435496358,0.9999960084910294,C,1.5268443692626903
D25-0535,859334188931.3074,51597948957.610825,13708710139714.275,0.43440281072433506,3.91888503124731e+25,1.9593874017077004e+25,8.092161360287045e+27,8.131350210599518e+27,1361.0776690769503,4.284167655742634,0.0040881599852184,-2.3884721169491696,0.0134830940774707,11.51435543892254,73438558.98944797,1.0272276477011129,0.8723774880168735,-0.4984812314787236,0.0116666998626698,0.2669966351950089,0.2884192630637134,10062.82909353681,4.002720096722008,0.8404976481529478,0.995180523615698,0.9999437468919342,A2,0.017800963905729716
D25-1787,755909140534.571,39198776672.8943,11238049665422.48,0.3561123046563262,3.9223704895029855e+25,1.961141169833619e+25,7.91553354215557e+27,7.9547572470506e+27,1331.5184036441028,4.191126052186828,0.003999375187054,-2.3980078521745196,0.0177480028472692,11.531317173527135,73546740.93275608,1.028740851182735,0.8712569980012147,-0.4985164696716931,0.0123059859617389,0.2664471233657896,0.2878462917758133,9815.349973460268,3.9919057892985204,0.8672353186829569,0.9950691512415952,0.9999550537844488,C,0.2710068102853098
D25-7051,725547729823.241,36516939745.32747,10033545320648.24,0.3179438652067407,3.964257095116073e+25,1.9820875220228455e+25,7.986026015428283e+27,8.025668586379444e+27,1343.3879994609226,4.228487137186219,0.0040350269413672,-2.394153561202613,0.0190514321531836,11.525301186195108,73508370.9655524,1.0282041482341018,0.8716700640422058,-0.49844091267861,0.0120793516721801,0.2666454962687021,0.2879975357807891,9913.188145091899,3.9962133488495444,0.8805773156643798,0.9950605272913413,0.9999586054233219,C,0.3998004648727118
D25-7421,595957730616.2148,19563285949.26092,1970452792178.508,0.062439881111951104,4.180430672238253e+25,2.0901862981059364e+25,8.087121650166737e+27,8.128925956889119e+27,1360.6718819070536,4.2828903882450575,0.0040869411547959,-2.3886016153667997,0.0355615105664947,11.514671311018343,73440573.621675,1.0272558275286046,0.8723783927904846,-0.4984881664338625,0.0116786136538771,0.2669913707778387,0.2884137273835034,10059.27707739548,4.002566770721963,0.9753333661293041,0.9948573394635297,0.9999722156762629,C,1.4849473434655174
D24-3400,726319169227.6995,38747877032.22556,6707201555782.537,0.21253839188602863,4.0674366896648895e+25,2.0337121795454912e+25,8.351352976052453e+27,8.392027342949101e+27,1404.7114832026214,4.421510718097524,0.0042192193780538,-2.3747678929159877,0.0179545320488501,11.489262043544985,73278513.3137299,1.0249889961636252,0.8733230639260058,-0.4981755072587739,0.010719203019998,0.2676484038251764,0.2890623166050716,10430.840737003333,4.018319314440534,0.9184981791421877,0.9951532132541462,0.9999939369497463,C,0.3623759642073532
D24-4283,621643479363.4294,27505548684.37018,3643445110437.322,0.11545380860513225,4.172494761992954e+25,2.0862426892960858e+25,8.315547587976134e+27,8.357272535596064e+27,1398.8940001332503,4.403199439197083,0.0042017458700834,-2.376570218126633,0.0252930784251297,11.49331111235094,73304338.2745743,1.0253502248443782,0.872999797767913,-0.4982441710968542,0.0108722309899768,0.2675040608072697,0.288974226928222,10380.324573072057,4.016210933289931,0.95486861542016,0.9950073486963347,0.9999955022689228,C,0.9386240427417025
D24-6575,751877626061.9465,41103144810.925446,7766534057086.9795,0.24610661321161872,4.020783230782859e+25,2.010385065655417e+25,8.221464520102667e+27,8.261672352410495e+27,1382.89182692419,4.352830533409112,0.0041536814240374,-2.381566815718161,0.0169257122101051,11.50143009625882,73356121.15393874,1.0260745419618802,0.873031683703735,-0.4981565585418925,0.0111789124198211,0.2673703450661003,0.2886124560126492,10247.099962084721,4.010600972838715,0.9062476687007969,0.9951332090413757,0.9999934841404794,C,0.25321528622313405
D24-6841,773375752485.4583,43386427563.40419,8242687368625.83,0.2611950011606025,4.007097491987921e+25,2.003541865617442e+25,8.227881356316572e+27,8.267952331236451e+27,1383.943010149719,4.356139268301607,0.0041568387789021,-2.381236819080729,0.0160349685159792,11.500753876614272,73351808.22504583,1.0260142145281406,0.8730865188252812,-0.498149892981114,0.0111533775870755,0.2673946238952082,0.2886310686433078,10256.095098523412,4.010982039141637,0.9007946142522294,0.9951534584000333,0.9999931318337979,C,0.18279112540389786
D24-7421,595957730616.2148,22486331307.18121,1970452792178.508,0.062439881111951104,4.236586235391093e+25,2.118288761993568e+25,8.340700945134662e+27,8.383066807488573e+27,1403.211611176153,4.416789677285865,0.0042147143325734,-2.3752318559126326,0.0309387952394805,11.490589440029469,73286979.44850795,1.0251074168929104,0.8731497254684316,-0.4982186301083625,0.0107693757523644,0.2675856668722813,0.289050419710255,10417.296035401547,4.017755005979156,0.9753333661293041,0.9949462573391321,0.9999958875445653,C,1.2661808013246292
D25-1838,788909318251.6659,46406886347.814,10969822735741.018,0.34761270615449263,4.054920702864908e+25,2.027412862337497e+25,8.441920456450064e+27,8.482469663478713e+27,1419.850300203996,4.469162098776983,0.0042646906302054,-2.370112468005907,0.0149913095825005,11.48152970188402,73229196.43861629,1.0242991724754698,0.8736625277014933,-0.4982294654888242,0.01042682185355,0.2678606225024088,0.2893835275973918,10557.46138646731,4.02355950168351,0.8701887973207286,0.9952196460892476,0.9999531552046232,C,0.14841524344033807
D25-3015,672842682134.3916,33947605210.823387,6981208194801.673,0.22122113832489393,4.15749525984213e+25,2.0787116841454815e+25,8.474192645718984e+27,8.515767598317405e+27,1425.4239225866902,4.486705794687779,0.0042814316733621,-2.3684109824184563,0.0204933454268577,11.478427553933468,73209410.93898766,1.0240224212357698,0.8738581639898174,-0.4982232508489389,0.0103094657339231,0.2679594173788969,0.2894895691988506,10604.634373529803,4.025495699510215,0.9153136776693956,0.9951178854849637,0.9999654165291629,C,0.6007519620635602
D24-4082,644037499865.8834,31357775679.107212,3980854410203.584,0.1261456641253956,4.224946001900347e+25,2.1124680079394125e+25,8.585854642529836e+27,8.62810410254884e+27,1444.2275287986408,4.545892572470411,0.0043379105593508,-2.3627194066742523,0.0221858848382388,11.473673147828308,73179087.33684894,1.0235982674543858,0.8744733147138235,-0.4985935316882992,0.0101295421275778,0.2681830448648767,0.2899663211829491,10753.432725612993,4.03154712246711,0.9507936085974017,0.9951032741936293,0.9999952728399775,C,0.7556988005766172
D24-5832,808995637795.76,49193857242.37975,8298699106762.154,0.26296990603728276,4.066002392314001e+25,2.0329937535658725e+25,8.531869424428966e+27,8.572529448352105e+27,1434.9250859281751,4.516611932746104,0.0043099695567381,-2.3655257974465407,0.0141420095718915,11.476311360547143,73195913.8575697,1.0238336297427642,0.8741107053114264,-0.4985116157172858,0.0102293906682604,0.2680540801557258,0.2898037900375003,10679.256914672875,4.028541034613456,0.9001553113179723,0.9952569397202881,0.9999926782493825,C,0.11314023976615317
D25-4283,621643479363.4294,27871254269.9052,3643445110437.322,0.11545380860513225,4.284363097639877e+25,2.1421502708173305e+25,8.697583491112963e+27,8.740427122089361e+27,1463.0288778563424,4.605072245568683,0.004394382665706,-2.357102127122291,0.0249612017192639,11.470479938738537,73158721.04927437,1.0233133923973925,0.8746738123957186,-0.4992769683624562,0.0100086579013461,0.2682846224204455,0.2906471834985089,10899.48982951194,4.0374061704715345,0.95486861542016,0.9950982222747305,0.9999707984172103,C,0.9726169806579055
D24-6867,746453738230.1626,46539170063.28739,5465413663127.154,0.1731885080971669,4.309955944338485e+25,2.1549715048076824e+25,9.255399565306828e+27,9.298499124750212e+27,1556.442557120654,4.899103859194001,0.0046749618525642,-2.330221928596481,0.0149486980333756,11.424892889263376,72867966.84772182,1.0192464450249232,0.8788797107092851,-0.4994104085499906,0.0082792053743767,0.27004586832199,0.2924128226685366,11688.136478030503,4.067745274051283,0.9330696742793267,0.9953648907350364,0.9999939977649569,C,0.29988949526132824
D25-4082,644037499865.8834,32858498419.81504,3980854410203.584,0.1261456641253956,4.38160280846732e+25,2.190768117495255e+25,9.129356516829212e+27,9.173172544913884e+27,1535.4645885497446,4.833072995212795,0.0046119520085037,-2.336115220577351,0.0211726047584835,11.43752694891083,72948546.88015328,1.020373564596784,0.8780752935868424,-0.4996243717069691,0.0087591985672491,0.2696397037208893,0.2921305930608047,11505.142329843897,4.060891995684668,0.9507936085974017,0.9952234597277942,0.999969612733866,C,0.7511676740367825
D25-6575,751877626061.9465,47136451540.20894,7766534057086.9795,0.24610661321161872,4.3069959225889814e+25,2.153454296387743e+25,9.275927137745676e+27,9.318997096971566e+27,1559.8736394783512,4.909903633810098,0.0046852675198449,-2.3292656066811137,0.0147592781651487,11.422798462005131,72854608.59066874,1.0190595953486927,0.8789417362871597,-0.4993492005965214,0.0081995826072826,0.270096930184676,0.292438179353093,11718.198258546183,4.068860841500839,0.9062476687007969,0.9953782624055236,0.999959448281643,C,0.29272787093588004
D24-3129,653937453335.3207,33204882179.582623,1854744838492.2969,0.05877331731476085,4.5159475358422914e+25,2.257968639251424e+25,9.61966065627234e+27,9.664820131630764e+27,1617.7597220767236,5.092107550911888,0.0048591353100204,-2.3134410071775684,0.0209517382485332,11.401268702718497,72717291.78593856,1.0171388656904068,0.8801943810852866,-0.4996985838680194,0.0073802493691969,0.2707633675105765,0.2935200146055631,12198.996521799505,4.086324107480555,0.9767648644128422,0.9953274375784164,0.9999954572917139,C,0.7997490687999305
D24-8049,714867358614.0895,44777259639.69213,3914780117804.2954,0.12405189614559711,4.458105322720564e+25,2.2290466652512276e+25,9.692303940227884e+27,9.73688499345509e+27,1629.8224019040356,5.130076392758214,0.0048953670153117,-2.31021474272713,0.0155369043482801,11.392435712740916,72660954.97586156,1.0163508501071667,0.8809378625677049,-0.4992763625404081,0.0070436547614866,0.2710897682626402,0.2934905445320842,12309.02237530156,4.090223561146415,0.9515902386277587,0.9954214255116322,0.9999946200526989,C,0.4118934697660892
D25-3129,653937453335.3207,29239123498.248104,1854744838492.2969,0.05877331731476085,4.456089064197011e+25,2.2280103409670294e+25,9.371095203084316e+27,9.415656093726286e+27,1576.0530437089965,4.960830397116062,0.0047338643005159,-2.3247841955792605,0.0237934628937041,11.41860898673756,72827888.11741216,1.018685840617302,0.8791076221715197,-0.4996648887044567,0.0080402696564267,0.2702086766583094,0.2928553797916478,11848.431948154215,4.073660878504404,0.9767648644128422,0.9952673621255494,0.9999693088658678,C,0.9841454468581574
D25-3400,726319169227.6995,45517928466.82947,6707201555782.537,0.21253839188602863,4.390105426557177e+25,2.1950116113655653e+25,9.451558025644708e+27,9.49545907991028e+27,1589.4109805346789,5.002876227560737,0.0047739864655154,-2.321118816573562,0.0152840874669193,11.413171216683317,72793206.02000618,1.018200722038916,0.879254817105985,-0.4996385476446789,0.0078334006736291,0.2703382076987625,0.2930325659321182,11960.242780696693,4.077739995475698,0.9184981791421877,0.9953766264594354,0.9999625511103546,C,0.35502233640291525
D25-6841,773375752485.4583,51228317628.9889,8242687368625.83,0.2611950011606025,4.345824010874004e+25,2.1728661362602114e+25,9.42035681621296e+27,9.4638150563217e+27,1584.1142004488802,4.986203928515121,0.0047580769513935,-2.3225685384872072,0.0135803796064214,11.415968334925598,72811046.04015546,1.0184502607306476,0.8791324509942819,-0.4997311399597367,0.0079398236968172,0.2702608912859036,0.2930075666570695,11914.544056873992,4.076077427515676,0.9007946142522294,0.9954079575889735,0.9999577818076214,C,0.2587711115662419
D25-5832,808995637795.76,58080016819.65488,8298699106762.154,0.26296990603728276,4.425723084730108e+25,2.212811925090869e+25,9.806475186602748e+27,9.850732417450048e+27,1648.878915578663,5.190059229425738,0.0049526055391905,-2.305166260948483,0.0119783023162721,11.382297063845456,72596290.67320631,1.0154463530633682,0.8811773333522482,-0.4990187082788357,0.0066569841820058,0.2713241858603481,0.2936475018346693,12475.138735236738,4.096045384084023,0.9001553113179723,0.995507214187556,0.9999551565602002,C,0.27155276405727946
D25-8049,714867358614.0895,47886795687.06581,3914780117804.2954,0.12405189614559711,4.669641520063554e+25,2.3347807859714155e+25,1.043468366621458e+28,1.0481380081415214e+28,1754.4407755708237,5.5223288100185535,0.0052696732435471,-2.2782163132360265,0.0145280132031867,11.341167631645206,72333967.15463312,1.0117770821159446,0.8841503698317836,-0.4990688197703392,0.0050848379275536,0.2727368770251362,0.2952145217311742,13370.252968697852,4.126139624305384,0.9515902386277587,0.9955448218805238,0.9999657589339033,C,0.4852075897059249
D24-7470,714628398208.5393,47880455639.086624,2037228526094.3992,0.06455587643212408,4.776894609365522e+25,2.388441312083426e+25,1.081696767083235e+28,1.0864736616926005e+28,1818.6094568186545,5.724308017347737,0.0054624115721096,-2.262615580512266,0.0145299369171431,11.315161743085085,72168101.59739667,1.0094570245257746,0.8854164048511893,-0.4985667716532943,0.0040878345143308,0.2734923714736777,0.2957602175319641,13923.049393764615,4.1437343638555895,0.9745081950548572,0.9956033038095708,0.9999949820251108,C,0.5487402137707811
D25-7470,714628398208.5393,44224017224.45724,2037228526094.3992,0.06455587643212408,4.760713081203145e+25,2.3803165899393383e+25,1.078576785333918e+28,1.0833374984151212e+28,1813.3599451225623,5.707784501660281,0.005446644034264,-2.263871007140399,0.0157312710075387,11.317087266100458,72180382.58318873,1.009628805785105,0.8853462632508324,-0.4985665564017667,0.0041617329609265,0.2734417676485234,0.2956879308356834,13878.136040028388,4.1423311403342655,0.9745081950548572,0.9956055125127968,0.9999664336068542,C,0.6020672339404065
